task,ep,frames,dur_s,fps,frac_loco,frac_mani,frac_concurrent,conc_given_motion,teleop_lag_ms,track_rmse_rad,grasp_cycles
mop_floor,episode_0000_20260529_204454,248,8.22,30.05,0.8381,0.8704,0.7895,0.859,120.0,0.1895,1
mop_floor,episode_0000_20260602_220915,281,9.34,29.98,0.8214,0.8964,0.7857,0.8429,240.0,0.2033,1
mop_floor,episode_0000_20260602_224413,256,8.5,30.0,0.7765,0.8314,0.7529,0.8807,140.0,0.2198,1
mop_floor,episode_0000_20260602_231631,250,8.3,30.0,0.7871,0.8594,0.7791,0.8981,200.0,0.2049,1
mop_floor,episode_0001_20260529_201500,210,6.96,30.03,0.8517,0.8995,0.8373,0.9162,319.9,0.2189,1
mop_floor,episode_0001_20260529_204614,244,8.1,30.0,0.8395,0.9218,0.8189,0.869,159.9,0.1906,1
mop_floor,episode_0001_20260602_220952,263,8.74,29.98,0.8244,0.8893,0.813,0.9025,120.0,0.1793,0
mop_floor,episode_0001_20260602_224437,222,7.38,29.95,0.8054,0.914,0.7964,0.8627,120.0,0.2312,1
mop_floor,episode_0001_20260602_231705,228,7.58,29.95,0.8018,0.9075,0.7974,0.8744,160.0,0.2115,1
mop_floor,episode_0002_20260529_201534,229,7.6,30.0,0.8553,0.9386,0.8509,0.9023,319.9,0.2057,0
mop_floor,episode_0002_20260529_204644,244,8.1,30.0,0.8189,0.9136,0.7984,0.8546,259.9,0.1779,1
mop_floor,episode_0002_20260602_221036,260,8.64,29.98,0.7954,0.9151,0.7954,0.8692,140.0,0.2056,1
mop_floor,episode_0002_20260602_224457,229,7.6,30.0,0.7939,0.8904,0.7939,0.8916,80.0,0.2122,1
mop_floor,episode_0002_20260602_231731,233,7.74,29.97,0.7888,0.9052,0.7716,0.8364,279.9,0.2346,1
mop_floor,episode_0003_20260529_201603,219,7.26,30.03,0.7982,0.9174,0.789,0.8515,259.9,0.202,0
mop_floor,episode_0003_20260602_221103,230,7.64,29.97,0.8384,0.9389,0.8384,0.893,239.9,0.1965,1
mop_floor,episode_0003_20260602_224518,242,8.04,29.98,0.805,0.8714,0.7925,0.8967,240.0,0.2346,1
mop_floor,episode_0003_20260602_231753,231,7.66,30.03,0.8217,0.9043,0.813,0.8905,320.0,0.2331,0
mop_floor,episode_0004_20260529_201630,295,9.8,30.0,0.6497,0.7993,0.6293,0.7676,100.0,0.1708,1
mop_floor,episode_0004_20260529_204740,237,7.88,29.95,0.8432,0.9322,0.8305,0.8789,319.9,0.2219,1
mop_floor,episode_0004_20260602_221137,239,7.94,29.97,0.8697,0.9454,0.8655,0.9115,239.9,0.1881,1
mop_floor,episode_0004_20260602_224552,235,7.8,30.0,0.8077,0.9274,0.8034,0.8624,120.0,0.2295,1
mop_floor,episode_0005_20260529_201659,219,7.26,30.03,0.7844,0.9083,0.7844,0.8636,479.9,0.1964,1
mop_floor,episode_0005_20260529_204826,224,7.44,29.97,0.8386,0.9193,0.8251,0.8846,160.0,0.1852,1
mop_floor,episode_0005_20260602_221205,239,7.94,29.97,0.8403,0.9034,0.8109,0.8694,239.9,0.1892,1
mop_floor,episode_0005_20260602_224612,218,7.22,30.06,0.8203,0.9263,0.8157,0.8762,200.0,0.216,1
mop_floor,episode_0005_20260602_231907,225,7.46,30.03,0.8125,0.942,0.8036,0.8451,240.0,0.2189,1
mop_floor,episode_0006_20260529_201730,204,6.76,30.03,0.8768,0.9507,0.8719,0.9124,120.0,0.1804,1
mop_floor,episode_0006_20260529_204907,235,7.8,30.0,0.8205,0.8889,0.7949,0.8692,359.8,0.188,1
mop_floor,episode_0006_20260602_221233,227,7.52,30.05,0.8496,0.8805,0.8097,0.8798,0.0,0.1826,1
mop_floor,episode_0006_20260602_224633,228,7.56,30.03,0.8062,0.8987,0.793,0.8696,220.0,0.2135,1
mop_floor,episode_0006_20260602_231926,226,7.5,30.0,0.8089,0.9556,0.8,0.8295,559.9,0.2216,1
mop_floor,episode_0007_20260529_201802,219,7.26,30.03,0.8578,0.945,0.8578,0.9078,299.8,0.1934,1
mop_floor,episode_0007_20260529_204942,238,7.9,30.0,0.8397,0.8987,0.8143,0.8813,539.9,0.2124,1
mop_floor,episode_0007_20260602_221300,234,7.76,30.03,0.7811,0.8927,0.7425,0.7972,239.9,0.2036,1
mop_floor,episode_0007_20260602_224652,232,7.7,30.0,0.8139,0.9048,0.8095,0.8905,140.0,0.2246,1
mop_floor,episode_0007_20260602_231947,227,7.54,29.97,0.8053,0.9204,0.7965,0.8571,160.0,0.2174,1
mop_floor,episode_0008_20260529_205026,250,8.3,30.0,0.8394,0.9357,0.8313,0.8809,120.0,0.1919,1
mop_floor,episode_0008_20260602_221332,215,7.14,29.97,0.8692,0.9439,0.8505,0.8835,220.0,0.1934,1
mop_floor,episode_0008_20260602_224715,232,7.7,30.0,0.7965,0.8831,0.7879,0.8835,140.0,0.2072,1
mop_floor,episode_0008_20260602_232005,255,8.46,30.02,0.7992,0.8819,0.7835,0.8728,239.9,0.2184,1
mop_floor,episode_0009_20260529_202008,224,7.42,30.05,0.8744,0.9507,0.861,0.893,239.9,0.1926,1
mop_floor,episode_0009_20260529_205116,267,8.86,30.02,0.7782,0.8684,0.7519,0.8403,180.0,0.1955,1
mop_floor,episode_0009_20260602_221400,228,7.56,30.03,0.7841,0.8899,0.7709,0.8537,239.9,0.1837,1
mop_floor,episode_0009_20260602_224736,211,7.0,30.0,0.819,0.9143,0.819,0.8958,359.9,0.1831,1
mop_floor,episode_0009_20260602_232029,233,7.72,30.05,0.8405,0.9569,0.8319,0.8616,100.0,0.2321,1
mop_floor,episode_0010_20260529_202044,243,8.06,30.03,0.8058,0.905,0.8017,0.8818,-159.9,0.1935,1
mop_floor,episode_0010_20260602_184423,241,8.04,29.85,0.8042,0.9125,0.7792,0.8311,120.0,0.2033,1
mop_floor,episode_0010_20260602_221434,226,7.5,30.0,0.8044,0.8844,0.7956,0.8905,160.0,0.1795,1
mop_floor,episode_0010_20260602_224759,227,7.54,29.97,0.8186,0.8628,0.7965,0.9,120.0,0.2038,1
mop_floor,episode_0010_20260602_232132,199,6.6,30.0,0.8687,0.9646,0.8434,0.852,220.0,0.2473,1
mop_floor,episode_0011_20260529_202136,222,7.36,30.03,0.8643,0.9412,0.8597,0.9091,239.9,0.2043,1
mop_floor,episode_0011_20260602_184501,227,7.56,29.89,0.8584,0.9248,0.8319,0.8744,100.0,0.2025,1
mop_floor,episode_0011_20260602_221501,225,7.48,29.95,0.8438,0.8929,0.8259,0.9069,120.0,0.1837,0
mop_floor,episode_0011_20260602_224928,220,7.3,30.0,0.8037,0.9315,0.8037,0.8627,200.0,0.2102,1
mop_floor,episode_0011_20260602_232152,200,6.64,29.97,0.8492,0.9397,0.8492,0.9037,319.9,0.2258,1
mop_floor,episode_0012_20260529_202220,221,7.34,29.97,0.8909,0.9045,0.8636,0.9268,199.8,0.1896,1
mop_floor,episode_0012_20260602_184537,259,8.62,29.93,0.8566,0.9147,0.8372,0.8963,-100.0,0.2116,1
mop_floor,episode_0012_20260602_221535,228,7.56,30.03,0.815,0.9251,0.8062,0.8632,240.0,0.1918,1
mop_floor,episode_0012_20260602_224948,229,7.58,30.08,0.8026,0.8596,0.7895,0.9045,160.0,0.1859,1
mop_floor,episode_0012_20260602_232212,227,7.54,29.97,0.7743,0.9292,0.7699,0.8246,359.9,0.2157,1
mop_floor,episode_0013_20260529_202253,261,8.66,30.02,0.8192,0.8615,0.8115,0.9336,239.8,0.1928,1
mop_floor,episode_0013_20260602_184607,245,8.14,29.98,0.7664,0.8607,0.7377,0.8295,459.9,0.2199,0
mop_floor,episode_0013_20260602_221615,248,8.24,29.98,0.8664,0.9109,0.83,0.8761,239.9,0.2088,1
mop_floor,episode_0013_20260602_225015,229,7.6,30.0,0.8114,0.9079,0.8026,0.8756,160.0,0.2093,1
mop_floor,episode_0013_20260602_232237,195,6.48,29.94,0.8454,0.9227,0.8144,0.8541,280.0,0.2355,1
mop_floor,episode_0014_20260529_202340,232,7.7,30.0,0.8485,0.9264,0.8355,0.8894,160.0,0.1967,1
mop_floor,episode_0014_20260602_184635,226,7.52,29.92,0.8444,0.9333,0.8356,0.8868,0.0,0.1986,1
mop_floor,episode_0014_20260602_221644,216,7.16,30.03,0.8233,0.9209,0.8093,0.8657,160.0,0.1986,1
mop_floor,episode_0014_20260602_225037,224,7.44,29.97,0.7668,0.8969,0.7623,0.8458,160.0,0.221,1
mop_floor,episode_0014_20260602_232305,209,6.94,29.97,0.8654,0.9375,0.851,0.8939,200.0,0.2351,1
mop_floor,episode_0015_20260602_221710,235,7.8,30.0,0.8333,0.8846,0.8205,0.9143,359.9,0.201,1
mop_floor,episode_0015_20260602_225101,234,7.76,30.03,0.8155,0.867,0.7983,0.9029,160.0,0.232,1
mop_floor,episode_0015_20260602_232330,214,7.1,30.0,0.8498,0.9859,0.8498,0.8619,60.0,0.2276,1
mop_floor,episode_0016_20260529_202513,207,6.86,30.03,0.8932,0.9466,0.8883,0.9337,319.9,0.1751,1
mop_floor,episode_0016_20260602_184745,246,8.18,29.95,0.8204,0.8816,0.7918,0.87,160.0,0.1884,1
mop_floor,episode_0016_20260602_221736,224,7.44,29.97,0.7892,0.8789,0.7848,0.8883,359.9,0.1873,1
mop_floor,episode_0016_20260602_225128,245,8.14,29.98,0.7869,0.873,0.7664,0.8578,240.0,0.2226,1
mop_floor,episode_0016_20260602_232352,197,6.54,29.97,0.8367,0.9031,0.8163,0.884,279.9,0.221,1
mop_floor,episode_0017_20260529_202544,273,9.06,30.02,0.7684,0.8676,0.7537,0.8542,79.9,0.1714,1
mop_floor,episode_0017_20260602_184830,245,8.16,29.9,0.7828,0.9139,0.7459,0.7845,240.0,0.2001,1
mop_floor,episode_0017_20260602_221805,233,7.74,29.97,0.8362,0.9267,0.8276,0.8848,120.0,0.1816,1
mop_floor,episode_0017_20260602_225149,225,7.48,29.95,0.7812,0.9375,0.7812,0.8333,120.0,0.2209,1
mop_floor,episode_0017_20260602_232417,193,6.38,30.09,0.8542,0.9583,0.8542,0.8913,519.9,0.2333,1
mop_floor,episode_0018_20260529_202617,236,7.84,29.97,0.766,0.8638,0.7532,0.8592,219.9,0.1773,1
mop_floor,episode_0018_20260602_184911,251,8.34,29.98,0.828,0.888,0.808,0.8899,0.0,0.1923,1
mop_floor,episode_0018_20260602_221829,220,7.3,30.0,0.8265,0.9361,0.8128,0.8558,240.0,0.1798,1
mop_floor,episode_0018_20260602_225210,266,8.84,29.98,0.8189,0.917,0.8189,0.893,40.0,0.2163,1
mop_floor,episode_0018_20260602_232440,205,6.8,30.0,0.799,0.9559,0.799,0.8359,140.0,0.2042,1
mop_floor,episode_0019_20260602_184946,252,8.36,30.02,0.7928,0.9124,0.7729,0.8291,80.0,0.2002,1
mop_floor,episode_0019_20260602_221849,220,7.3,30.0,0.8356,0.9269,0.8219,0.8738,140.0,0.2022,1
mop_floor,episode_0019_20260602_225232,239,7.94,29.97,0.7689,0.895,0.7689,0.8592,280.0,0.2198,1
mop_floor,episode_0019_20260602_232520,198,6.56,30.03,0.8629,0.9492,0.8528,0.8889,260.0,0.2084,1
mop_floor,episode_0020_20260529_202726,240,7.98,29.95,0.8452,0.9331,0.8326,0.8805,199.9,0.1829,1
mop_floor,episode_0020_20260602_185025,282,9.38,29.96,0.758,0.8434,0.7295,0.8367,60.0,0.2104,1
mop_floor,episode_0020_20260602_221915,225,7.46,30.03,0.8571,0.9464,0.8304,0.8532,60.0,0.2003,1
mop_floor,episode_0020_20260602_225301,227,7.54,29.97,0.8319,0.9027,0.8097,0.8756,240.0,0.2509,1
mop_floor,episode_0020_20260602_232543,197,6.54,29.97,0.8265,0.9388,0.8265,0.8804,439.9,0.2007,1
mop_floor,episode_0021_20260529_202839,258,8.56,30.02,0.7899,0.8366,0.7432,0.8414,280.0,0.1771,1
mop_floor,episode_0021_20260602_185120,249,8.32,29.81,0.7137,0.8508,0.6855,0.7798,0.0,0.1988,1
mop_floor,episode_0021_20260602_221941,230,7.64,29.97,0.8253,0.8908,0.821,0.9171,280.0,0.1874,1
mop_floor,episode_0021_20260602_225325,224,7.44,29.97,0.8161,0.9327,0.8161,0.875,240.0,0.2205,0
mop_floor,episode_0021_20260602_232605,219,7.28,29.94,0.8028,0.8945,0.789,0.8687,200.0,0.1797,1
mop_floor,episode_0022_20260529_202911,229,7.58,30.08,0.8509,0.8904,0.8377,0.9272,200.0,0.1904,1
mop_floor,episode_0022_20260602_222003,225,7.48,29.95,0.7857,0.9196,0.7812,0.8454,120.0,0.1823,1
mop_floor,episode_0022_20260602_225346,238,7.9,30.0,0.7975,0.8819,0.789,0.8863,180.0,0.2225,1
mop_floor,episode_0022_20260602_232625,211,7.0,30.0,0.8333,0.9381,0.8238,0.8693,240.0,0.2033,1
mop_floor,episode_0023_20260529_203005,255,8.46,30.02,0.7874,0.8583,0.7598,0.8578,439.9,0.191,1
mop_floor,episode_0023_20260602_185204,250,8.3,30.0,0.7912,0.8474,0.7108,0.7662,140.0,0.1888,1
mop_floor,episode_0023_20260602_222026,230,7.64,29.97,0.821,0.8777,0.7991,0.8883,180.0,0.1981,1
mop_floor,episode_0023_20260602_225414,243,8.06,30.03,0.7851,0.8636,0.7727,0.8821,200.0,0.247,1
mop_floor,episode_0023_20260602_232648,214,7.08,30.08,0.784,0.9577,0.784,0.8186,240.0,0.1905,1
mop_floor,episode_0024_20260529_203057,252,8.38,29.95,0.9004,0.8765,0.8167,0.8506,200.0,0.2051,1
mop_floor,episode_0024_20260602_185229,255,8.48,29.95,0.7953,0.9173,0.7874,0.8511,120.0,0.2189,1
mop_floor,episode_0024_20260602_222048,235,7.8,30.0,0.7607,0.8974,0.7521,0.8302,120.0,0.1937,1
mop_floor,episode_0024_20260602_225441,238,7.9,30.0,0.7764,0.8903,0.7637,0.8458,180.0,0.2203,0
mop_floor,episode_0024_20260602_232712,217,7.2,30.0,0.8287,0.9722,0.8241,0.8436,359.9,0.1827,1
mop_floor,episode_0025_20260529_203134,264,8.76,30.02,0.8061,0.9468,0.8023,0.844,80.0,0.2157,1
mop_floor,episode_0025_20260602_185335,243,8.08,29.95,0.7521,0.8884,0.7397,0.8211,279.9,0.1785,1
mop_floor,episode_0025_20260602_222108,211,7.0,30.0,0.819,0.9095,0.8,0.8615,60.0,0.201,1
mop_floor,episode_0025_20260602_225503,228,7.56,30.03,0.8238,0.8899,0.8062,0.8883,200.0,0.2414,0
mop_floor,episode_0025_20260602_232731,178,5.9,30.0,0.8305,0.9944,0.8305,0.8352,60.0,0.188,1
mop_floor,episode_0026_20260529_203209,280,9.3,30.0,0.8566,0.914,0.8172,0.8571,0.0,0.1819,1
mop_floor,episode_0026_20260602_185415,280,9.3,30.0,0.7742,0.8781,0.7491,0.8294,120.0,0.2219,1
mop_floor,episode_0026_20260602_222127,226,7.52,29.92,0.7867,0.8889,0.7778,0.8663,80.0,0.1991,1
mop_floor,episode_0026_20260602_225552,238,7.9,30.0,0.8186,0.9198,0.8186,0.8899,240.0,0.2264,1
mop_floor,episode_0026_20260602_232809,195,6.46,30.03,0.799,0.9278,0.7938,0.8508,180.0,0.1954,1
mop_floor,episode_0027_20260602_185446,268,8.9,30.0,0.7603,0.8839,0.7378,0.814,180.0,0.2156,1
mop_floor,episode_0027_20260602_222146,221,7.32,30.05,0.7727,0.8955,0.7682,0.8535,359.9,0.2069,1
mop_floor,episode_0027_20260602_225615,227,7.52,30.05,0.8053,0.9071,0.792,0.8606,120.0,0.2359,1
mop_floor,episode_0027_20260602_232827,189,6.26,30.03,0.8138,0.9521,0.8138,0.8547,0.0,0.213,1
mop_floor,episode_0028_20260602_185530,244,8.1,30.0,0.9053,0.9383,0.8807,0.9145,220.0,0.2133,1
mop_floor,episode_0028_20260602_222206,225,7.48,29.95,0.8393,0.9062,0.8304,0.9073,280.0,0.2065,1
mop_floor,episode_0028_20260602_225643,225,7.46,30.03,0.7991,0.9018,0.7812,0.8495,160.0,0.2181,1
mop_floor,episode_0028_20260602_232858,225,7.48,29.95,0.8259,0.9241,0.8036,0.8491,279.9,0.2178,0
mop_floor,episode_0029_20260529_203334,225,7.46,30.03,0.9018,0.9241,0.8616,0.8935,80.0,0.2024,1
mop_floor,episode_0029_20260602_185607,257,8.54,29.98,0.7812,0.9102,0.7773,0.8504,-120.0,0.2235,1
mop_floor,episode_0029_20260602_222228,194,6.42,30.06,0.8342,0.9482,0.829,0.8696,120.0,0.202,1
mop_floor,episode_0029_20260602_225929,215,7.14,29.97,0.8458,0.8972,0.8458,0.9427,160.0,0.2057,1
mop_floor,episode_0029_20260602_233019,216,7.18,29.94,0.7721,0.9256,0.7628,0.8159,160.0,0.1826,1
mop_floor,episode_0030_20260602_185639,251,8.34,29.98,0.816,0.92,0.812,0.8788,160.0,0.2221,1
mop_floor,episode_0030_20260602_222249,188,6.24,29.97,0.8449,0.9251,0.8396,0.9023,199.9,0.1859,1
mop_floor,episode_0030_20260602_230008,218,7.24,29.97,0.8387,0.9263,0.8295,0.8867,180.0,0.2167,1
mop_floor,episode_0030_20260602_233040,219,7.26,30.03,0.8028,0.9404,0.7936,0.8357,239.9,0.1806,1
mop_floor,episode_0031_20260602_185719,252,8.38,29.95,0.8008,0.9363,0.7968,0.8475,240.0,0.2114,1
mop_floor,episode_0031_20260602_222307,221,7.34,29.97,0.8136,0.8818,0.7955,0.8838,279.9,0.2024,0
mop_floor,episode_0031_20260602_230031,206,6.84,29.97,0.878,0.9415,0.8537,0.8838,200.0,0.2046,1
mop_floor,episode_0031_20260602_233115,232,7.7,30.0,0.7359,0.8355,0.697,0.797,439.9,0.1901,1
mop_floor,episode_0032_20260602_185747,283,9.4,30.0,0.766,0.9043,0.7624,0.8398,200.0,0.2001,1
mop_floor,episode_0032_20260602_222326,207,6.86,30.03,0.767,0.8932,0.767,0.8587,239.9,0.1922,1
mop_floor,episode_0032_20260602_230056,215,7.14,29.97,0.8458,0.9019,0.8271,0.8985,160.0,0.2165,1
mop_floor,episode_0033_20260602_185814,271,9.02,29.93,0.8222,0.9111,0.8148,0.8871,240.0,0.2189,1
mop_floor,episode_0033_20260602_222346,207,6.86,30.03,0.8155,0.9272,0.8058,0.8601,0.0,0.1932,1
mop_floor,episode_0033_20260602_230119,220,7.3,30.0,0.8584,0.9269,0.8311,0.8708,300.0,0.2248,1
mop_floor,episode_0034_20260602_185845,268,8.9,30.0,0.7715,0.9026,0.7678,0.8471,319.9,0.1929,1
mop_floor,episode_0034_20260602_222406,224,7.44,29.97,0.7265,0.8117,0.7175,0.8743,40.0,0.2063,1
mop_floor,episode_0034_20260602_230142,218,7.24,29.97,0.8111,0.9263,0.8065,0.8663,160.0,0.221,1
mop_floor,episode_0035_20260602_185915,275,9.12,30.04,0.7883,0.8613,0.7774,0.8912,479.9,0.2193,1
mop_floor,episode_0035_20260602_222425,199,6.6,30.0,0.8232,0.9242,0.8081,0.8602,279.9,0.2048,1
mop_floor,episode_0035_20260602_230204,208,6.9,30.0,0.8406,0.9034,0.8116,0.8705,279.7,0.2229,1
mop_floor,episode_0036_20260602_185952,302,10.02,30.04,0.6977,0.8571,0.691,0.8,319.9,0.2338,1
mop_floor,episode_0036_20260602_222443,198,6.56,30.03,0.8173,0.9188,0.8122,0.8791,80.0,0.1927,1
mop_floor,episode_0036_20260602_230225,232,7.7,30.0,0.8615,0.9307,0.8528,0.9078,200.0,0.2234,1
mop_floor,episode_0037_20260602_190027,299,9.92,30.04,0.7383,0.8389,0.7215,0.8431,0.0,0.2025,1
mop_floor,episode_0037_20260602_222501,211,6.98,30.09,0.7333,0.8333,0.719,0.8483,80.0,0.1948,1
mop_floor,episode_0037_20260602_230248,230,7.64,29.97,0.8603,0.9258,0.8428,0.8935,160.0,0.2251,1
mop_floor,episode_0038_20260602_190104,259,8.6,30.0,0.7558,0.907,0.7442,0.8101,0.0,0.2234,1
mop_floor,episode_0038_20260602_222520,199,6.6,30.0,0.8384,0.9192,0.8333,0.9016,240.0,0.2047,1
mop_floor,episode_0038_20260602_230317,227,7.54,29.97,0.7832,0.8982,0.7611,0.8269,160.0,0.2196,1
mop_floor,episode_0039_20260602_190136,258,8.56,30.02,0.786,0.8949,0.7665,0.8383,240.0,0.2226,1
mop_floor,episode_0039_20260602_222538,226,7.5,30.0,0.7644,0.8756,0.7511,0.845,260.0,0.1953,1
mop_floor,episode_0039_20260602_230337,232,7.7,30.0,0.7576,0.8918,0.7532,0.8406,240.0,0.2131,1
mop_floor,episode_0040_20260602_222557,201,6.66,30.03,0.735,0.86,0.73,0.8439,359.9,0.195,1
mop_floor,episode_0040_20260602_230358,208,6.9,30.0,0.8357,0.8937,0.8068,0.8743,200.0,0.219,1
mop_floor,episode_0041_20260602_222615,219,7.26,30.03,0.8073,0.8853,0.7936,0.8827,219.9,0.1912,1
mop_floor,episode_0041_20260602_230418,217,7.2,30.0,0.787,0.8241,0.7407,0.8511,360.0,0.2157,1
mop_floor,episode_0042_20260602_222633,219,7.26,30.03,0.7569,0.8394,0.7431,0.871,180.0,0.1973,1
mop_floor,episode_0042_20260602_230444,238,7.9,30.0,0.8017,0.8819,0.7848,0.8732,280.0,0.218,1
mop_floor,episode_0043_20260602_222651,219,7.28,29.95,0.7706,0.8716,0.7661,0.8743,80.0,0.1827,1
mop_floor,episode_0043_20260602_230506,207,6.86,30.03,0.8058,0.9175,0.7961,0.8586,80.0,0.2221,1
mop_floor,episode_0044_20260602_222714,212,7.04,29.97,0.8294,0.91,0.8152,0.8821,100.0,0.1873,1
mop_floor,episode_0044_20260602_230528,227,7.54,29.97,0.7965,0.8938,0.7832,0.8634,200.0,0.2201,1
mop_floor,episode_0045_20260602_222756,215,7.12,30.06,0.7757,0.8645,0.771,0.8871,279.9,0.2185,1
mop_floor,episode_0045_20260602_230550,235,7.8,30.0,0.8333,0.8974,0.812,0.8837,200.0,0.2207,1
mop_floor,episode_0046_20260602_222818,218,7.22,30.06,0.7373,0.8525,0.7373,0.8649,140.0,0.2026,1
mop_floor,episode_0046_20260602_230612,238,7.9,30.0,0.7848,0.9156,0.7722,0.8318,160.0,0.231,1
mop_floor,episode_0047_20260602_222839,238,7.9,30.0,0.7764,0.8565,0.7468,0.8429,319.9,0.2063,1
mop_floor,episode_0047_20260602_230656,217,7.18,30.08,0.8009,0.8981,0.7731,0.835,140.0,0.2224,1
mop_floor,episode_0048_20260602_222859,234,7.76,30.03,0.7983,0.9313,0.794,0.8486,80.0,0.224,1
mop_floor,episode_0049_20260602_222918,201,6.68,29.94,0.785,0.9,0.775,0.8516,220.0,0.2244,1
mop_floor,episode_0050_20260602_222939,224,7.42,30.05,0.7803,0.87,0.7668,0.868,280.0,0.2152,1
mop_floor,episode_0051_20260602_222958,221,7.34,29.97,0.7,0.8818,0.6955,0.7846,119.9,0.2127,1
mop_floor,episode_0052_20260602_223016,252,8.36,30.02,0.7649,0.8287,0.761,0.9139,239.9,0.202,1
mop_floor,episode_0053_20260602_223038,250,8.3,30.0,0.739,0.8675,0.739,0.8519,120.0,0.2232,1
mop_floor,episode_0054_20260602_223058,241,8.02,29.93,0.7792,0.9083,0.775,0.8493,200.0,0.2148,1
mop_floor,episode_0055_20260602_223116,233,7.74,29.97,0.7629,0.8793,0.7328,0.8057,79.9,0.2019,1
mop_floor,episode_0056_20260602_223135,247,8.2,30.0,0.7846,0.8618,0.7724,0.8837,240.0,0.2028,1
mop_floor,episode_0057_20260602_223203,237,7.86,30.02,0.7797,0.8729,0.7754,0.8841,179.9,0.2057,1
mop_floor,episode_0058_20260602_223227,241,8.0,30.0,0.775,0.8917,0.7625,0.8433,240.0,0.207,1
mop_floor,episode_0059_20260602_223522,209,6.94,29.97,0.7837,0.8798,0.7788,0.8804,240.0,0.2386,1
pick_and_place_apple,episode_0000_20260526_184529,297,9.86,30.02,0.027,0.6385,0.0135,0.0207,80.0,0.0836,0
pick_and_place_apple,episode_0000_20260526_201203,295,9.8,30.0,0.0102,0.534,0.0102,0.0191,0.0,0.0994,1
pick_and_place_apple,episode_0001_20260526_184614,308,10.22,30.04,0.0814,0.5961,0.0586,0.0947,120.0,0.1056,1
pick_and_place_apple,episode_0001_20260526_192824,295,9.8,30.0,0.0102,0.5238,0.0034,0.0064,80.0,0.1077,1
pick_and_place_apple,episode_0001_20260526_201219,339,11.26,30.02,0.0533,0.6183,0.0503,0.081,39.9,0.1108,1
pick_and_place_apple,episode_0002_20260526_184642,281,9.34,29.98,0.0429,0.5786,0.0286,0.0482,119.9,0.1005,1
pick_and_place_apple,episode_0002_20260526_192841,272,9.04,29.98,0.0148,0.5867,0.0148,0.0252,0.0,0.1052,1
pick_and_place_apple,episode_0002_20260526_201237,318,10.58,29.96,0.0379,0.5836,0.0315,0.0535,20.0,0.1042,1
pick_and_place_apple,episode_0003_20260526_184700,376,12.5,30.0,0.0427,0.5253,0.0347,0.065,40.0,0.1056,1
pick_and_place_apple,episode_0003_20260526_192859,294,9.76,30.02,0.0102,0.5597,0.0068,0.0121,40.0,0.0945,1
pick_and_place_apple,episode_0003_20260526_201253,279,9.26,30.02,0.0144,0.5647,0.0144,0.0255,20.0,0.1016,1
pick_and_place_apple,episode_0004_20260526_184720,322,10.7,30.0,0.0187,0.5763,0.0187,0.0324,40.0,0.1084,0
pick_and_place_apple,episode_0004_20260526_192919,298,9.9,30.0,0.0404,0.5993,0.0303,0.0497,80.0,0.099,1
pick_and_place_apple,episode_0004_20260526_201308,333,11.06,30.02,0.0392,0.4578,0.0271,0.0577,60.0,0.0944,1
pick_and_place_apple,episode_0005_20260526_184739,373,12.4,30.0,0.0484,0.5296,0.0376,0.0697,80.0,0.1003,1
pick_and_place_apple,episode_0005_20260526_192937,272,9.04,29.98,0.0369,0.5978,0.0332,0.0552,0.0,0.0983,1
pick_and_place_apple,episode_0005_20260526_201325,276,9.18,29.96,0.0109,0.5127,0.0109,0.0213,80.0,0.0902,1
pick_and_place_apple,episode_0006_20260526_184759,380,12.64,29.98,0.0396,0.4855,0.0343,0.0699,120.0,0.1012,1
pick_and_place_apple,episode_0006_20260526_192952,307,10.2,30.0,0.0098,0.549,0.0098,0.0179,40.0,0.1021,1
pick_and_place_apple,episode_0006_20260526_201341,260,8.62,30.05,0.0193,0.5946,0.0193,0.0325,0.0,0.1035,1
pick_and_place_apple,episode_0007_20260526_201359,270,8.96,30.02,0.0223,0.5762,0.0186,0.0321,100.0,0.1205,1
pick_and_place_apple,episode_0008_20260526_184831,328,10.9,30.0,0.0306,0.5596,0.0245,0.0432,140.0,0.1047,1
pick_and_place_apple,episode_0008_20260526_193026,315,10.46,30.02,0.0414,0.551,0.035,0.0629,80.0,0.0872,1
pick_and_place_apple,episode_0008_20260526_201423,262,8.7,30.0,0.0421,0.5977,0.0383,0.0637,40.0,0.1128,1
pick_and_place_apple,episode_0009_20260526_184851,380,12.62,30.03,0.0237,0.4565,0.0211,0.046,120.0,0.111,1
pick_and_place_apple,episode_0009_20260526_193044,292,9.7,30.0,0.055,0.6529,0.0515,0.0785,120.0,0.0948,1
pick_and_place_apple,episode_0009_20260526_201438,279,9.28,29.96,0.018,0.554,0.018,0.0325,40.0,0.1113,1
pick_and_place_apple,episode_0010_20260526_184919,303,10.08,29.96,0.053,0.5695,0.043,0.0743,80.0,0.1016,1
pick_and_place_apple,episode_0010_20260526_193101,305,10.14,29.98,0.0296,0.6151,0.0263,0.0426,80.0,0.0835,1
pick_and_place_apple,episode_0010_20260526_201455,300,9.98,29.96,0.0301,0.6321,0.0167,0.0259,40.0,0.1115,1
pick_and_place_apple,episode_0011_20260526_184937,331,11.0,30.0,0.0212,0.5394,0.0212,0.0393,240.0,0.1004,1
pick_and_place_apple,episode_0011_20260526_193118,313,10.4,30.0,0.0224,0.5417,0.0224,0.0414,40.0,0.081,2
pick_and_place_apple,episode_0011_20260526_201514,245,8.12,30.05,0.0328,0.5574,0.0328,0.0588,20.0,0.1203,1
pick_and_place_apple,episode_0012_20260526_185002,292,9.68,30.06,0.0137,0.6014,0.0103,0.017,120.0,0.0866,1
pick_and_place_apple,episode_0012_20260526_193135,344,11.44,29.98,0.0437,0.516,0.0408,0.0787,120.0,0.0996,1
pick_and_place_apple,episode_0012_20260526_201529,220,7.3,30.0,0.0091,0.7032,0.0046,0.0065,40.0,0.113,1
pick_and_place_apple,episode_0013_20260526_185020,343,11.4,30.0,0.0292,0.5322,0.0234,0.0435,80.0,0.0893,1
pick_and_place_apple,episode_0013_20260526_193155,333,11.06,30.02,0.0422,0.5633,0.0422,0.0749,40.0,0.0969,1
pick_and_place_apple,episode_0014_20260526_185038,314,10.44,29.98,0.0096,0.5879,0.0096,0.0163,120.0,0.108,1
pick_and_place_apple,episode_0014_20260526_193213,303,10.06,30.02,0.0199,0.5596,0.0199,0.0355,80.0,0.1029,1
pick_and_place_apple,episode_0014_20260526_201551,258,8.58,29.95,0.0467,0.677,0.0428,0.0629,20.0,0.1119,1
pick_and_place_apple,episode_0015_20260526_193231,324,10.78,29.96,0.0,0.4737,0.0,0.0,80.0,0.0963,1
pick_and_place_apple,episode_0015_20260526_201605,258,8.58,29.95,0.0311,0.7393,0.0311,0.0421,20.0,0.1134,1
pick_and_place_apple,episode_0016_20260526_193250,326,10.82,30.04,0.0246,0.5385,0.0246,0.0457,120.0,0.1147,1
pick_and_place_apple,episode_0016_20260526_201619,273,9.06,30.02,0.011,0.5993,0.011,0.0184,40.0,0.1069,1
pick_and_place_apple,episode_0017_20260526_185110,351,11.66,30.02,0.0229,0.46,0.0171,0.0368,160.0,0.1091,1
pick_and_place_apple,episode_0017_20260526_193308,304,10.1,30.0,0.0297,0.538,0.0264,0.0488,80.0,0.0884,1
pick_and_place_apple,episode_0017_20260526_201634,234,7.76,30.03,0.0215,0.721,0.0215,0.0298,40.0,0.1027,1
pick_and_place_apple,episode_0018_20260526_185130,293,9.72,30.04,0.0753,0.6199,0.0616,0.0973,40.0,0.1047,1
pick_and_place_apple,episode_0018_20260526_193325,331,11.0,30.0,0.0273,0.5273,0.0273,0.0517,120.0,0.0902,1
pick_and_place_apple,episode_0018_20260526_201647,242,8.04,29.98,0.0207,0.7967,0.0166,0.0207,20.0,0.1052,1
pick_and_place_apple,episode_0019_20260526_185211,298,9.9,30.0,0.037,0.6027,0.0303,0.0497,80.0,0.1002,1
pick_and_place_apple,episode_0019_20260526_193343,341,11.34,29.98,0.0324,0.5324,0.0265,0.0492,120.0,0.1107,1
pick_and_place_apple,episode_0019_20260526_201701,275,9.12,30.04,0.0146,0.5584,0.0146,0.0261,40.0,0.1097,1
pick_and_place_apple,episode_0020_20260526_185251,327,10.86,30.02,0.0368,0.5184,0.0368,0.071,40.0,0.103,1
pick_and_place_apple,episode_0020_20260526_193401,331,11.0,30.0,0.0394,0.5091,0.0303,0.0585,120.0,0.1077,1
pick_and_place_apple,episode_0020_20260526_201715,250,8.32,29.93,0.0361,0.6225,0.0321,0.0513,60.0,0.1081,1
pick_and_place_apple,episode_0021_20260526_185317,290,9.64,29.98,0.0242,0.5813,0.0208,0.0355,160.0,0.093,1
pick_and_place_apple,episode_0021_20260526_193421,296,9.84,29.98,0.0136,0.5424,0.0136,0.025,80.0,0.1038,1
pick_and_place_apple,episode_0021_20260526_201728,252,8.36,30.02,0.0199,0.6932,0.0199,0.0287,0.0,0.1048,1
pick_and_place_apple,episode_0022_20260526_185335,316,10.5,30.0,0.0254,0.5683,0.019,0.0331,40.0,0.1029,1
pick_and_place_apple,episode_0022_20260526_193438,345,11.46,30.02,0.0262,0.4564,0.0233,0.0506,100.0,0.113,1
pick_and_place_apple,episode_0022_20260526_201741,238,7.9,30.0,0.0295,0.7173,0.0295,0.0412,40.0,0.106,1
pick_and_place_apple,episode_0023_20260526_193458,416,13.82,30.03,0.0361,0.5735,0.0337,0.0586,40.0,0.127,1
pick_and_place_apple,episode_0024_20260526_185425,298,9.9,30.0,0.0808,0.6061,0.0808,0.1333,100.0,0.1069,0
pick_and_place_apple,episode_0024_20260526_193519,330,10.98,29.96,0.0304,0.5198,0.0243,0.0462,120.0,0.1048,1
pick_and_place_apple,episode_0024_20260526_201805,273,9.06,30.02,0.0368,0.6875,0.0294,0.0423,40.0,0.106,1
pick_and_place_apple,episode_0025_20260526_185446,313,10.4,30.0,0.0192,0.609,0.0128,0.0208,80.0,0.1122,1
pick_and_place_apple,episode_0025_20260526_193539,346,11.5,30.0,0.0493,0.542,0.0348,0.0625,200.0,0.1023,1
pick_and_place_apple,episode_0025_20260526_201819,260,8.64,29.98,0.0193,0.6834,0.0193,0.0282,40.0,0.1116,1
pick_and_place_apple,episode_0026_20260526_185504,328,10.9,30.0,0.0336,0.5321,0.0336,0.0632,100.0,0.1056,1
pick_and_place_apple,episode_0026_20260526_193557,307,10.2,30.0,0.0229,0.5458,0.0163,0.0296,120.0,0.11,1
pick_and_place_apple,episode_0026_20260526_201832,255,8.46,30.02,0.0354,0.7126,0.0315,0.044,80.0,0.1089,1
pick_and_place_apple,episode_0027_20260526_185521,336,11.16,30.02,0.0209,0.606,0.0209,0.0345,100.0,0.1135,1
pick_and_place_apple,episode_0027_20260526_201846,230,7.64,29.97,0.0306,0.7031,0.0262,0.037,40.0,0.1064,1
pick_and_place_apple,episode_0028_20260526_185539,314,10.42,30.04,0.016,0.607,0.016,0.0263,120.0,0.1113,1
pick_and_place_apple,episode_0028_20260526_193634,303,10.06,30.02,0.0232,0.5331,0.0166,0.0307,120.0,0.0957,1
pick_and_place_apple,episode_0028_20260526_201859,266,8.84,29.98,0.0415,0.7585,0.0415,0.0547,80.0,0.1071,1
pick_and_place_apple,episode_0029_20260526_193653,276,9.18,29.96,0.0218,0.6036,0.0218,0.0361,120.0,0.1071,1
pick_and_place_apple,episode_0029_20260526_201913,236,7.82,30.05,0.0511,0.6979,0.0468,0.0667,40.0,0.1044,1
pick_and_place_apple,episode_0030_20260526_185605,351,11.68,29.97,0.0371,0.5086,0.0286,0.0552,40.0,0.109,1
pick_and_place_apple,episode_0030_20260526_193710,317,10.54,29.98,0.0348,0.5253,0.0348,0.0663,160.0,0.114,1
pick_and_place_apple,episode_0031_20260526_193727,283,9.4,30.01,0.039,0.5887,0.0319,0.0536,120.0,0.0976,1
pick_and_place_apple,episode_0031_20260526_201936,241,8.0,30.0,0.0292,0.6417,0.0292,0.0455,80.0,0.102,1
pick_and_place_apple,episode_0032_20260526_185657,307,10.2,30.0,0.0686,0.6471,0.0523,0.0788,120.0,0.1225,1
pick_and_place_apple,episode_0032_20260526_193744,307,10.2,30.0,0.0196,0.6601,0.0196,0.0297,160.0,0.0991,1
pick_and_place_apple,episode_0032_20260526_201950,240,7.98,29.95,0.0335,0.7824,0.0335,0.0428,0.0,0.0917,1
pick_and_place_apple,episode_0033_20260526_185717,321,10.68,29.96,0.0438,0.5469,0.0406,0.0739,160.0,0.1108,1
pick_and_place_apple,episode_0033_20260526_193802,301,10.0,30.0,0.0267,0.56,0.0267,0.0476,120.0,0.1099,1
pick_and_place_apple,episode_0033_20260526_202010,263,8.74,29.98,0.0305,0.6489,0.0305,0.0471,100.0,0.0956,1
pick_and_place_apple,episode_0034_20260526_185735,294,9.76,30.02,0.041,0.6007,0.0341,0.0562,80.0,0.1116,1
pick_and_place_apple,episode_0034_20260526_193818,284,9.44,29.98,0.0212,0.689,0.0177,0.0255,120.0,0.1151,1
pick_and_place_apple,episode_0035_20260526_185753,357,11.88,29.97,0.0421,0.5253,0.0281,0.0521,160.0,0.1095,1
pick_and_place_apple,episode_0035_20260526_193834,331,11.0,30.0,0.0848,0.6152,0.0455,0.0694,200.0,0.1097,1
pick_and_place_apple,episode_0035_20260526_202035,216,7.16,30.03,0.0233,0.7581,0.0233,0.0307,20.0,0.1049,1
pick_and_place_apple,episode_0036_20260526_185812,343,11.4,30.0,0.0205,0.5322,0.0175,0.0328,120.0,0.1104,1
pick_and_place_apple,episode_0036_20260526_193901,280,9.3,30.0,0.0323,0.6237,0.0287,0.0457,120.0,0.115,1
pick_and_place_apple,episode_0036_20260526_202047,242,8.04,29.98,0.0332,0.6515,0.029,0.0443,20.0,0.0999,1
pick_and_place_apple,episode_0037_20260526_185831,335,11.14,29.98,0.0449,0.5329,0.0389,0.0722,120.0,0.107,1
pick_and_place_apple,episode_0037_20260526_193918,266,8.82,30.05,0.0151,0.6868,0.0151,0.022,80.0,0.1088,1
pick_and_place_apple,episode_0037_20260526_202102,284,9.44,29.98,0.0141,0.6678,0.0141,0.0212,79.9,0.1048,1
pick_and_place_apple,episode_0038_20260526_185851,335,11.14,29.98,0.0299,0.5689,0.024,0.0417,159.9,0.1088,1
pick_and_place_apple,episode_0038_20260526_193935,262,8.7,30.0,0.046,0.6322,0.0421,0.0663,80.0,0.1088,1
pick_and_place_apple,episode_0039_20260526_202138,242,8.04,29.98,0.0581,0.7137,0.0539,0.0751,119.9,0.1118,1
pick_and_place_apple,episode_0040_20260526_185922,351,11.66,30.02,0.0314,0.54,0.0286,0.0526,80.0,0.1081,1
pick_and_place_apple,episode_0040_20260526_202221,225,7.48,29.95,0.058,0.8125,0.0491,0.0598,20.0,0.1132,1
pick_and_place_apple,episode_0041_20260526_185940,339,11.28,29.96,0.0207,0.5503,0.0207,0.0376,120.0,0.1132,1
pick_and_place_apple,episode_0041_20260526_194033,288,9.58,29.96,0.0105,0.5331,0.007,0.013,120.0,0.1018,1
pick_and_place_apple,episode_0041_20260526_202234,270,8.96,30.02,0.0149,0.5688,0.0149,0.0261,40.0,0.1141,1
pick_and_place_apple,episode_0042_20260526_185959,360,11.96,30.02,0.0306,0.5655,0.0251,0.0439,80.0,0.1013,1
pick_and_place_apple,episode_0042_20260526_194050,251,8.34,29.98,0.0,0.688,0.0,0.0,0.0,0.1067,1
pick_and_place_apple,episode_0042_20260526_202249,255,8.48,29.95,0.0669,0.6102,0.0551,0.0886,80.0,0.106,1
pick_and_place_apple,episode_0043_20260526_190018,309,10.26,30.02,0.0519,0.6169,0.0455,0.0729,160.0,0.1161,1
pick_and_place_apple,episode_0043_20260526_202303,244,8.1,30.0,0.0288,0.6214,0.0206,0.0327,40.0,0.1054,1
pick_and_place_apple,episode_0044_20260526_190035,321,10.66,30.02,0.0156,0.5625,0.0156,0.0278,120.0,0.1129,1
pick_and_place_apple,episode_0044_20260526_194132,347,11.54,29.98,0.0549,0.5,0.0549,0.1098,80.0,0.1097,1
pick_and_place_apple,episode_0044_20260526_202317,252,8.38,29.95,0.0398,0.6056,0.0319,0.0519,39.9,0.1051,1
pick_and_place_apple,episode_0045_20260526_190053,347,11.54,29.98,0.0087,0.5318,0.0087,0.0163,80.0,0.1165,1
pick_and_place_apple,episode_0045_20260526_194152,357,11.86,30.02,0.0927,0.6798,0.0899,0.1317,60.0,0.1181,1
pick_and_place_apple,episode_0045_20260526_202331,295,9.8,30.0,0.0238,0.534,0.017,0.0314,80.0,0.0981,1
pick_and_place_apple,episode_0046_20260526_190113,409,13.6,30.0,0.0711,0.5931,0.0588,0.0972,160.0,0.1034,1
pick_and_place_apple,episode_0046_20260526_194223,320,10.64,29.98,0.069,0.5956,0.069,0.1158,160.0,0.0977,1
pick_and_place_apple,episode_0046_20260526_202347,266,8.84,29.98,0.0226,0.5585,0.0151,0.0267,40.0,0.1059,1
pick_and_place_apple,episode_0047_20260526_190134,323,10.72,30.04,0.0155,0.528,0.0155,0.0294,100.0,0.1038,1
pick_and_place_apple,episode_0047_20260526_194240,299,9.94,29.98,0.0973,0.6275,0.0705,0.1077,40.0,0.1206,1
pick_and_place_apple,episode_0047_20260526_202402,261,8.68,29.95,0.0192,0.6462,0.0192,0.0298,40.0,0.1075,1
pick_and_place_apple,episode_0048_20260526_190153,323,10.74,29.98,0.0093,0.5342,0.0062,0.0116,80.0,0.1103,1
pick_and_place_apple,episode_0048_20260526_194301,310,10.3,30.0,0.0971,0.6893,0.0615,0.0848,40.0,0.1212,1
pick_and_place_apple,episode_0048_20260526_202415,244,8.1,30.0,0.0247,0.6132,0.0247,0.0403,100.0,0.115,1
pick_and_place_apple,episode_0049_20260526_190346,299,9.92,30.04,0.0805,0.5839,0.0805,0.1379,40.0,0.1138,1
pick_and_place_apple,episode_0049_20260526_202428,229,7.58,30.08,0.0219,0.7368,0.0219,0.0298,120.0,0.11,1
pick_and_place_apple,episode_0050_20260526_190423,328,10.9,30.0,0.0428,0.526,0.0306,0.0568,40.0,0.1102,1
pick_and_place_apple,episode_0050_20260526_194344,326,10.84,29.98,0.0246,0.5385,0.0246,0.0457,40.0,0.1081,1
pick_and_place_apple,episode_0051_20260526_190441,304,10.1,30.0,0.0297,0.5479,0.0264,0.0479,80.0,0.1239,1
pick_and_place_apple,episode_0052_20260526_190502,318,10.56,30.02,0.0221,0.5205,0.0189,0.0361,40.0,0.1178,1
pick_and_place_apple,episode_0052_20260526_202508,265,8.8,30.0,0.0227,0.5265,0.0227,0.0432,80.0,0.1061,1
pick_and_place_apple,episode_0053_20260526_190531,311,10.32,30.04,0.0194,0.5097,0.0161,0.0314,120.0,0.1158,1
pick_and_place_apple,episode_0053_20260526_194505,338,11.24,29.98,0.0415,0.549,0.0267,0.0474,0.0,0.1048,1
pick_and_place_apple,episode_0053_20260526_202522,258,8.58,29.95,0.0272,0.5486,0.0233,0.0423,40.0,0.1129,1
pick_and_place_apple,episode_0054_20260526_190550,279,9.26,30.02,0.0216,0.5504,0.018,0.0325,40.0,0.1076,1
pick_and_place_apple,episode_0054_20260526_194523,319,10.6,30.0,0.0283,0.5723,0.0283,0.0495,40.0,0.1118,1
pick_and_place_apple,episode_0054_20260526_202537,252,8.36,30.02,0.0239,0.6255,0.0199,0.0316,40.0,0.1147,1
pick_and_place_apple,episode_0055_20260526_194541,284,9.42,30.04,0.0212,0.5795,0.0212,0.0366,100.0,0.0974,1
pick_and_place_apple,episode_0055_20260526_202551,268,8.9,30.0,0.0375,0.6554,0.0337,0.0511,40.0,0.115,1
pick_and_place_apple,episode_0056_20260526_194602,264,8.76,30.02,0.076,0.6692,0.038,0.0538,120.0,0.1084,1
pick_and_place_apple,episode_0056_20260526_202606,267,8.88,29.95,0.0301,0.5451,0.0301,0.0552,159.9,0.1061,1
pick_and_place_apple,episode_0057_20260526_194623,293,9.72,30.04,0.0616,0.661,0.0445,0.0657,80.0,0.1017,1
pick_and_place_apple,episode_0057_20260526_202620,270,8.96,30.02,0.026,0.5985,0.026,0.0435,20.0,0.1164,1
pick_and_place_apple,episode_0058_20260526_190658,337,11.2,30.0,0.0119,0.6131,0.0089,0.0145,80.0,0.1037,1
pick_and_place_apple,episode_0058_20260526_194713,282,9.36,30.02,0.0356,0.6512,0.0356,0.0546,160.0,0.1144,1
pick_and_place_apple,episode_0058_20260526_202633,258,8.58,29.95,0.0078,0.5798,0.0078,0.0134,40.0,0.1076,1
pick_and_place_apple,episode_0059_20260526_190728,290,9.62,30.04,0.0173,0.609,0.0173,0.0284,120.0,0.115,1
pick_and_place_apple,episode_0059_20260526_194729,308,10.22,30.04,0.0521,0.557,0.0228,0.0389,120.0,0.0967,1
pick_and_place_apple,episode_0059_20260526_202647,253,8.4,30.0,0.0278,0.6905,0.0278,0.0402,20.0,0.114,1
pick_and_place_apple,episode_0060_20260526_190747,280,9.3,30.0,0.0323,0.6416,0.0215,0.033,80.0,0.0973,1
pick_and_place_apple,episode_0060_20260526_202701,285,9.46,30.02,0.0282,0.6127,0.0246,0.04,119.9,0.1192,1
pick_and_place_apple,episode_0061_20260526_190804,270,8.98,29.96,0.0372,0.6691,0.0335,0.0497,40.0,0.1015,1
pick_and_place_apple,episode_0061_20260526_194811,301,9.98,30.06,0.0167,0.5767,0.0133,0.023,120.0,0.0997,1
pick_and_place_apple,episode_0061_20260526_202715,277,9.2,30.0,0.0254,0.6051,0.0254,0.0419,99.9,0.118,1
pick_and_place_apple,episode_0062_20260526_190819,312,10.38,29.96,0.0322,0.6431,0.0289,0.0448,120.0,0.1096,1
pick_and_place_apple,episode_0062_20260526_194839,285,9.46,30.02,0.0282,0.6761,0.0246,0.0363,120.0,0.1131,1
pick_and_place_apple,episode_0062_20260526_202729,252,8.36,30.02,0.0558,0.6215,0.0518,0.0828,79.9,0.1112,1
pick_and_place_apple,episode_0063_20260526_190837,298,9.88,30.06,0.0303,0.5791,0.0269,0.0462,119.9,0.1114,1
pick_and_place_apple,episode_0063_20260526_194858,276,9.16,30.02,0.0255,0.5745,0.0255,0.0443,80.0,0.1077,1
pick_and_place_apple,episode_0063_20260526_202744,267,8.86,30.02,0.0188,0.6541,0.0188,0.0287,80.0,0.1117,1
pick_and_place_apple,episode_0064_20260526_190854,324,10.78,29.96,0.0464,0.5666,0.0372,0.0645,80.0,0.1124,1
pick_and_place_apple,episode_0064_20260526_194914,290,9.64,29.98,0.0138,0.5675,0.0138,0.0244,80.0,0.1152,1
pick_and_place_apple,episode_0065_20260526_190916,290,9.62,30.04,0.0208,0.5813,0.0173,0.0296,120.0,0.1084,1
pick_and_place_apple,episode_0065_20260526_194931,360,11.96,30.02,0.0362,0.6685,0.0362,0.0542,80.0,0.107,1
pick_and_place_apple,episode_0066_20260526_190932,279,9.26,30.02,0.0468,0.6007,0.0396,0.0651,100.0,0.1078,1
pick_and_place_apple,episode_0066_20260526_194950,313,10.4,30.0,0.0833,0.6635,0.0481,0.0688,80.0,0.1056,1
pick_and_place_apple,episode_0067_20260526_190947,276,9.16,30.02,0.04,0.6691,0.04,0.0598,120.0,0.1046,1
pick_and_place_apple,episode_0067_20260526_195024,300,9.96,30.02,0.0167,0.5753,0.0167,0.0291,40.0,0.0853,1
pick_and_place_apple,episode_0068_20260526_191004,274,9.1,30.0,0.0476,0.641,0.0403,0.0621,80.0,0.1033,1
pick_and_place_apple,episode_0068_20260526_195042,296,9.82,30.04,0.1085,0.6847,0.0644,0.0884,80.0,0.1072,1
pick_and_place_apple,episode_0069_20260526_191021,304,10.1,30.0,0.0429,0.604,0.0363,0.0595,119.9,0.111,1
pick_and_place_apple,episode_0070_20260526_191037,298,9.9,30.0,0.0505,0.596,0.0438,0.0726,80.0,0.1134,1
pick_and_place_apple,episode_0071_20260526_191119,280,9.3,30.0,0.0287,0.6201,0.0287,0.0462,120.0,0.1146,1
pick_and_place_apple,episode_0071_20260526_195142,287,9.52,30.04,0.0105,0.5524,0.0105,0.019,120.0,0.1072,1
pick_and_place_apple,episode_0072_20260526_195206,270,8.96,30.02,0.1004,0.6431,0.0706,0.105,80.0,0.1083,1
pick_and_place_apple,episode_0073_20260526_191145,298,9.9,30.0,0.037,0.5892,0.0303,0.0508,120.0,0.1055,1
pick_and_place_apple,episode_0073_20260526_195225,299,9.94,29.98,0.0604,0.6812,0.0503,0.0728,40.0,0.1054,1
pick_and_place_apple,episode_0074_20260526_191203,289,9.6,30.0,0.0139,0.5764,0.0139,0.0241,80.0,0.1197,1
pick_and_place_apple,episode_0074_20260526_195241,266,8.82,30.05,0.034,0.7132,0.0302,0.0421,40.0,0.1034,1
pick_and_place_apple,episode_0075_20260526_195256,273,9.08,29.96,0.0074,0.5919,0.0074,0.0124,160.0,0.0954,1
pick_and_place_apple,episode_0076_20260526_191233,346,11.5,30.0,0.0667,0.487,0.0551,0.1105,160.0,0.1051,1
pick_and_place_apple,episode_0076_20260526_195311,273,9.06,30.02,0.0221,0.5993,0.0221,0.0368,80.0,0.0999,1
pick_and_place_apple,episode_0077_20260526_191251,288,9.58,29.96,0.0557,0.5958,0.0557,0.0936,199.9,0.1193,1
pick_and_place_apple,episode_0077_20260526_195329,310,10.3,30.0,0.0647,0.6375,0.0388,0.0585,40.0,0.1064,0
pick_and_place_apple,episode_0078_20260526_191310,295,9.8,30.0,0.0306,0.5714,0.0272,0.0473,120.0,0.1162,1
pick_and_place_apple,episode_0078_20260526_195347,274,9.1,30.0,0.011,0.6667,0.011,0.0165,40.0,0.0969,1
pick_and_place_apple,episode_0079_20260526_191332,278,9.24,29.98,0.0361,0.6101,0.0289,0.0468,40.0,0.1134,1
pick_and_place_apple,episode_0079_20260526_195403,255,8.48,29.95,0.0197,0.689,0.0197,0.0286,40.0,0.0906,1
pick_and_place_apple,episode_0080_20260526_191349,307,10.2,30.0,0.0621,0.6275,0.0556,0.0876,100.0,0.1078,1
pick_and_place_apple,episode_0080_20260526_195420,293,9.74,29.98,0.0377,0.6096,0.0377,0.0618,80.0,0.114,1
pick_and_place_apple,episode_0081_20260526_191405,140,4.62,30.09,0.0,0.0288,0.0,0.0,-339.9,0.0832,1
pick_and_place_apple,episode_0081_20260526_195437,369,12.26,30.02,0.0245,0.4674,0.019,0.0402,40.0,0.1173,1
pick_and_place_apple,episode_0082_20260526_191419,234,7.76,30.03,0.0258,0.0515,0.0043,0.0588,0.0,0.1098,2
pick_and_place_apple,episode_0082_20260526_195456,294,9.76,30.02,0.0307,0.6655,0.0239,0.0355,60.0,0.1225,1
pick_and_place_apple,episode_0083_20260526_191437,943,31.4,30.0,0.1741,0.1571,0.052,0.1863,419.9,0.102,1
pick_and_place_apple,episode_0083_20260526_195513,268,8.9,30.0,0.0375,0.603,0.0337,0.0556,20.0,0.1101,1
pick_and_place_apple,episode_0084_20260526_195529,288,9.58,29.96,0.0209,0.6446,0.0209,0.0324,100.0,0.1175,1
pick_and_place_apple,episode_0085_20260526_195545,327,10.88,29.96,0.0031,0.5491,0.0031,0.0056,220.0,0.1011,1
pick_and_place_apple,episode_0086_20260526_195602,283,9.4,30.0,0.0071,0.5674,0.0071,0.0125,40.0,0.1075,1
pick_and_place_apple,episode_0087_20260526_195618,278,9.24,29.98,0.0144,0.6895,0.0144,0.0209,40.0,0.1001,1
pick_and_place_apple,episode_0088_20260526_195634,300,9.98,29.96,0.0401,0.5652,0.0368,0.0647,120.0,0.1075,1
pick_and_place_apple,episode_0089_20260526_195649,281,9.34,29.98,0.0143,0.6643,0.0107,0.016,40.0,0.1003,1
push_chair,episode_0000_20260611_161421,808,26.9,30.0,0.2776,0.5192,0.1747,0.2809,160.0,0.1803,1
push_chair,episode_0000_20260611_171158,784,26.1,30.0,0.3078,0.507,0.2018,0.3292,100.0,0.1503,1
push_chair,episode_0000_20260611_200107,675,22.46,30.01,0.2522,0.543,0.1884,0.3105,0.0,0.146,1
push_chair,episode_0000_20260611_211127,1032,34.36,30.01,0.1901,0.4132,0.1542,0.3434,140.0,0.1794,1
push_chair,episode_0000_20260611_220222,809,26.94,29.99,0.323,0.5767,0.2624,0.4117,40.0,0.2,1
push_chair,episode_0000_20260611_225045,783,26.08,29.98,0.2072,0.4015,0.1317,0.2761,40.0,0.1273,1
push_chair,episode_0001_20260611_171303,742,24.7,30.0,0.2551,0.5115,0.1943,0.3396,79.9,0.1521,1
push_chair,episode_0001_20260611_175426,560,18.64,29.99,0.3059,0.5098,0.2254,0.3818,0.0,0.1378,1
push_chair,episode_0001_20260611_200155,748,24.9,30.0,0.3052,0.5863,0.2544,0.3992,80.0,0.1536,1
push_chair,episode_0001_20260611_211231,835,27.8,30.0,0.2854,0.524,0.2422,0.4271,60.0,0.1556,1
push_chair,episode_0001_20260611_220307,887,29.54,29.99,0.2889,0.5824,0.2494,0.4011,100.0,0.1745,1
push_chair,episode_0001_20260611_225129,653,21.72,30.02,0.2883,0.4785,0.227,0.4205,0.0,0.1514,1
push_chair,episode_0001_20260612_132845,626,20.82,30.02,0.272,0.4608,0.1936,0.3591,80.0,0.1237,1
push_chair,episode_0002_20260611_160038,611,20.34,29.99,0.2934,0.5459,0.2525,0.4302,80.0,0.1582,1
push_chair,episode_0002_20260611_161548,947,31.52,30.01,0.1966,0.3774,0.1268,0.2837,200.0,0.1535,1
push_chair,episode_0002_20260611_163405,680,22.62,30.02,0.2931,0.4728,0.2194,0.4016,0.0,0.1641,1
push_chair,episode_0002_20260611_171353,719,23.94,29.99,0.2437,0.5613,0.1978,0.3257,60.0,0.1662,1
push_chair,episode_0002_20260611_175504,641,21.34,29.99,0.2594,0.55,0.2156,0.3632,40.0,0.1377,1
push_chair,episode_0002_20260611_200241,671,22.32,30.02,0.3806,0.6,0.2985,0.4376,40.0,0.1736,1
push_chair,episode_0002_20260611_211318,826,27.5,30.0,0.3564,0.6024,0.3115,0.4813,0.0,0.1823,1
push_chair,episode_0002_20260611_220354,905,30.14,29.99,0.3551,0.5553,0.2942,0.4776,0.0,0.1917,1
push_chair,episode_0002_20260612_132923,647,21.52,30.02,0.2492,0.4536,0.209,0.4232,160.0,0.1266,1
push_chair,episode_0003_20260611_160132,746,24.84,29.99,0.2228,0.4403,0.1584,0.3138,120.0,0.1256,1
push_chair,episode_0003_20260611_161655,781,26.0,30.0,0.2731,0.5205,0.2026,0.3427,20.0,0.1498,1
push_chair,episode_0003_20260611_163452,702,23.36,30.01,0.2611,0.5221,0.1755,0.2887,0.0,0.1448,1
push_chair,episode_0003_20260611_171447,657,21.88,29.98,0.2515,0.6021,0.1799,0.267,20.0,0.1728,1
push_chair,episode_0003_20260611_175547,748,24.9,30.0,0.2222,0.5087,0.2021,0.3823,0.0,0.1718,1
push_chair,episode_0003_20260611_200326,741,24.66,30.01,0.3203,0.5703,0.2622,0.4172,0.0,0.1663,1
push_chair,episode_0003_20260611_220438,825,27.46,30.01,0.3932,0.6165,0.3507,0.5322,80.0,0.1969,1
push_chair,episode_0003_20260612_133004,603,20.06,30.01,0.2674,0.4485,0.1811,0.3385,160.0,0.1108,1
push_chair,episode_0004_20260611_171533,772,25.7,30.0,0.2101,0.5292,0.1673,0.2925,0.0,0.1605,1
push_chair,episode_0004_20260611_200421,696,23.18,29.98,0.3309,0.5899,0.2906,0.4612,60.0,0.1418,1
push_chair,episode_0004_20260611_211506,790,26.3,30.0,0.2953,0.5133,0.2738,0.5118,0.0,0.1579,1
push_chair,episode_0004_20260611_220533,844,28.1,30.0,0.3227,0.5445,0.2491,0.4031,140.0,0.1697,1
push_chair,episode_0004_20260611_225318,598,19.9,30.0,0.268,0.5611,0.1826,0.2824,240.0,0.2299,1
push_chair,episode_0004_20260612_133039,560,18.62,30.02,0.3166,0.542,0.2451,0.3994,160.0,0.1362,1
push_chair,episode_0005_20260611_160244,809,26.94,29.99,0.2104,0.4839,0.1374,0.2467,120.0,0.1477,1
push_chair,episode_0005_20260611_163601,826,27.5,30.0,0.2594,0.3855,0.1297,0.2518,80.0,0.1521,1
push_chair,episode_0005_20260611_171630,708,23.56,30.01,0.2631,0.5191,0.2136,0.3756,0.0,0.159,1
push_chair,episode_0005_20260611_175730,670,22.3,30.0,0.2182,0.5441,0.1809,0.3111,0.0,0.1433,1
push_chair,episode_0005_20260611_200503,784,26.1,30.0,0.3091,0.5977,0.2784,0.4431,40.0,0.1737,1
push_chair,episode_0005_20260611_211552,780,25.98,29.98,0.2734,0.5777,0.2452,0.4047,120.0,0.1793,1
push_chair,episode_0005_20260611_225414,617,20.54,29.99,0.2581,0.4383,0.1851,0.3619,0.0,0.1168,1
push_chair,episode_0005_20260612_133114,579,19.26,30.01,0.2595,0.4585,0.1851,0.3474,120.0,0.1251,1
push_chair,episode_0006_20260611_163653,845,28.12,30.01,0.2429,0.5249,0.1363,0.2158,80.0,0.1558,1
push_chair,episode_0006_20260611_171708,701,23.34,29.99,0.2557,0.4829,0.1629,0.2829,0.0,0.1573,1
push_chair,episode_0006_20260611_200548,706,23.5,30.0,0.3035,0.6227,0.2667,0.4043,60.0,0.1842,1
push_chair,episode_0006_20260611_211639,915,30.46,30.01,0.3239,0.6127,0.2888,0.4459,60.0,0.1772,1
push_chair,episode_0006_20260611_220702,682,22.7,30.0,0.3275,0.533,0.2349,0.3756,60.0,0.173,1
push_chair,episode_0006_20260611_225454,590,19.64,29.99,0.3107,0.5246,0.2547,0.4386,40.0,0.1381,1
push_chair,episode_0007_20260611_163745,815,27.14,29.99,0.2936,0.4975,0.215,0.3731,0.0,0.1374,1
push_chair,episode_0007_20260611_175837,647,21.52,30.02,0.2307,0.5372,0.1827,0.3122,40.0,0.1505,1
push_chair,episode_0007_20260611_200654,807,26.88,29.98,0.2506,0.4801,0.1935,0.3603,60.0,0.1598,1
push_chair,episode_0007_20260611_220744,833,27.74,29.99,0.262,0.5312,0.2151,0.3721,0.0,0.1438,1
push_chair,episode_0007_20260611_225548,853,28.4,30.0,0.338,0.4472,0.2465,0.4575,0.0,0.247,1
push_chair,episode_0007_20260612_133212,628,20.9,30.0,0.244,0.4434,0.177,0.3469,0.0,0.1263,1
push_chair,episode_0008_20260611_163834,876,29.16,30.01,0.2926,0.5371,0.224,0.3698,0.0,0.1542,1
push_chair,episode_0008_20260611_171820,660,21.96,30.01,0.2367,0.5554,0.1563,0.2458,80.0,0.1409,1
push_chair,episode_0008_20260611_175914,802,26.7,30.0,0.2385,0.598,0.2097,0.3347,160.0,0.1651,1
push_chair,episode_0008_20260611_200746,772,25.7,30.0,0.297,0.5629,0.2425,0.3929,100.0,0.1515,1
push_chair,episode_0008_20260611_211813,814,27.1,30.0,0.3223,0.5314,0.2817,0.4925,0.0,0.1821,1
push_chair,episode_0008_20260611_220828,883,29.4,30.0,0.2993,0.5045,0.212,0.3582,0.0,0.1575,1
push_chair,episode_0008_20260611_225639,634,21.1,30.0,0.2449,0.4423,0.1896,0.381,40.0,0.153,1
push_chair,episode_0008_20260612_133254,669,22.26,30.01,0.2635,0.4551,0.2365,0.4907,160.0,0.1171,1
push_chair,episode_0009_20260611_163928,732,24.36,30.01,0.2982,0.5677,0.2408,0.3851,0.0,0.1528,1
push_chair,episode_0009_20260611_175956,851,28.34,29.99,0.24,0.6047,0.2118,0.3346,60.0,0.2139,1
push_chair,episode_0009_20260611_200832,696,23.16,30.01,0.3496,0.6691,0.3065,0.4303,40.0,0.172,1
push_chair,episode_0009_20260611_211907,899,29.92,30.01,0.294,0.5145,0.245,0.4348,60.0,0.1574,1
push_chair,episode_0009_20260611_220912,584,19.44,29.99,0.3242,0.5575,0.2453,0.3854,20.0,0.1598,1
push_chair,episode_0009_20260611_225750,515,17.12,30.02,0.3911,0.5642,0.2802,0.415,0.0,0.1523,1
push_chair,episode_0010_20260611_200927,861,28.66,30.01,0.2942,0.5907,0.2593,0.4145,180.0,0.1627,1
push_chair,episode_0010_20260611_220952,577,19.2,30.0,0.2969,0.526,0.2708,0.4906,60.0,0.146,1
push_chair,episode_0010_20260611_225824,544,18.1,30.0,0.3315,0.5746,0.2523,0.3859,0.0,0.1485,1
push_chair,episode_0010_20260612_133410,617,20.54,29.99,0.2305,0.5179,0.1721,0.2986,20.0,0.1214,1
push_chair,episode_0011_20260611_164117,787,26.2,30.0,0.2506,0.5318,0.1896,0.3197,40.0,0.1573,1
push_chair,episode_0011_20260611_180139,652,21.7,30.0,0.2673,0.619,0.2273,0.345,40.0,0.163,1
push_chair,episode_0011_20260611_201028,842,28.04,29.99,0.3092,0.6254,0.2533,0.3717,160.0,0.1665,1
push_chair,episode_0011_20260611_225907,651,21.66,30.01,0.1938,0.4908,0.1585,0.3012,0.0,0.1775,1
push_chair,episode_0012_20260611_172125,640,21.3,30.0,0.2739,0.5947,0.2222,0.3438,80.0,0.1524,1
push_chair,episode_0012_20260611_201118,752,25.02,30.02,0.2929,0.5726,0.2477,0.4009,0.0,0.1623,1
push_chair,episode_0012_20260611_212059,779,25.92,30.02,0.3059,0.5913,0.2506,0.3877,0.0,0.1611,1
push_chair,episode_0012_20260611_221049,585,19.46,30.01,0.2877,0.5411,0.2226,0.3672,80.0,0.1477,1
push_chair,episode_0012_20260611_230000,583,19.4,30.0,0.2784,0.5309,0.2234,0.3812,100.0,0.1596,1
push_chair,episode_0012_20260612_133506,607,20.2,30.0,0.2607,0.4769,0.1931,0.3545,20.0,0.1377,1
push_chair,episode_0013_20260611_164239,765,25.46,30.01,0.2723,0.5929,0.2264,0.3545,120.0,0.1563,1
push_chair,episode_0013_20260611_180236,532,17.7,30.0,0.307,0.6347,0.2768,0.4164,0.0,0.147,1
push_chair,episode_0013_20260611_201208,623,20.74,29.99,0.3183,0.5338,0.2749,0.4763,0.0,0.1247,1
push_chair,episode_0013_20260611_212151,861,28.66,30.01,0.2953,0.5709,0.2372,0.3771,60.0,0.1746,1
push_chair,episode_0013_20260611_221130,625,20.8,30.0,0.2516,0.5144,0.1763,0.2989,120.0,0.1426,1
push_chair,episode_0013_20260611_230032,545,18.12,30.02,0.2776,0.5754,0.2408,0.3934,60.0,0.1332,1
push_chair,episode_0013_20260612_133549,105,3.46,30.06,0.0577,0.1346,0.0096,0.0526,40.0,0.1005,1
push_chair,episode_0014_20260611_172224,669,22.26,30.01,0.238,0.5419,0.1737,0.2864,139.9,0.1466,1
push_chair,episode_0014_20260611_180309,625,20.8,30.0,0.2372,0.6074,0.2051,0.3208,60.0,0.1549,1
push_chair,episode_0014_20260611_201249,765,25.46,30.01,0.2801,0.4804,0.2186,0.4034,0.0,0.1688,1
push_chair,episode_0014_20260611_221208,510,16.96,30.01,0.275,0.5501,0.2299,0.3861,120.0,0.1433,1
push_chair,episode_0014_20260611_230102,527,17.52,30.02,0.2757,0.6084,0.2471,0.3881,60.0,0.1575,1
push_chair,episode_0014_20260612_133604,660,21.96,30.01,0.2549,0.4841,0.2049,0.3835,60.0,0.1469,1
push_chair,episode_0015_20260611_164343,813,27.06,30.01,0.2635,0.5505,0.2032,0.3327,0.0,0.1333,1
push_chair,episode_0015_20260611_180348,622,20.7,30.0,0.2432,0.6248,0.2093,0.3178,40.0,0.1552,1
push_chair,episode_0015_20260611_201334,757,25.2,30.0,0.2288,0.5251,0.205,0.3735,160.0,0.1591,1
push_chair,episode_0015_20260611_212329,877,29.18,30.02,0.3322,0.5,0.2603,0.4551,119.9,0.1819,1
push_chair,episode_0015_20260611_221242,582,19.38,29.98,0.3339,0.5473,0.2754,0.4545,100.0,0.1217,1
push_chair,episode_0015_20260612_133644,555,18.46,30.01,0.2653,0.5343,0.2256,0.3931,160.0,0.1423,1
push_chair,episode_0016_20260611_164427,787,26.2,30.0,0.2214,0.5509,0.1667,0.2752,20.0,0.1415,1
push_chair,episode_0016_20260611_172333,692,23.04,29.99,0.3068,0.589,0.2504,0.3879,80.0,0.1627,1
push_chair,episode_0016_20260611_180441,533,17.74,29.99,0.2857,0.6673,0.2613,0.3777,160.0,0.1423,1
push_chair,episode_0016_20260611_201417,745,24.8,30.0,0.2352,0.539,0.2003,0.3489,0.0,0.1599,1
push_chair,episode_0016_20260611_212416,806,26.84,29.99,0.3031,0.5217,0.2261,0.3776,120.0,0.1688,1
push_chair,episode_0016_20260611_221324,666,22.16,30.01,0.2947,0.4872,0.212,0.372,80.0,0.1542,1
push_chair,episode_0017_20260611_164513,726,24.16,30.01,0.2566,0.5366,0.1945,0.3249,100.0,0.1364,1
push_chair,episode_0017_20260611_172415,792,26.38,29.98,0.2882,0.5651,0.2225,0.3527,40.0,0.15,1
push_chair,episode_0017_20260611_201503,767,25.54,29.99,0.2637,0.5783,0.2193,0.3522,0.0,0.1907,1
push_chair,episode_0017_20260611_212458,709,23.6,30.0,0.3969,0.6653,0.3489,0.4891,80.0,0.1736,1
push_chair,episode_0017_20260611_221400,550,18.3,30.0,0.3315,0.5464,0.2568,0.4135,80.0,0.1589,1
push_chair,episode_0017_20260612_133911,685,22.8,30.0,0.2529,0.4781,0.2018,0.3812,120.0,0.1324,1
push_chair,episode_0018_20260611_164559,727,24.2,30.0,0.2479,0.5207,0.1873,0.3223,0.0,0.1358,1
push_chair,episode_0018_20260611_172503,679,22.58,30.03,0.2596,0.587,0.205,0.3195,199.9,0.1448,1
push_chair,episode_0018_20260611_180621,618,20.58,29.98,0.2771,0.5575,0.2172,0.3517,0.0,0.1501,1
push_chair,episode_0018_20260611_201552,847,28.2,30.0,0.266,0.5626,0.2364,0.3992,140.0,0.1483,1
push_chair,episode_0018_20260611_212544,697,23.2,30.0,0.3132,0.5144,0.2213,0.3649,80.0,0.1462,1
push_chair,episode_0018_20260612_133954,684,22.78,29.98,0.1903,0.2635,0.0717,0.1877,140.0,0.1209,1
push_chair,episode_0019_20260611_164642,720,23.98,29.98,0.2712,0.5605,0.2058,0.3289,159.9,0.1352,1
push_chair,episode_0019_20260611_172551,640,21.3,30.0,0.3114,0.6307,0.266,0.3935,100.0,0.1376,1
push_chair,episode_0019_20260611_212625,845,28.12,30.01,0.3152,0.564,0.2547,0.408,80.0,0.1647,1
push_chair,episode_0019_20260611_221458,479,15.94,29.99,0.341,0.5397,0.2364,0.3669,100.0,0.1355,1
push_chair,episode_0019_20260612_134050,719,23.94,29.99,0.266,0.4401,0.1685,0.3135,180.0,0.1483,1
push_chair,episode_0020_20260611_164722,751,25.0,30.0,0.2693,0.596,0.2133,0.3272,0.0,0.1551,1
push_chair,episode_0020_20260611_172630,653,21.72,30.02,0.2469,0.5445,0.1687,0.2709,0.0,0.1202,1
push_chair,episode_0020_20260611_180729,736,24.5,30.0,0.2136,0.5238,0.1619,0.2813,0.0,0.1486,1
push_chair,episode_0020_20260611_212715,804,26.78,29.99,0.32,0.5978,0.259,0.3932,119.9,0.195,1
push_chair,episode_0020_20260611_230419,764,25.44,29.99,0.2687,0.5072,0.2149,0.3832,0.0,0.2162,1
push_chair,episode_0020_20260612_134131,702,23.36,30.01,0.2183,0.4793,0.1655,0.311,220.0,0.1342,1
push_chair,episode_0021_20260611_172714,680,22.64,29.99,0.2386,0.5758,0.1605,0.2455,119.9,0.1576,1
push_chair,episode_0021_20260611_180814,813,27.06,30.01,0.2894,0.5887,0.2303,0.3555,220.0,0.1566,1
push_chair,episode_0021_20260611_201927,819,27.26,30.01,0.2787,0.5648,0.2262,0.3663,60.0,0.1529,1
push_chair,episode_0021_20260611_212801,774,25.78,29.98,0.3415,0.5602,0.2975,0.4925,40.0,0.1614,1
push_chair,episode_0021_20260611_230458,701,23.34,29.99,0.2643,0.5157,0.1943,0.3317,360.0,0.2381,1
push_chair,episode_0021_20260612_134214,680,22.62,30.02,0.2798,0.539,0.2209,0.3695,0.0,0.1278,1
push_chair,episode_0022_20260611_172759,657,21.86,30.01,0.2774,0.6128,0.2302,0.3487,60.0,0.1489,1
push_chair,episode_0022_20260611_180910,826,27.5,30.0,0.3115,0.5467,0.2497,0.4104,60.0,0.1573,1
push_chair,episode_0022_20260611_202025,738,24.58,29.98,0.2944,0.5604,0.2551,0.4253,80.0,0.1592,1
push_chair,episode_0022_20260611_212851,879,29.26,30.01,0.3007,0.5478,0.2528,0.4245,60.0,0.1783,1
push_chair,episode_0022_20260611_221633,759,25.28,29.98,0.2309,0.4129,0.1649,0.3444,120.0,0.1316,1
push_chair,episode_0023_20260611_172840,498,16.56,30.01,0.3541,0.6056,0.2475,0.3475,0.0,0.1471,1
push_chair,episode_0023_20260611_202310,764,25.42,30.02,0.2923,0.5282,0.2333,0.3973,40.0,0.1596,1
push_chair,episode_0023_20260611_221711,579,19.26,30.01,0.2716,0.5173,0.192,0.3217,60.0,0.1617,1
push_chair,episode_0023_20260612_134358,717,23.86,30.01,0.2835,0.486,0.1983,0.3472,240.0,0.1332,1
push_chair,episode_0024_20260611_172917,611,20.34,29.99,0.2672,0.5721,0.2082,0.3299,0.0,0.1545,1
push_chair,episode_0024_20260611_202401,739,24.6,30.0,0.3089,0.5515,0.2642,0.4432,0.0,0.1419,1
push_chair,episode_0024_20260611_213034,915,30.46,30.01,0.302,0.605,0.2538,0.3886,120.0,0.1768,1
push_chair,episode_0024_20260611_221746,541,18.0,30.0,0.3019,0.5796,0.2537,0.4041,40.0,0.1233,1
push_chair,episode_0024_20260612_134442,624,20.76,30.01,0.236,0.4751,0.1782,0.3343,40.0,0.1281,1
push_chair,episode_0025_20260611_154700,834,27.76,30.01,0.2629,0.4478,0.1765,0.3303,239.9,0.1337,1
push_chair,episode_0025_20260611_172955,649,21.6,30.0,0.2917,0.6744,0.2454,0.3405,159.9,0.1414,1
push_chair,episode_0025_20260611_202450,734,24.42,30.02,0.307,0.5307,0.2619,0.455,20.0,0.1541,1
push_chair,episode_0025_20260611_213124,963,32.06,30.01,0.2879,0.5489,0.2484,0.4223,120.0,0.1972,1
push_chair,episode_0025_20260611_221821,557,18.54,29.99,0.259,0.4946,0.1978,0.356,60.0,0.1496,1
push_chair,episode_0025_20260612_134522,764,25.44,29.99,0.2608,0.4653,0.2071,0.399,60.0,0.1516,1
push_chair,episode_0026_20260611_173037,593,19.74,29.99,0.3514,0.6098,0.2534,0.358,0.0,0.1576,1
push_chair,episode_0026_20260611_202538,771,25.68,29.98,0.3455,0.5403,0.3117,0.543,0.0,0.1633,1
push_chair,episode_0026_20260611_213228,859,28.6,30.0,0.2937,0.5058,0.2284,0.4,120.0,0.1663,1
push_chair,episode_0026_20260611_221858,578,19.22,30.02,0.2548,0.4991,0.1872,0.3303,80.0,0.1404,1
push_chair,episode_0027_20260611_173114,677,22.54,29.99,0.2544,0.5932,0.2056,0.3203,100.0,0.1559,1
push_chair,episode_0027_20260611_202631,683,22.74,29.99,0.3431,0.5924,0.283,0.4337,40.0,0.189,1
push_chair,episode_0027_20260611_213317,908,30.24,29.99,0.3341,0.5799,0.2723,0.4244,120.0,0.1945,1
push_chair,episode_0027_20260611_221931,517,17.2,30.0,0.2713,0.4767,0.2171,0.4088,120.0,0.1379,1
push_chair,episode_0028_20260611_202712,754,25.1,30.0,0.3413,0.6255,0.2895,0.4275,0.0,0.2025,1
push_chair,episode_0028_20260611_213435,683,22.74,29.99,0.3666,0.5396,0.3035,0.5036,120.0,0.1718,1
push_chair,episode_0028_20260611_222004,528,17.58,29.98,0.2562,0.5408,0.2201,0.3816,40.0,0.1201,1
push_chair,episode_0029_20260611_202837,691,23.0,30.0,0.2783,0.5667,0.2232,0.359,0.0,0.1805,1
push_chair,episode_0029_20260611_213516,742,24.7,30.0,0.3657,0.6005,0.2834,0.415,100.0,0.1716,1
push_chair,episode_0029_20260611_222036,560,18.64,29.99,0.2594,0.5063,0.2004,0.3544,120.0,0.1248,1
push_chair,episode_0030_20260611_213553,796,26.5,30.0,0.317,0.5874,0.2403,0.3617,80.0,0.1862,1
push_chair,episode_0030_20260611_222112,517,17.2,30.0,0.3217,0.6221,0.2519,0.3641,80.0,0.1535,1
push_chair,episode_0031_20260611_202931,651,21.68,29.98,0.3662,0.5615,0.2785,0.4289,60.0,0.1631,1
push_chair,episode_0031_20260611_213641,757,25.2,30.0,0.3836,0.5966,0.2989,0.4388,140.0,0.1824,1
push_chair,episode_0031_20260611_222146,551,18.32,30.02,0.2709,0.5309,0.2073,0.3486,40.0,0.1486,1
push_chair,episode_0032_20260611_213722,729,24.26,30.01,0.4299,0.6662,0.3434,0.4562,100.0,0.1903,1
push_chair,episode_0032_20260611_222228,587,19.52,30.02,0.2833,0.4761,0.227,0.4263,100.0,0.1361,1
push_chair,episode_0033_20260611_203122,671,22.32,30.02,0.3209,0.5866,0.2851,0.458,80.0,0.1566,1
push_chair,episode_0033_20260611_222301,629,20.94,29.99,0.2787,0.4618,0.1959,0.3596,120.0,0.1349,1
push_chair,episode_0034_20260611_203206,850,28.3,30.0,0.3133,0.6031,0.2674,0.412,40.0,0.1628,1
push_chair,episode_0034_20260611_222339,528,17.56,30.01,0.296,0.5332,0.2505,0.4328,140.0,0.1442,1
push_chair,episode_0035_20260611_222438,554,18.44,29.99,0.2803,0.5262,0.2116,0.3556,40.0,0.1417,1
push_chair,episode_0036_20260611_203338,625,20.8,30.0,0.3942,0.7179,0.351,0.4611,120.0,0.1654,1
push_chair,episode_0037_20260611_203427,664,22.1,30.0,0.356,0.6772,0.3288,0.4668,40.0,0.1895,1
push_chair,episode_0037_20260611_222535,536,17.84,29.99,0.3084,0.5813,0.2579,0.4083,40.0,0.1412,1
push_chair,episode_0038_20260611_203511,850,28.3,30.0,0.3216,0.616,0.2921,0.4526,60.0,0.1612,1
push_chair,episode_0038_20260611_222610,581,19.34,29.99,0.2328,0.5034,0.1776,0.3179,0.0,0.1378,1
push_chair,episode_0039_20260611_203622,622,20.7,30.0,0.3478,0.6522,0.314,0.4577,80.0,0.1817,1
push_chair,episode_0039_20260611_222648,594,19.76,30.01,0.312,0.5447,0.2411,0.3918,60.0,0.1708,1
push_chair,episode_0041_20260611_203709,847,28.2,30.0,0.331,0.5922,0.2955,0.4708,40.0,0.182,1
push_chair,episode_0042_20260611_203759,681,22.66,30.01,0.2926,0.6574,0.2338,0.3265,20.0,0.1808,1
push_chair,episode_0044_20260611_203940,662,22.02,30.02,0.3434,0.5749,0.3011,0.4877,60.0,0.1388,1
push_chair,episode_0046_20260611_204040,747,24.88,29.98,0.252,0.5147,0.2105,0.3783,0.0,0.1689,1
push_chair,episode_0047_20260611_204134,775,25.8,30.0,0.2804,0.5788,0.2313,0.3683,120.0,0.1649,1
push_chair,episode_0048_20260611_204219,667,22.2,30.0,0.3634,0.6021,0.3078,0.468,100.0,0.1728,1
push_chair,episode_0050_20260611_204343,724,24.1,30.0,0.3084,0.5989,0.2531,0.3869,40.0,0.1499,1
push_chair,episode_0051_20260611_204425,707,23.52,30.02,0.3555,0.6388,0.2691,0.3711,0.0,0.171,1
push_chair,episode_0052_20260611_204507,728,24.22,30.02,0.2875,0.6327,0.2338,0.3407,120.0,0.1898,1
push_chair,episode_0053_20260611_204606,649,21.6,30.0,0.3951,0.5849,0.2886,0.4174,80.0,0.1765,1
push_chair,episode_0054_20260611_204702,792,26.38,29.98,0.3287,0.6018,0.2769,0.4236,80.0,0.187,1
push_chair,episode_0055_20260611_204753,892,29.68,30.02,0.303,0.6622,0.2682,0.3849,120.0,0.1942,1
push_chair,episode_0059_20260611_205124,671,22.34,29.99,0.306,0.5164,0.2388,0.4092,20.0,0.1442,1
push_chair,episode_0060_20260611_205204,893,29.72,30.01,0.315,0.565,0.2612,0.4221,180.0,0.1565,1
retrieve_from_the_upper_fridge,episode_0000_20260622_193126,1463,48.74,30.0,0.0746,0.4815,0.0643,0.1307,240.0,0.1143,1
retrieve_from_the_upper_fridge,episode_0000_20260623_183810,1550,51.62,30.01,0.0626,0.4816,0.0497,0.1005,200.0,0.1102,1
retrieve_from_the_upper_fridge,episode_0000_20260623_201836,1481,49.32,30.01,0.0743,0.5277,0.0635,0.1179,260.0,0.114,1
retrieve_from_the_upper_fridge,episode_0001_20260623_183919,1641,54.66,30.0,0.0543,0.4585,0.0366,0.0768,240.0,0.1021,1
retrieve_from_the_upper_fridge,episode_0001_20260623_201949,1483,49.4,30.0,0.0891,0.5391,0.0702,0.1258,239.9,0.1241,1
retrieve_from_the_upper_fridge,episode_0002_20260623_202104,1453,48.4,30.0,0.0882,0.5269,0.0716,0.1318,240.0,0.1156,1
retrieve_from_the_upper_fridge,episode_0003_20260622_163157,1622,54.02,30.01,0.1184,0.5361,0.0882,0.1558,200.0,0.1268,1
retrieve_from_the_upper_fridge,episode_0003_20260622_193450,1536,51.16,30.0,0.0912,0.5388,0.0775,0.1403,279.9,0.138,1
retrieve_from_the_upper_fridge,episode_0003_20260623_133253,1625,54.14,30.0,0.0794,0.4212,0.0523,0.1168,280.0,0.1157,1
retrieve_from_the_upper_fridge,episode_0003_20260623_184157,1696,56.5,30.0,0.0625,0.3853,0.0431,0.1064,319.9,0.1182,1
retrieve_from_the_upper_fridge,episode_0003_20260623_202212,1372,45.7,30.0,0.0839,0.5733,0.0708,0.1206,239.9,0.1197,1
retrieve_from_the_upper_fridge,episode_0004_20260622_163309,1528,50.9,30.0,0.11,0.5645,0.0963,0.1665,300.0,0.1271,1
retrieve_from_the_upper_fridge,episode_0004_20260622_193602,1540,51.3,30.0,0.117,0.473,0.0845,0.1671,220.0,0.1077,1
retrieve_from_the_upper_fridge,episode_0004_20260623_133415,1662,55.36,30.0,0.0957,0.4654,0.0722,0.1478,180.0,0.1019,1
retrieve_from_the_upper_fridge,episode_0004_20260623_202311,1347,44.86,30.0,0.0632,0.5921,0.0505,0.0835,180.0,0.1179,1
retrieve_from_the_upper_fridge,episode_0005_20260622_163424,1686,56.18,29.99,0.092,0.4742,0.0777,0.1592,300.0,0.132,1
retrieve_from_the_upper_fridge,episode_0005_20260623_133527,1701,56.68,29.99,0.0776,0.4112,0.0582,0.1352,220.0,0.1044,1
retrieve_from_the_upper_fridge,episode_0005_20260623_202409,1475,49.14,30.0,0.0733,0.5027,0.0563,0.1084,220.0,0.118,1
retrieve_from_the_upper_fridge,episode_0006_20260623_133643,1555,51.8,30.0,0.0689,0.4678,0.0541,0.112,220.0,0.11,1
retrieve_from_the_upper_fridge,episode_0006_20260623_184358,1764,58.76,30.0,0.0601,0.4351,0.0505,0.1135,240.0,0.1111,1
retrieve_from_the_upper_fridge,episode_0006_20260623_202510,1481,49.34,30.0,0.0574,0.5311,0.0507,0.0942,240.0,0.1202,1
retrieve_from_the_upper_fridge,episode_0007_20260622_163545,1481,49.32,30.01,0.0939,0.5689,0.0784,0.1341,260.0,0.1143,1
retrieve_from_the_upper_fridge,episode_0007_20260622_193826,1471,49.0,30.0,0.117,0.4769,0.0939,0.1878,220.0,0.1198,1
retrieve_from_the_upper_fridge,episode_0007_20260623_133751,1604,53.44,30.0,0.0599,0.4498,0.0493,0.107,260.0,0.1117,1
retrieve_from_the_upper_fridge,episode_0007_20260623_184538,1813,60.4,30.0,0.069,0.4283,0.053,0.1193,240.0,0.1103,1
retrieve_from_the_upper_fridge,episode_0008_20260622_163650,1862,62.04,30.0,0.1188,0.5314,0.1026,0.1874,280.0,0.1739,1
retrieve_from_the_upper_fridge,episode_0008_20260622_193934,1512,50.36,30.0,0.0999,0.4792,0.0834,0.1682,180.0,0.1104,1
retrieve_from_the_upper_fridge,episode_0008_20260623_133902,1546,51.5,30.0,0.123,0.5146,0.101,0.1882,200.0,0.1017,1
retrieve_from_the_upper_fridge,episode_0008_20260623_184657,1635,54.48,29.99,0.06,0.429,0.0404,0.09,240.0,0.1082,1
retrieve_from_the_upper_fridge,episode_0009_20260622_163809,1626,54.16,30.0,0.1188,0.5446,0.0905,0.1579,240.0,0.1441,1
retrieve_from_the_upper_fridge,episode_0009_20260622_194040,1799,59.94,30.0,0.0901,0.4527,0.0656,0.1375,260.0,0.1166,1
retrieve_from_the_upper_fridge,episode_0009_20260623_134007,1587,52.88,29.99,0.1204,0.4987,0.0996,0.1917,240.0,0.1131,1
retrieve_from_the_upper_fridge,episode_0009_20260623_202749,1516,50.48,30.01,0.1096,0.5888,0.0898,0.1475,220.0,0.1252,1
retrieve_from_the_upper_fridge,episode_0010_20260622_194154,1544,51.42,30.01,0.0791,0.4796,0.068,0.1387,260.0,0.1279,1
retrieve_from_the_upper_fridge,episode_0010_20260623_134133,1494,49.76,30.0,0.0898,0.4977,0.0703,0.136,180.0,0.1039,1
retrieve_from_the_upper_fridge,episode_0010_20260623_184912,1722,57.36,30.0,0.075,0.4567,0.061,0.1296,260.0,0.1111,1
retrieve_from_the_upper_fridge,episode_0011_20260622_163947,1661,55.32,30.01,0.0687,0.4729,0.056,0.1154,220.0,0.1145,1
retrieve_from_the_upper_fridge,episode_0011_20260623_134240,1588,52.9,30.0,0.121,0.4442,0.1021,0.2204,220.0,0.1133,1
retrieve_from_the_upper_fridge,episode_0011_20260623_185028,1630,54.3,30.0,0.0516,0.4665,0.0405,0.0848,240.0,0.1185,1
retrieve_from_the_upper_fridge,episode_0011_20260623_202915,1355,45.14,30.0,0.0827,0.5199,0.0694,0.1302,240.0,0.1129,1
retrieve_from_the_upper_fridge,episode_0012_20260622_194322,1441,48.0,30.0,0.1028,0.4938,0.0812,0.1577,220.0,0.123,1
retrieve_from_the_upper_fridge,episode_0012_20260623_134352,1464,48.78,29.99,0.0923,0.4696,0.0697,0.1417,240.0,0.1131,1
retrieve_from_the_upper_fridge,episode_0012_20260623_185148,1618,53.9,30.0,0.0427,0.4341,0.0346,0.0783,240.0,0.1125,1
retrieve_from_the_upper_fridge,episode_0012_20260623_203019,1368,45.58,29.99,0.109,0.5252,0.0892,0.1638,240.0,0.1198,1
retrieve_from_the_upper_fridge,episode_0013_20260622_194425,1721,57.34,30.0,0.0895,0.4407,0.0692,0.1501,240.0,0.1122,1
retrieve_from_the_upper_fridge,episode_0013_20260623_134502,1638,54.56,30.0,0.0819,0.4203,0.0641,0.1464,220.0,0.1057,1
retrieve_from_the_upper_fridge,episode_0013_20260623_185308,1838,61.22,30.01,0.0474,0.4349,0.0386,0.0871,240.0,0.1077,1
retrieve_from_the_upper_fridge,episode_0014_20260622_194534,1659,55.26,30.0,0.1025,0.4517,0.079,0.1662,160.0,0.1147,1
retrieve_from_the_upper_fridge,episode_0014_20260623_134616,1423,47.4,30.0,0.0914,0.4719,0.0703,0.1427,200.0,0.1155,1
retrieve_from_the_upper_fridge,episode_0014_20260623_185425,1725,57.46,30.0,0.0505,0.4432,0.0371,0.0813,240.0,0.1108,1
retrieve_from_the_upper_fridge,episode_0015_20260622_164402,1625,54.14,30.0,0.1262,0.4741,0.1059,0.2142,180.0,0.1132,1
retrieve_from_the_upper_fridge,episode_0015_20260622_194650,1648,54.9,30.0,0.0947,0.4408,0.0808,0.1776,200.0,0.1167,1
retrieve_from_the_upper_fridge,episode_0015_20260623_185539,1782,59.36,30.0,0.0707,0.4458,0.0584,0.1275,240.0,0.1202,1
retrieve_from_the_upper_fridge,episode_0016_20260623_134743,1421,47.34,30.0,0.0669,0.4676,0.0585,0.1228,220.0,0.1131,1
retrieve_from_the_upper_fridge,episode_0016_20260623_185656,1713,57.06,30.0,0.0561,0.4632,0.0368,0.0763,240.0,0.1176,1
retrieve_from_the_upper_fridge,episode_0017_20260622_164556,1752,58.36,30.0,0.1057,0.4843,0.0902,0.1806,240.0,0.1594,1
retrieve_from_the_upper_fridge,episode_0017_20260622_194836,1571,52.32,30.01,0.1306,0.4497,0.0962,0.1987,260.0,0.1196,1
retrieve_from_the_upper_fridge,episode_0017_20260623_134847,1592,53.04,30.0,0.083,0.406,0.0641,0.1509,220.0,0.1117,1
retrieve_from_the_upper_fridge,episode_0017_20260623_185809,1419,47.26,30.0,0.0726,0.5416,0.055,0.0984,260.0,0.134,1
retrieve_from_the_upper_fridge,episode_0018_20260622_164724,1577,52.54,30.0,0.0939,0.5539,0.0869,0.155,300.0,0.156,1
retrieve_from_the_upper_fridge,episode_0018_20260622_194952,1661,55.34,30.0,0.1241,0.4578,0.0946,0.1941,240.0,0.1109,1
retrieve_from_the_upper_fridge,episode_0018_20260623_134956,1463,48.72,30.01,0.0889,0.4637,0.0657,0.1348,240.0,0.1031,1
retrieve_from_the_upper_fridge,episode_0018_20260623_185916,1604,53.42,30.01,0.0786,0.4941,0.0593,0.1154,240.0,0.1269,1
retrieve_from_the_upper_fridge,episode_0019_20260622_164840,1562,52.04,30.0,0.1108,0.5112,0.0955,0.1813,320.0,0.1658,1
retrieve_from_the_upper_fridge,episode_0019_20260622_195114,1721,57.32,30.01,0.1116,0.4233,0.0872,0.1948,220.0,0.1238,1
retrieve_from_the_upper_fridge,episode_0019_20260623_135104,1626,54.18,29.99,0.0628,0.4357,0.0517,0.1157,240.0,0.1091,1
retrieve_from_the_upper_fridge,episode_0019_20260623_190031,1749,58.28,29.99,0.0698,0.4153,0.0538,0.1247,240.0,0.121,1
retrieve_from_the_upper_fridge,episode_0020_20260622_165015,1615,53.8,30.0,0.1078,0.4771,0.0874,0.1756,260.0,0.1321,1
retrieve_from_the_upper_fridge,episode_0020_20260622_195228,1489,49.58,30.01,0.0974,0.4772,0.0813,0.1649,200.0,0.115,1
retrieve_from_the_upper_fridge,episode_0020_20260623_135215,1458,48.58,29.99,0.0961,0.4695,0.0762,0.1557,220.0,0.1085,1
retrieve_from_the_upper_fridge,episode_0021_20260622_195331,1539,51.26,30.0,0.1235,0.4974,0.1001,0.1923,200.0,0.1146,1
retrieve_from_the_upper_fridge,episode_0021_20260623_190304,1706,56.84,30.0,0.0534,0.4422,0.044,0.0974,260.0,0.1205,2
retrieve_from_the_upper_fridge,episode_0022_20260622_165214,1714,57.1,30.0,0.0671,0.4133,0.0578,0.1367,260.0,0.1348,1
retrieve_from_the_upper_fridge,episode_0022_20260622_195438,1762,58.7,30.0,0.1068,0.4304,0.0852,0.1884,240.0,0.1177,1
retrieve_from_the_upper_fridge,episode_0022_20260623_135405,1469,48.92,30.01,0.0858,0.4612,0.0783,0.1672,200.0,0.1094,1
retrieve_from_the_upper_fridge,episode_0022_20260623_190426,1806,60.18,29.99,0.0609,0.4144,0.0471,0.11,240.0,0.1085,1
retrieve_from_the_upper_fridge,episode_0023_20260622_165340,1591,53.0,30.0,0.078,0.4623,0.0692,0.1469,220.0,0.1151,1
retrieve_from_the_upper_fridge,episode_0023_20260622_195551,1317,43.86,30.0,0.1315,0.5137,0.114,0.2146,240.0,0.1413,1
retrieve_from_the_upper_fridge,episode_0023_20260623_135512,1647,54.86,30.0,0.0765,0.4149,0.0626,0.1459,260.0,0.115,1
retrieve_from_the_upper_fridge,episode_0024_20260622_195653,1459,48.6,30.0,0.1296,0.5185,0.1111,0.2069,220.0,0.1117,1
retrieve_from_the_upper_fridge,episode_0024_20260623_135629,1527,50.86,30.0,0.0806,0.4908,0.0636,0.1252,220.0,0.1207,1
retrieve_from_the_upper_fridge,episode_0024_20260623_190611,1605,53.46,30.0,0.0549,0.4738,0.048,0.0999,260.0,0.1152,1
retrieve_from_the_upper_fridge,episode_0025_20260622_165707,1613,53.74,30.0,0.1148,0.4516,0.0931,0.1966,240.0,0.153,1
retrieve_from_the_upper_fridge,episode_0025_20260622_195758,1437,47.86,30.0,0.1065,0.4965,0.0857,0.1655,200.0,0.1087,2
retrieve_from_the_upper_fridge,episode_0025_20260623_135741,1445,48.14,30.0,0.0935,0.509,0.0727,0.1373,240.0,0.1077,1
retrieve_from_the_upper_fridge,episode_0025_20260623_190734,1627,54.2,30.0,0.0486,0.4656,0.0412,0.0871,240.0,0.1132,1
retrieve_from_the_upper_fridge,episode_0026_20260622_195909,1434,47.76,30.0,0.104,0.4815,0.0789,0.1556,200.0,0.1193,1
retrieve_from_the_upper_fridge,episode_0026_20260623_135847,1477,49.2,30.0,0.107,0.5224,0.0793,0.1441,180.0,0.1103,1
retrieve_from_the_upper_fridge,episode_0026_20260623_190845,1570,52.3,30.0,0.0535,0.4978,0.0395,0.0772,240.0,0.1201,1
retrieve_from_the_upper_fridge,episode_0027_20260622_200010,1456,48.5,30.0,0.1168,0.4838,0.0893,0.1747,220.0,0.1139,1
retrieve_from_the_upper_fridge,episode_0027_20260623_135951,1480,49.3,30.0,0.0967,0.4848,0.0751,0.1482,180.0,0.1077,1
retrieve_from_the_upper_fridge,episode_0027_20260623_190953,1551,51.66,30.0,0.0432,0.4981,0.0342,0.0674,280.0,0.1165,1
retrieve_from_the_upper_fridge,episode_0028_20260622_170201,1536,51.16,30.0,0.0984,0.4906,0.0762,0.1487,240.0,0.1156,1
retrieve_from_the_upper_fridge,episode_0028_20260622_200113,1650,54.96,30.0,0.0885,0.4378,0.0679,0.1481,240.0,0.1062,1
retrieve_from_the_upper_fridge,episode_0028_20260623_140102,1449,48.26,30.0,0.0939,0.4924,0.0704,0.1365,220.0,0.1152,1
retrieve_from_the_upper_fridge,episode_0028_20260623_191101,1599,53.26,30.0,0.0307,0.4756,0.0232,0.0479,240.0,0.1134,1
retrieve_from_the_upper_fridge,episode_0029_20260622_170327,1607,53.54,30.0,0.0672,0.477,0.043,0.0857,220.0,0.1138,1
retrieve_from_the_upper_fridge,episode_0029_20260622_200228,1461,48.68,29.99,0.1295,0.5089,0.0959,0.1768,220.0,0.1109,1
retrieve_from_the_upper_fridge,episode_0029_20260623_140205,1530,50.96,30.0,0.0876,0.4879,0.0647,0.1268,200.0,0.1163,1
retrieve_from_the_upper_fridge,episode_0029_20260623_191212,1664,55.42,30.01,0.0385,0.4275,0.0271,0.0616,260.0,0.121,1
retrieve_from_the_upper_fridge,episode_0030_20260622_200330,1528,50.9,30.0,0.0878,0.4833,0.0675,0.1339,220.0,0.117,1
retrieve_from_the_upper_fridge,episode_0030_20260623_140313,1564,52.1,30.0,0.0915,0.4939,0.0729,0.1423,220.0,0.1085,1
retrieve_from_the_upper_fridge,episode_0030_20260623_191324,1713,57.06,30.0,0.0532,0.462,0.0444,0.0943,240.0,0.1323,1
retrieve_from_the_upper_fridge,episode_0031_20260622_170522,1784,59.42,30.01,0.0662,0.4083,0.0505,0.119,280.0,0.1187,1
retrieve_from_the_upper_fridge,episode_0031_20260622_200435,1567,52.2,30.0,0.0766,0.4706,0.0613,0.1261,240.0,0.128,1
retrieve_from_the_upper_fridge,episode_0031_20260623_140420,1512,50.36,30.0,0.096,0.5235,0.0761,0.1401,180.0,0.1026,1
retrieve_from_the_upper_fridge,episode_0031_20260623_191445,1608,53.56,30.0,0.0516,0.4412,0.0361,0.079,240.0,0.1234,1
retrieve_from_the_upper_fridge,episode_0032_20260622_170648,1380,45.96,30.0,0.0979,0.5047,0.0674,0.126,220.0,0.1189,1
retrieve_from_the_upper_fridge,episode_0032_20260622_200539,1515,50.48,29.99,0.0997,0.4934,0.0786,0.1528,200.0,0.11,1
retrieve_from_the_upper_fridge,episode_0032_20260623_140528,1650,54.98,29.99,0.0916,0.4621,0.071,0.147,200.0,0.1117,1
retrieve_from_the_upper_fridge,episode_0032_20260623_191557,1645,54.78,30.01,0.0468,0.4617,0.0395,0.0843,280.0,0.1315,1
retrieve_from_the_upper_fridge,episode_0033_20260622_170751,1760,58.64,30.0,0.1103,0.5952,0.1001,0.1653,240.0,0.1735,1
retrieve_from_the_upper_fridge,episode_0033_20260622_200645,1590,52.96,30.0,0.124,0.4852,0.0881,0.1691,220.0,0.1082,1
retrieve_from_the_upper_fridge,episode_0033_20260623_191708,1629,54.26,30.0,0.0448,0.4509,0.0332,0.0717,260.0,0.1221,1
retrieve_from_the_upper_fridge,episode_0034_20260622_200750,1645,54.8,30.0,0.1168,0.4781,0.0845,0.1657,180.0,0.1099,1
retrieve_from_the_upper_fridge,episode_0034_20260623_140717,1411,47.0,30.0,0.0908,0.5319,0.0723,0.1314,220.0,0.1331,1
retrieve_from_the_upper_fridge,episode_0034_20260623_191818,1567,52.2,30.0,0.0683,0.5268,0.0524,0.0965,260.0,0.1212,1
retrieve_from_the_upper_fridge,episode_0035_20260622_200859,1576,52.5,30.0,0.1429,0.4698,0.1067,0.2108,200.0,0.1038,1
retrieve_from_the_upper_fridge,episode_0035_20260623_140824,1454,48.42,30.01,0.0619,0.4914,0.0523,0.1044,240.0,0.1134,1
retrieve_from_the_upper_fridge,episode_0036_20260622_201005,1705,56.8,30.0,0.1221,0.4636,0.0886,0.1783,240.0,0.1102,1
retrieve_from_the_upper_fridge,episode_0036_20260623_140927,1468,48.9,30.0,0.0743,0.4656,0.0491,0.1,200.0,0.1112,1
retrieve_from_the_upper_fridge,episode_0037_20260622_201111,1665,55.46,30.0,0.1238,0.482,0.0968,0.1901,200.0,0.11,1
retrieve_from_the_upper_fridge,episode_0037_20260623_141031,1565,52.12,30.01,0.0556,0.4821,0.046,0.0936,240.0,0.1071,1
retrieve_from_the_upper_fridge,episode_0038_20260623_141138,1417,47.2,30.0,0.0643,0.5071,0.0494,0.0947,220.0,0.1171,1
retrieve_from_the_upper_fridge,episode_0038_20260623_192156,1539,51.26,30.0,0.0787,0.4831,0.0637,0.1279,240.0,0.1333,1
retrieve_from_the_upper_fridge,episode_0039_20260622_201242,1476,49.16,30.0,0.1031,0.5322,0.0854,0.1554,280.0,0.1239,1
retrieve_from_the_upper_fridge,episode_0039_20260623_141240,1561,52.0,30.0,0.1032,0.4782,0.0724,0.1423,200.0,0.1127,1
retrieve_from_the_upper_fridge,episode_0039_20260623_192306,1609,53.6,30.0,0.0591,0.4845,0.0448,0.0898,240.0,0.1389,1
retrieve_from_the_upper_fridge,episode_0040_20260622_201344,1597,53.2,30.0,0.0827,0.4718,0.067,0.1375,220.0,0.1086,1
retrieve_from_the_upper_fridge,episode_0040_20260623_141349,1499,49.94,30.0,0.1362,0.5227,0.1148,0.211,180.0,0.1101,1
retrieve_from_the_upper_fridge,episode_0040_20260623_192414,1543,51.42,29.99,0.0538,0.4786,0.0422,0.086,200.0,0.1217,1
retrieve_from_the_upper_fridge,episode_0041_20260622_201450,1566,52.18,29.99,0.108,0.4703,0.0863,0.1753,240.0,0.1019,1
retrieve_from_the_upper_fridge,episode_0041_20260623_141500,1489,49.6,30.0,0.1055,0.4966,0.0827,0.1591,240.0,0.1096,1
retrieve_from_the_upper_fridge,episode_0041_20260623_192520,1562,52.04,30.0,0.0602,0.5157,0.0506,0.0963,220.0,0.113,1
retrieve_from_the_upper_fridge,episode_0042_20260622_201553,1586,52.82,30.01,0.1054,0.4789,0.0864,0.1736,160.0,0.1079,1
retrieve_from_the_upper_fridge,episode_0042_20260623_141608,1466,48.82,30.01,0.0512,0.4997,0.0341,0.0661,220.0,0.1148,1
retrieve_from_the_upper_fridge,episode_0042_20260623_192629,1589,52.94,30.0,0.039,0.4761,0.0309,0.0637,280.0,0.129,1
retrieve_from_the_upper_fridge,episode_0043_20260623_141713,1529,50.92,30.01,0.0713,0.4804,0.0556,0.1121,220.0,0.1131,1
retrieve_from_the_upper_fridge,episode_0043_20260623_192740,1546,51.5,30.0,0.0634,0.4958,0.046,0.0895,240.0,0.1111,1
retrieve_from_the_upper_fridge,episode_0044_20260622_201745,1467,48.88,29.99,0.1269,0.4618,0.0982,0.2003,180.0,0.1022,1
retrieve_from_the_upper_fridge,episode_0044_20260623_141819,1467,48.86,30.0,0.0907,0.5048,0.0757,0.1457,180.0,0.1138,1
retrieve_from_the_upper_fridge,episode_0044_20260623_192846,1655,55.14,30.0,0.0931,0.5206,0.0804,0.1508,240.0,0.1406,1
retrieve_from_the_upper_fridge,episode_0045_20260622_201845,1542,51.36,30.0,0.1032,0.4568,0.0681,0.1385,239.9,0.1116,1
retrieve_from_the_upper_fridge,episode_0045_20260623_141924,1692,56.38,29.99,0.0639,0.4435,0.0497,0.1085,240.0,0.1144,1
retrieve_from_the_upper_fridge,episode_0045_20260623_192958,1545,51.46,30.0,0.0492,0.5065,0.0415,0.0806,240.0,0.1126,1
retrieve_from_the_upper_fridge,episode_0046_20260622_201958,1447,48.2,30.0,0.1189,0.4993,0.0885,0.1671,200.0,0.1089,1
retrieve_from_the_upper_fridge,episode_0046_20260623_142040,1600,53.3,30.0,0.0675,0.4553,0.0513,0.1088,180.0,0.1008,1
retrieve_from_the_upper_fridge,episode_0046_20260623_193107,1560,51.96,30.0,0.0436,0.4875,0.0366,0.0739,220.0,0.1221,1
retrieve_from_the_upper_fridge,episode_0047_20260622_202104,1417,47.18,30.01,0.149,0.5162,0.1172,0.2139,200.0,0.1056,1
retrieve_from_the_upper_fridge,episode_0047_20260623_142148,1468,48.9,30.0,0.0695,0.4635,0.0491,0.1014,240.0,0.0956,1
retrieve_from_the_upper_fridge,episode_0047_20260623_193217,1632,54.36,30.0,0.054,0.4972,0.0399,0.0779,240.0,0.1168,1
retrieve_from_the_upper_fridge,episode_0048_20260622_202201,1554,51.78,29.99,0.15,0.492,0.1165,0.2218,260.0,0.1074,1
retrieve_from_the_upper_fridge,episode_0048_20260623_142251,1530,50.98,29.99,0.0844,0.4604,0.0615,0.1272,220.0,0.1116,1
retrieve_from_the_upper_fridge,episode_0048_20260623_193328,1509,50.26,30.0,0.0504,0.4662,0.0424,0.0895,220.0,0.0963,1
retrieve_from_the_upper_fridge,episode_0049_20260622_202304,1482,49.36,30.0,0.1384,0.5192,0.104,0.1878,180.0,0.1108,1
retrieve_from_the_upper_fridge,episode_0049_20260623_142400,1447,48.2,30.0,0.0726,0.5277,0.0615,0.1142,240.0,0.1032,1
retrieve_from_the_upper_fridge,episode_0049_20260623_193434,1566,52.16,30.0,0.0524,0.4869,0.0428,0.0862,220.0,0.0966,1
retrieve_from_the_upper_fridge,episode_0050_20260622_202418,1356,45.18,29.99,0.1446,0.5432,0.1144,0.1995,240.0,0.1144,1
retrieve_from_the_upper_fridge,episode_0050_20260623_142503,1524,50.76,30.0,0.0611,0.4819,0.0506,0.1027,240.0,0.1035,1
retrieve_from_the_upper_fridge,episode_0050_20260623_193542,1497,49.86,30.0,0.0635,0.508,0.0434,0.0823,220.0,0.1119,1
retrieve_from_the_upper_fridge,episode_0051_20260622_202516,1521,50.66,30.0,0.125,0.4717,0.0967,0.1934,220.0,0.1201,1
retrieve_from_the_upper_fridge,episode_0051_20260623_142609,1613,53.72,30.01,0.0633,0.4318,0.0552,0.1255,220.0,0.1074,1
retrieve_from_the_upper_fridge,episode_0051_20260623_193657,1471,49.0,30.0,0.0469,0.4918,0.0388,0.0776,200.0,0.0997,1
retrieve_from_the_upper_fridge,episode_0052_20260622_202632,1354,45.1,30.0,0.1338,0.5122,0.1064,0.1973,220.0,0.111,1
retrieve_from_the_upper_fridge,episode_0052_20260623_142724,1518,50.56,30.0,0.0633,0.4766,0.0481,0.0979,180.0,0.1127,1
retrieve_from_the_upper_fridge,episode_0052_20260623_193801,1501,50.0,30.0,0.0647,0.516,0.056,0.1067,220.0,0.1126,1
retrieve_from_the_upper_fridge,episode_0053_20260623_142836,1391,46.34,30.0,0.0835,0.495,0.0576,0.1105,200.0,0.1048,1
retrieve_from_the_upper_fridge,episode_0054_20260622_202929,1388,46.22,30.01,0.1204,0.5169,0.0959,0.1771,200.0,0.1179,1
retrieve_from_the_upper_fridge,episode_0054_20260623_142943,1476,49.16,30.0,0.0746,0.4712,0.0556,0.1134,240.0,0.1089,1
retrieve_from_the_upper_fridge,episode_0054_20260623_193920,1499,49.94,30.0,0.0654,0.5601,0.0547,0.0959,220.0,0.1153,1
retrieve_from_the_upper_fridge,episode_0055_20260622_203029,1456,48.5,30.0,0.1162,0.4838,0.088,0.1718,200.0,0.1066,1
retrieve_from_the_upper_fridge,episode_0055_20260623_143051,1402,46.7,30.0,0.0728,0.5118,0.0557,0.1053,180.0,0.102,1
retrieve_from_the_upper_fridge,episode_0056_20260622_203130,1535,51.14,30.0,0.1076,0.4635,0.0906,0.1886,280.0,0.1115,1
retrieve_from_the_upper_fridge,episode_0056_20260623_143154,1463,48.74,30.0,0.093,0.5109,0.0746,0.1408,240.0,0.1059,1
retrieve_from_the_upper_fridge,episode_0056_20260623_194130,1515,50.46,30.0,0.0575,0.4868,0.0423,0.0842,220.0,0.1086,1
retrieve_from_the_upper_fridge,episode_0057_20260622_203236,1445,48.14,30.0,0.1468,0.4889,0.1101,0.2095,260.0,0.1174,1
retrieve_from_the_upper_fridge,episode_0057_20260623_143256,1343,44.72,30.01,0.0835,0.5507,0.0686,0.1212,180.0,0.1186,1
retrieve_from_the_upper_fridge,episode_0058_20260622_203337,1316,43.84,30.0,0.1293,0.5323,0.1034,0.1853,200.0,0.114,1
retrieve_from_the_upper_fridge,episode_0058_20260623_143356,1364,45.44,30.0,0.0858,0.5077,0.0704,0.1346,240.0,0.1013,1
retrieve_from_the_upper_fridge,episode_0058_20260623_194321,1412,47.04,30.0,0.0709,0.5188,0.0595,0.1123,200.0,0.1228,1
retrieve_from_the_upper_fridge,episode_0059_20260622_203430,1540,51.3,30.0,0.104,0.4737,0.078,0.156,200.0,0.1159,1
retrieve_from_the_upper_fridge,episode_0059_20260623_143454,1408,46.9,30.0,0.0959,0.5046,0.0775,0.1481,180.0,0.1104,1
retrieve_from_the_upper_fridge,episode_0059_20260623_194420,1459,48.6,30.0,0.1111,0.5549,0.085,0.1464,240.0,0.1025,1
retrieve_from_the_upper_fridge,episode_0060_20260622_203536,1356,45.16,30.0,0.1122,0.5631,0.0863,0.1466,200.0,0.1223,1
retrieve_from_the_upper_fridge,episode_0060_20260623_143554,1525,50.8,30.0,0.0722,0.5144,0.0617,0.1175,180.0,0.1201,1
retrieve_from_the_upper_fridge,episode_0061_20260622_203634,1459,48.6,30.0,0.1235,0.4781,0.0898,0.1756,240.0,0.108,1
retrieve_from_the_upper_fridge,episode_0061_20260623_143704,1539,51.26,30.0,0.0754,0.4857,0.0598,0.1193,180.0,0.1118,1
retrieve_from_the_upper_fridge,episode_0061_20260623_194603,1561,52.0,30.0,0.0615,0.4987,0.0526,0.1035,220.0,0.1026,1
retrieve_from_the_upper_fridge,episode_0062_20260622_203734,1441,48.0,30.0,0.134,0.491,0.1083,0.2097,259.9,0.1081,1
retrieve_from_the_upper_fridge,episode_0062_20260623_143808,1602,53.36,30.0,0.0693,0.4585,0.0493,0.1031,220.0,0.0948,1
retrieve_from_the_upper_fridge,episode_0062_20260623_194709,1621,54.0,30.0,0.066,0.4623,0.0512,0.1074,240.0,0.1085,1
retrieve_from_the_upper_fridge,episode_0063_20260622_203844,1437,47.86,30.0,0.1288,0.4923,0.101,0.1941,220.0,0.1308,1
retrieve_from_the_upper_fridge,episode_0063_20260623_143914,1507,50.2,30.0,0.0664,0.4867,0.0551,0.1107,240.0,0.1012,1
retrieve_from_the_upper_fridge,episode_0064_20260622_203952,1445,48.14,30.0,0.1454,0.5187,0.117,0.2139,220.0,0.1147,1
retrieve_from_the_upper_fridge,episode_0064_20260623_144018,1475,49.14,30.0,0.0468,0.4844,0.0353,0.0711,220.0,0.111,1
retrieve_from_the_upper_fridge,episode_0065_20260622_204052,1411,47.0,30.0,0.1702,0.5532,0.1305,0.2201,240.0,0.1195,1
retrieve_from_the_upper_fridge,episode_0066_20260622_204150,1352,45.02,30.01,0.154,0.5529,0.1258,0.2166,220.0,0.116,1
retrieve_from_the_upper_fridge,episode_0067_20260622_204245,1343,44.74,30.0,0.1505,0.5432,0.1073,0.183,280.0,0.1156,1
retrieve_from_the_upper_fridge,episode_0068_20260622_204340,1406,46.84,30.0,0.1381,0.5181,0.1125,0.2068,240.0,0.1142,1
retrieve_from_the_upper_fridge,episode_0069_20260622_204439,1352,45.04,30.0,0.1495,0.5514,0.1184,0.2033,200.0,0.1103,1
retrieve_from_the_upper_fridge,episode_0070_20260622_204535,1244,41.44,30.0,0.1376,0.5817,0.0998,0.161,240.0,0.1219,1
wipe_table,episode_0000_20260522_212805,863,28.74,29.99,0.4165,0.8654,0.4084,0.4675,40.0,0.1228,1
wipe_table,episode_0000_20260522_224435,1024,34.1,30.0,0.436,0.8407,0.4252,0.4994,80.0,0.124,1
wipe_table,episode_0000_20260524_144549,865,28.8,30.0,0.3738,0.8102,0.3646,0.4449,40.0,0.1301,1
wipe_table,episode_0000_20260524_163040,746,24.82,30.02,0.4403,0.8805,0.4336,0.4887,0.0,0.1244,1
wipe_table,episode_0001_20260522_221248,793,26.4,30.0,0.553,0.9318,0.5455,0.5806,80.0,0.1472,1
wipe_table,episode_0001_20260522_224532,848,28.24,29.99,0.4616,0.8194,0.4404,0.5239,120.0,0.1297,1
wipe_table,episode_0001_20260523_171058,761,25.34,29.99,0.4526,0.8329,0.4263,0.4962,-20.0,0.121,1
wipe_table,episode_0001_20260524_144638,866,28.82,30.01,0.3723,0.8324,0.3665,0.4372,40.0,0.1235,1
wipe_table,episode_0001_20260524_163156,677,22.54,29.99,0.4749,0.8654,0.4675,0.5356,120.0,0.1223,1
wipe_table,episode_0002_20260522_221331,848,28.24,29.99,0.451,0.8418,0.4427,0.5208,80.0,0.1159,1
wipe_table,episode_0002_20260522_224623,942,31.36,30.01,0.4527,0.8587,0.4389,0.503,80.0,0.1303,1
wipe_table,episode_0002_20260523_171210,882,29.36,30.01,0.4154,0.7991,0.4075,0.5049,40.0,0.1217,1
wipe_table,episode_0003_20260522_221421,951,31.68,29.99,0.4758,0.8053,0.4684,0.5764,80.0,0.1385,1
wipe_table,episode_0003_20260522_224716,850,28.3,30.0,0.596,0.9223,0.5913,0.6379,80.0,0.1438,1
wipe_table,episode_0003_20260523_171323,630,20.96,30.01,0.4213,0.8394,0.4118,0.485,60.0,0.1128,1
wipe_table,episode_0003_20260524_144751,654,21.76,30.01,0.4303,0.9127,0.4288,0.469,120.0,0.1249,1
wipe_table,episode_0003_20260524_163318,767,25.52,30.02,0.6123,0.9373,0.5979,0.6283,80.0,0.1437,1
wipe_table,episode_0004_20260522_213057,763,25.4,30.0,0.4856,0.8885,0.4816,0.5397,160.0,0.1331,1
wipe_table,episode_0004_20260522_221510,945,31.46,30.01,0.4513,0.8358,0.4322,0.5056,179.9,0.1549,1
wipe_table,episode_0004_20260522_224811,834,27.76,30.01,0.4286,0.7743,0.3962,0.4911,80.0,0.144,1
wipe_table,episode_0004_20260523_171412,641,21.34,29.99,0.4469,0.8859,0.4375,0.4887,60.0,0.1198,1
wipe_table,episode_0004_20260524_144851,686,22.82,30.02,0.4321,0.9007,0.4117,0.4469,0.0,0.1087,1
wipe_table,episode_0005_20260522_213156,877,29.2,30.0,0.4429,0.8607,0.4372,0.5046,80.0,0.1245,1
wipe_table,episode_0005_20260522_221602,808,26.9,30.0,0.4164,0.834,0.4064,0.4816,220.0,0.145,1
wipe_table,episode_0005_20260522_224900,933,31.08,29.99,0.4388,0.809,0.4324,0.5303,200.0,0.1223,1
wipe_table,episode_0005_20260523_171453,715,23.8,30.0,0.3978,0.8263,0.3922,0.4714,120.0,0.1298,1
wipe_table,episode_0005_20260524_144938,757,25.2,30.0,0.3386,0.8095,0.3214,0.3888,0.0,0.1286,1
wipe_table,episode_0006_20260522_224953,942,31.36,30.01,0.5292,0.8948,0.5197,0.5746,180.0,0.1343,1
wipe_table,episode_0006_20260524_145031,699,23.26,30.01,0.3725,0.8166,0.3625,0.4385,40.0,0.1199,1
wipe_table,episode_0007_20260522_213405,757,25.2,30.0,0.4444,0.8743,0.4365,0.4948,80.0,0.1119,1
wipe_table,episode_0007_20260522_225042,1011,33.68,29.99,0.501,0.8475,0.4891,0.5691,120.0,0.1212,1
wipe_table,episode_0007_20260523_171607,772,25.7,30.0,0.3722,0.847,0.3567,0.4135,-20.0,0.1315,1
wipe_table,episode_0007_20260524_145129,692,23.04,29.99,0.4443,0.8654,0.424,0.4788,80.0,0.1324,1
wipe_table,episode_0008_20260522_213458,734,24.44,29.99,0.4625,0.8458,0.4407,0.5079,60.0,0.1247,1
wipe_table,episode_0008_20260522_225134,766,25.5,30.0,0.5895,0.8797,0.566,0.6266,120.0,0.1247,1
wipe_table,episode_0008_20260523_171659,819,27.26,30.01,0.4267,0.8178,0.4132,0.4971,319.9,0.1348,1
wipe_table,episode_0008_20260524_145210,690,22.98,29.98,0.4253,0.897,0.4238,0.4717,40.0,0.1438,1
wipe_table,episode_0009_20260522_213541,811,27.0,30.0,0.3926,0.8407,0.3901,0.4627,-40.0,0.1345,1
wipe_table,episode_0009_20260522_225216,854,28.44,29.99,0.5123,0.8417,0.4865,0.5608,160.0,0.1333,1
wipe_table,episode_0009_20260523_171752,814,27.1,30.0,0.4194,0.7847,0.3985,0.4947,80.0,0.1209,1
wipe_table,episode_0009_20260524_145255,590,19.62,30.02,0.4244,0.8642,0.4143,0.4738,80.0,0.1248,1
wipe_table,episode_0010_20260522_213630,772,25.7,30.0,0.4176,0.7873,0.4112,0.518,140.0,0.1257,1
wipe_table,episode_0010_20260522_225300,777,25.86,30.01,0.4072,0.8222,0.3995,0.4814,380.0,0.1174,1
wipe_table,episode_0010_20260523_171850,927,30.88,29.99,0.4179,0.8488,0.3985,0.459,40.0,0.1318,1
wipe_table,episode_0010_20260524_145335,612,20.36,30.01,0.4124,0.8134,0.401,0.4861,80.0,0.1332,1
wipe_table,episode_0011_20260522_213712,742,24.7,30.0,0.3684,0.8205,0.3671,0.4466,-20.0,0.1276,1
wipe_table,episode_0011_20260522_225342,836,27.82,30.01,0.5054,0.8491,0.4982,0.5818,240.0,0.1403,1
wipe_table,episode_0011_20260524_145414,711,23.68,29.98,0.4239,0.8648,0.4127,0.4711,40.0,0.1344,1
wipe_table,episode_0011_20260524_163917,638,21.22,30.02,0.4788,0.8744,0.471,0.5338,40.0,0.1277,1
wipe_table,episode_0012_20260522_213755,893,29.72,30.01,0.4283,0.8543,0.4238,0.4935,80.0,0.1322,1
wipe_table,episode_0012_20260522_225432,847,28.2,30.0,0.4539,0.8357,0.435,0.509,120.0,0.1159,1
wipe_table,episode_0012_20260523_172051,804,26.78,29.99,0.4334,0.8618,0.4197,0.4794,60.0,0.131,1
wipe_table,episode_0012_20260524_145502,730,24.3,30.0,0.3663,0.8395,0.3471,0.4042,40.0,0.1368,1
wipe_table,episode_0013_20260522_225518,754,25.1,30.0,0.4914,0.8446,0.4648,0.5335,180.0,0.1152,1
wipe_table,episode_0013_20260523_172213,773,25.72,30.02,0.4754,0.8744,0.4624,0.5212,60.0,0.1293,1
wipe_table,episode_0013_20260524_164042,766,25.5,30.0,0.4118,0.7987,0.4092,0.5106,40.0,0.1349,1
wipe_table,episode_0014_20260522_213910,833,27.72,30.01,0.4507,0.8401,0.4363,0.5105,40.0,0.1222,1
wipe_table,episode_0014_20260523_172312,705,23.46,30.01,0.419,0.8622,0.4091,0.4691,40.0,0.1423,1
wipe_table,episode_0014_20260524_145617,858,28.56,30.01,0.3921,0.8005,0.3746,0.4579,80.0,0.1273,1
wipe_table,episode_0015_20260522_213958,936,31.16,30.01,0.3754,0.7818,0.3583,0.4485,80.0,0.1192,1
wipe_table,episode_0015_20260522_225657,907,30.2,30.0,0.4448,0.7991,0.3974,0.4694,120.0,0.1131,1
wipe_table,episode_0015_20260523_172359,864,28.78,29.99,0.4253,0.7856,0.4206,0.5323,220.0,0.1342,1
wipe_table,episode_0015_20260524_145704,815,27.12,30.01,0.4103,0.8612,0.4029,0.4639,40.0,0.1456,1
wipe_table,episode_0015_20260524_164212,728,24.24,29.99,0.5089,0.8542,0.4869,0.5557,80.0,0.1414,1
wipe_table,episode_0016_20260522_214056,864,28.76,30.01,0.3986,0.7937,0.3963,0.4978,-100.0,0.1191,1
wipe_table,episode_0016_20260522_225751,776,25.82,30.02,0.4632,0.929,0.4452,0.47,40.0,0.1572,1
wipe_table,episode_0016_20260523_172507,661,22.0,30.0,0.5045,0.9182,0.5,0.5419,399.9,0.1422,1
wipe_table,episode_0016_20260524_145756,655,21.8,30.0,0.3914,0.8303,0.3838,0.458,0.0,0.1151,1
wipe_table,episode_0016_20260524_164257,706,23.5,30.0,0.4851,0.9021,0.4667,0.5069,0.0,0.1583,1
wipe_table,episode_0017_20260522_214212,892,29.7,30.0,0.5006,0.9125,0.4927,0.5354,260.0,0.1293,1
wipe_table,episode_0017_20260522_225836,836,27.84,29.99,0.5269,0.8719,0.5186,0.5891,220.0,0.1242,1
wipe_table,episode_0017_20260523_172550,774,25.76,30.01,0.4282,0.8538,0.4166,0.4813,60.0,0.1385,1
wipe_table,episode_0017_20260524_145839,652,21.7,30.0,0.3978,0.8664,0.3825,0.4338,60.0,0.1215,1
wipe_table,episode_0018_20260522_214302,837,27.86,30.01,0.4294,0.8541,0.4151,0.478,80.0,0.1264,1
wipe_table,episode_0018_20260522_225923,1018,33.9,30.0,0.5025,0.8309,0.4808,0.564,100.0,0.1217,1
wipe_table,episode_0018_20260523_172655,770,25.62,30.02,0.4395,0.8635,0.4304,0.4933,40.0,0.1283,1
wipe_table,episode_0018_20260524_164509,804,26.76,30.01,0.4558,0.8418,0.4496,0.5301,220.0,0.1418,1
wipe_table,episode_0019_20260522_214352,820,27.3,30.0,0.4457,0.8144,0.4383,0.5334,40.0,0.1289,1
wipe_table,episode_0019_20260523_172753,829,27.6,30.0,0.4275,0.8502,0.4118,0.4756,80.0,0.1478,1
wipe_table,episode_0019_20260524_150126,882,29.36,30.01,0.3848,0.8014,0.3768,0.4656,40.0,0.1337,1
wipe_table,episode_0019_20260524_164559,766,25.5,30.0,0.583,0.868,0.5529,0.6157,0.0,0.147,1
wipe_table,episode_0020_20260523_172846,603,20.08,29.98,0.407,0.8422,0.407,0.4832,80.0,0.1509,1
wipe_table,episode_0020_20260524_150221,793,26.4,30.0,0.3876,0.7967,0.3636,0.4431,40.0,0.1318,1
wipe_table,episode_0020_20260524_164645,684,22.76,30.01,0.5798,0.9224,0.5769,0.6234,80.0,0.1657,1
wipe_table,episode_0021_20260522_214456,760,25.3,30.0,0.3834,0.8314,0.3808,0.4566,80.0,0.1355,1
wipe_table,episode_0021_20260523_172924,659,21.94,29.99,0.4544,0.9058,0.4468,0.4892,479.9,0.1438,1
wipe_table,episode_0021_20260524_150317,825,27.46,30.01,0.3956,0.8216,0.3859,0.4642,100.0,0.1297,1
wipe_table,episode_0021_20260524_164724,658,21.9,30.0,0.583,0.9056,0.5738,0.6273,40.0,0.1453,1
wipe_table,episode_0022_20260522_214544,798,26.58,29.98,0.3864,0.7892,0.3614,0.4438,40.0,0.1449,1
wipe_table,episode_0022_20260523_173008,848,28.24,29.99,0.3955,0.7898,0.3802,0.4721,40.0,0.1346,1
wipe_table,episode_0022_20260524_150417,662,22.04,29.99,0.4297,0.8548,0.4266,0.4974,20.0,0.1229,1
wipe_table,episode_0023_20260522_214637,762,25.38,29.98,0.452,0.8725,0.4389,0.4955,80.0,0.1455,1
wipe_table,episode_0023_20260523_173104,645,21.46,30.01,0.472,0.8727,0.4658,0.53,240.0,0.1438,1
wipe_table,episode_0023_20260524_150505,716,23.82,30.02,0.4168,0.8545,0.4098,0.4756,40.0,0.1337,1
wipe_table,episode_0023_20260524_164856,592,19.7,30.0,0.5516,0.934,0.5398,0.5707,20.0,0.1782,1
wipe_table,episode_0024_20260522_214720,873,29.06,30.01,0.5275,0.8796,0.5161,0.5792,80.0,0.1539,1
wipe_table,episode_0024_20260523_173144,659,21.92,30.02,0.497,0.8997,0.4802,0.524,100.0,0.1526,1
wipe_table,episode_0024_20260524_150557,676,22.5,30.0,0.3926,0.8978,0.3822,0.4209,40.0,0.1279,1
wipe_table,episode_0024_20260524_164937,706,23.5,30.0,0.5631,0.9248,0.556,0.5967,60.0,0.1699,1
wipe_table,episode_0025_20260522_214809,774,25.76,30.01,0.5032,0.8616,0.4851,0.5515,80.0,0.1409,1
wipe_table,episode_0025_20260523_173237,695,23.12,30.02,0.4467,0.8516,0.4222,0.4819,60.0,0.1388,1
wipe_table,episode_0025_20260524_165021,674,22.42,30.02,0.5884,0.9331,0.5825,0.6203,120.0,0.1822,1
wipe_table,episode_0026_20260522_214855,949,31.6,30.0,0.4219,0.7764,0.4103,0.5207,80.0,0.1301,1
wipe_table,episode_0026_20260523_173319,681,22.66,30.01,0.4176,0.9074,0.4118,0.4509,80.0,0.1606,1
wipe_table,episode_0026_20260524_165101,566,18.82,30.02,0.5664,0.8973,0.5611,0.6216,40.0,0.1594,1
wipe_table,episode_0027_20260522_214947,740,24.64,29.99,0.4763,0.8742,0.4668,0.5283,0.0,0.1233,1
wipe_table,episode_0027_20260523_173356,673,22.4,30.0,0.3601,0.8557,0.3378,0.3847,40.0,0.1456,1
wipe_table,episode_0027_20260524_150831,633,21.06,30.01,0.4177,0.8671,0.4066,0.4631,0.0,0.13,1
wipe_table,episode_0028_20260522_215046,789,26.26,30.01,0.5038,0.8921,0.4886,0.5385,40.0,0.1328,1
wipe_table,episode_0028_20260524_150911,810,26.96,30.01,0.4129,0.8455,0.4104,0.484,100.0,0.121,1
wipe_table,episode_0029_20260522_215136,809,26.94,29.99,0.4913,0.9146,0.4876,0.531,60.0,0.1227,1
wipe_table,episode_0029_20260524_151005,624,20.76,30.01,0.4109,0.8716,0.3804,0.4217,40.0,0.137,1
wipe_table,episode_0030_20260522_215221,919,30.6,30.0,0.4542,0.89,0.4477,0.4994,80.0,0.1445,1
wipe_table,episode_0030_20260523_173647,626,20.84,29.99,0.4064,0.8432,0.4,0.4708,40.0,0.1521,1
wipe_table,episode_0030_20260524_151050,599,19.92,30.02,0.4331,0.9013,0.4281,0.4723,100.0,0.1244,1
wipe_table,episode_0030_20260524_165310,647,21.54,29.99,0.5093,0.8978,0.4954,0.5433,0.0,0.1551,1
wipe_table,episode_0031_20260522_215311,882,29.36,30.01,0.4677,0.8774,0.4608,0.5212,40.0,0.1331,1
wipe_table,episode_0031_20260523_173724,679,22.6,30.0,0.3673,0.8053,0.3481,0.4222,359.9,0.1534,1
wipe_table,episode_0031_20260524_151218,655,21.8,30.0,0.4144,0.9144,0.4052,0.4387,60.0,0.1262,1
wipe_table,episode_0031_20260524_165351,675,22.48,29.98,0.5252,0.9273,0.5193,0.5564,60.0,0.1724,1
wipe_table,episode_0032_20260523_173811,628,20.9,30.0,0.3541,0.8772,0.3461,0.391,80.0,0.158,1
wipe_table,episode_0032_20260524_151315,601,20.0,30.0,0.4017,0.8967,0.395,0.4373,60.0,0.1254,1
wipe_table,episode_0033_20260522_215448,896,29.84,29.99,0.4212,0.8257,0.4112,0.492,60.0,0.1382,1
wipe_table,episode_0033_20260524_151358,714,23.76,30.01,0.4404,0.9004,0.439,0.4868,140.0,0.1266,1
wipe_table,episode_0034_20260523_174108,614,20.42,30.02,0.4111,0.8711,0.398,0.4502,0.0,0.1163,1
wipe_table,episode_0034_20260524_151450,604,20.1,30.0,0.4395,0.8789,0.4295,0.4832,120.0,0.1284,1
wipe_table,episode_0035_20260523_174148,609,20.26,30.01,0.4359,0.8701,0.4128,0.4622,0.0,0.1357,1
wipe_table,episode_0035_20260524_151547,753,25.08,29.98,0.3963,0.7513,0.3644,0.4652,60.0,0.1263,1
wipe_table,episode_0035_20260524_165552,790,26.3,30.0,0.4651,0.8707,0.4461,0.5014,40.0,0.1421,1
wipe_table,episode_0036_20260524_151631,781,26.0,30.0,0.35,0.7538,0.341,0.4471,40.0,0.1226,1
wipe_table,episode_0037_20260523_174305,741,24.66,30.01,0.3757,0.7743,0.3459,0.4303,0.0,0.1381,1
wipe_table,episode_0037_20260524_151716,549,18.26,30.01,0.4453,0.9106,0.4398,0.4801,120.0,0.1264,1
wipe_table,episode_0037_20260524_165744,716,23.84,29.99,0.5636,0.9329,0.5594,0.597,80.0,0.137,1
wipe_table,episode_0038_20260523_174358,603,20.08,29.98,0.4219,0.8638,0.412,0.4715,0.0,0.1266,1
wipe_table,episode_0038_20260524_151759,661,22.0,30.0,0.3773,0.8212,0.3682,0.4434,80.0,0.1291,1
wipe_table,episode_0039_20260523_174451,697,23.2,30.0,0.4468,0.8506,0.4282,0.4926,120.0,0.1365,1
wipe_table,episode_0039_20260524_151845,571,19.0,30.0,0.507,0.9316,0.5018,0.5356,100.0,0.1399,1
wipe_table,episode_0039_20260524_165921,678,22.56,30.01,0.5495,0.9601,0.5421,0.5603,40.0,0.1498,1
wipe_table,episode_0040_20260523_174545,594,19.76,30.01,0.425,0.9191,0.4165,0.4491,120.0,0.1425,1
wipe_table,episode_0040_20260524_170005,585,19.46,30.01,0.5582,0.9366,0.5411,0.5673,60.0,0.1781,1
wipe_table,episode_0041_20260523_174627,671,22.34,29.99,0.4493,0.9149,0.4373,0.4718,60.0,0.1333,1
wipe_table,episode_0041_20260524_152052,627,20.88,29.98,0.361,0.8179,0.3419,0.4084,80.0,0.1275,1
wipe_table,episode_0041_20260524_170045,572,19.02,30.02,0.5902,0.9702,0.5867,0.6025,120.0,0.1564,1
wipe_table,episode_0042_20260523_174705,640,21.3,30.0,0.3959,0.8795,0.3897,0.4399,40.0,0.1424,1
wipe_table,episode_0042_20260524_152204,650,21.64,29.99,0.4653,0.8875,0.4515,0.5009,80.0,0.1242,1
wipe_table,episode_0043_20260524_152256,762,25.36,30.01,0.4783,0.8804,0.4625,0.5161,40.0,0.1493,1
wipe_table,episode_0043_20260524_170219,803,26.74,29.99,0.6072,0.9152,0.591,0.6345,120.0,0.1585,1
wipe_table,episode_0044_20260523_174848,685,22.8,30.0,0.3655,0.8377,0.3553,0.419,0.0,0.1317,1
wipe_table,episode_0044_20260524_152351,696,23.18,29.98,0.3885,0.8475,0.3727,0.4317,40.0,0.1472,1
wipe_table,episode_0044_20260524_170313,674,22.44,29.99,0.477,0.8306,0.4695,0.5603,80.0,0.1546,1
wipe_table,episode_0045_20260523_174930,632,21.04,29.99,0.4739,0.851,0.4469,0.509,60.0,0.1323,1
wipe_table,episode_0045_20260524_152445,763,25.4,30.0,0.4199,0.8281,0.4029,0.4767,80.0,0.1399,1
wipe_table,episode_0045_20260524_170413,733,24.4,30.0,0.5874,0.9536,0.571,0.5887,20.0,0.1801,1
wipe_table,episode_0046_20260523_175019,690,22.98,29.98,0.4296,0.8999,0.4136,0.4517,40.0,0.1329,1
wipe_table,episode_0047_20260523_175103,721,24.0,30.0,0.3528,0.8736,0.3347,0.3754,120.0,0.1383,1
wipe_table,episode_0047_20260524_170538,575,19.12,30.02,0.5314,0.9512,0.5296,0.5558,20.0,0.1627,1
wipe_table,episode_0048_20260523_175141,595,19.8,30.0,0.4882,0.8872,0.468,0.5158,-60.0,0.1359,1
wipe_table,episode_0048_20260524_152707,591,19.66,30.01,0.4475,0.8271,0.4339,0.5161,120.0,0.1471,1
wipe_table,episode_0049_20260523_175220,664,22.1,30.0,0.4163,0.8567,0.4012,0.4602,-20.0,0.1406,1
wipe_table,episode_0049_20260524_152811,680,22.64,29.99,0.3814,0.8527,0.3741,0.4349,140.0,0.1414,1
wipe_table,episode_0049_20260524_170800,570,18.96,30.01,0.5659,0.942,0.5448,0.5657,120.0,0.1611,1
wipe_table,episode_0050_20260524_170839,792,26.36,30.01,0.4956,0.914,0.4918,0.5358,20.0,0.148,1
wipe_table,episode_0052_20260523_175445,624,20.78,29.98,0.4735,0.9213,0.4575,0.488,120.0,0.1317,1
wipe_table,episode_0052_20260524_152958,768,25.58,29.98,0.4302,0.7901,0.4055,0.4976,479.9,0.1272,1
wipe_table,episode_0052_20260524_171007,653,21.74,29.99,0.5138,0.9494,0.5092,0.5338,160.0,0.1615,1
wipe_table,episode_0053_20260523_175540,807,26.88,29.99,0.3697,0.8722,0.3672,0.4199,80.0,0.1381,1
wipe_table,episode_0053_20260524_171053,671,22.34,29.99,0.494,0.8851,0.4791,0.5323,80.0,0.1341,1
wipe_table,episode_0054_20260523_175624,563,18.74,29.99,0.3648,0.847,0.347,0.4012,439.9,0.124,1
wipe_table,episode_0054_20260524_153220,654,21.78,29.98,0.4839,0.8744,0.4732,0.5346,80.0,0.1307,0
wipe_table,episode_0054_20260524_171132,594,19.76,30.01,0.5143,0.946,0.5076,0.5327,80.0,0.141,1
wipe_table,episode_0055_20260523_175739,784,26.1,30.0,0.3883,0.8544,0.3742,0.4309,80.0,0.1254,1
wipe_table,episode_0055_20260524_153301,737,24.54,29.99,0.4321,0.8207,0.428,0.5189,80.0,0.1169,1
wipe_table,episode_0056_20260524_171328,573,19.06,30.01,0.458,0.9038,0.4493,0.4923,40.0,0.1302,1
wipe_table,episode_0057_20260523_175922,690,22.96,30.01,0.3832,0.8592,0.3687,0.4219,80.0,0.1335,1
wipe_table,episode_0057_20260524_153439,580,19.3,30.0,0.4905,0.8946,0.4801,0.5305,140.0,0.1321,1
wipe_table,episode_0057_20260524_171406,538,17.9,30.0,0.5047,0.9385,0.5028,0.5347,140.0,0.1377,1
wipe_table,episode_0058_20260524_153516,670,22.3,30.0,0.438,0.849,0.4305,0.5026,100.0,0.1219,1
wipe_table,episode_0059_20260523_180100,681,22.66,30.01,0.3574,0.8103,0.3397,0.4103,60.0,0.1225,1
wipe_table,episode_0060_20260523_180145,849,28.26,30.01,0.3679,0.9269,0.3632,0.3899,80.0,0.1321,1
wipe_table,episode_0060_20260524_153631,733,24.4,30.0,0.4358,0.8306,0.4249,0.5049,120.0,0.1162,1
wipe_table,episode_0060_20260524_171553,530,17.62,30.02,0.5217,0.9584,0.5142,0.5323,120.0,0.1269,1
wipe_table,episode_0061_20260523_180226,611,20.34,29.99,0.3738,0.8934,0.3623,0.4004,280.0,0.1118,1
wipe_table,episode_0061_20260524_153721,645,21.46,30.01,0.5326,0.9006,0.5248,0.5778,240.0,0.1527,1
wipe_table,episode_0061_20260524_171626,564,18.76,30.01,0.5009,0.952,0.4973,0.5204,80.0,0.1399,1
wipe_table,episode_0062_20260524_171701,571,18.98,30.03,0.5842,0.9684,0.5789,0.5946,100.0,0.1383,1
wipe_table,episode_0064_20260524_171814,529,17.6,30.0,0.4678,0.9451,0.4678,0.495,60.0,0.1628,1
wipe_table,episode_0066_20260524_171936,625,20.8,30.0,0.4663,0.8798,0.4503,0.5027,299.9,0.1549,1
