episode,len_s,right_reversals,right_dur,right_move_frac,right_rev_per_10s,right_slow_frac,right_jitter,right_speed_med,left_reversals,left_dur,left_move_frac,left_rev_per_10s,left_slow_frac,left_jitter,left_speed_med
0,18.12,0,18.12,0.9358407079646017,0.0,0.3053097345132743,0.006764407707474052,0.10866691585015764,0,18.12,0.8429203539823009,0.0,0.5597345132743363,0.005998948695827837,0.05617735614131386
1,18.04,0,18.04,0.9444444444444444,0.0,0.3333333333333333,0.005659122451389918,0.08534434016509784,0,18.04,0.8711111111111111,0.0,0.6155555555555555,0.00533272702563593,0.04346979774939677
2,18.88,0,18.88,0.9660297239915074,0.0,0.33970276008492567,0.00753072601576272,0.08844572860480905,0,18.88,0.940552016985138,0.0,0.6114649681528662,0.005840927841568125,0.03692730378072874
3,12.16,0,12.16,0.9570957095709571,0.0,0.26732673267326734,0.007803654397499743,0.15224173168336463,0,12.16,0.9438943894389439,0.0,0.46534653465346537,0.004829750222737005,0.06602389655190426
4,17.64,0,17.64,0.9840909090909091,0.0,0.5,0.008709507078078181,0.053649866083547715,0,17.64,0.9931818181818182,0.0,0.32727272727272727,0.00911277690824167,0.09025517034227638
5,16.0,0,16.0,0.9824561403508771,0.0,0.22807017543859648,0.004912694285866272,0.11645785640605613,0,16.0,0.9874686716791979,0.0,0.39598997493734334,0.0037275007359072773,0.054692964838675265
6,19.4,0,19.4,0.9731404958677686,0.0,0.2892561983471074,0.006029993907407147,0.0762757426250203,0,19.4,0.9194214876033058,0.0,0.6012396694214877,0.005567263767300313,0.0423782784040467
7,12.96,0,12.96,0.9690402476780186,0.0,0.544891640866873,0.0046823855656671085,0.046317670236549556,0,12.96,0.9597523219814241,0.0,0.28173374613003094,0.006969408389360078,0.13544455594015267
8,18.64,0,18.64,0.9741935483870968,0.0,0.3032258064516129,0.005051175999333575,0.07247456489082378,0,18.64,0.9268817204301075,0.0,0.6989247311827957,0.004277584306086236,0.03931831139412666
9,24.12,0,24.12,0.9800664451827242,0.0,0.19269102990033224,0.006606810383058097,0.13373381577295224,0,24.12,0.9385382059800664,0.0,0.3372093023255814,0.005346962452953918,0.09967206296229092
10,15.4,0,15.4,0.9765625,0.0,0.20833333333333334,0.00686599187791991,0.11373503214096416,0,15.4,0.8151041666666666,0.0,0.5572916666666666,0.00596901088142035,0.05365832302882425
11,16.16,0,16.16,0.9851116625310173,0.0,0.2729528535980149,0.007657277735017867,0.0827252086327367,0,16.16,0.9032258064516129,0.0,0.5856079404466501,0.005372224248761699,0.04157855296813235
12,18.12,0,18.12,0.9646017699115044,0.0,0.19690265486725664,0.0050115218900560815,0.1312617867098519,0,18.12,0.9668141592920354,0.0,0.3141592920353982,0.004091391037057586,0.0850227050768845
13,24.56,0,24.56,0.9804241435562806,0.0,0.3197389885807504,0.007432288209633171,0.08158106447064502,0,24.56,0.967373572593801,0.0,0.564437194127243,0.006791157963121031,0.04209948890321863
14,17.52,0,17.52,0.9954233409610984,0.0,0.2814645308924485,0.00607036685158667,0.08943261355989039,0,17.52,0.9519450800915332,0.0,0.585812356979405,0.005664528784139051,0.04585715303649992
15,12.48,1,12.48,1.0,0.8012820512820513,0.1157556270096463,0.014618838303754949,0.1937378672832447,0,12.48,1.0,0.0,0.10610932475884244,0.015908026061946908,0.2052539776270078
16,16.04,0,16.04,0.9825,0.0,0.2125,0.0045900255540350845,0.1266483535323964,0,16.04,0.98,0.0,0.41,0.003352292891683848,0.06661330691057271
17,14.32,0,14.32,0.9719887955182073,0.0,0.4957983193277311,0.006952130503318098,0.05713326566424874,0,14.32,0.9915966386554622,0.0,0.226890756302521,0.008159781543712533,0.1315943279752121
18,14.88,0,14.88,0.967654986522911,0.0,0.19137466307277629,0.0043938402402244085,0.13865027808113742,0,14.88,0.9919137466307277,0.0,0.30997304582210244,0.004513425465158434,0.07899007395846866
19,18.52,0,18.52,0.9588744588744589,0.0,0.34415584415584416,0.0062383812555495115,0.09148899544085584,0,18.52,0.8809523809523809,0.0,0.5346320346320347,0.007490811807745975,0.053042453907481385
20,14.52,0,14.52,0.9779005524861878,0.0,0.23204419889502761,0.008029349985356642,0.1288425384141238,1,14.52,0.9613259668508287,0.6887052341597797,0.47513812154696133,0.00542641100798736,0.05900606041990027
21,11.48,0,11.48,0.9895104895104895,0.0,0.12237762237762238,0.008765292925396309,0.2238151151583464,0,11.48,0.993006993006993,0.0,0.15384615384615385,0.009216247806560569,0.21269762475012266
22,24.44,0,24.44,0.9901639344262295,0.0,0.1885245901639344,0.006828329305495243,0.1443865349574035,0,24.44,0.9704918032786886,0.0,0.3524590163934426,0.005230411717767447,0.10332378902888834
23,25.84,0,25.84,0.9689922480620154,0.0,0.27286821705426356,0.006206157644068124,0.11772123955657142,0,25.84,0.7813953488372093,0.0,0.772093023255814,0.004349564215183348,0.0305928424269845
24,18.68,0,18.68,0.9957081545064378,0.0,0.2510729613733906,0.006523225829553449,0.07901413726255,0,18.68,0.9098712446351931,0.0,0.5901287553648069,0.005561621410873326,0.04674444795975331
25,21.44,0,21.44,0.994392523364486,0.0,0.11588785046728972,0.007029396078679403,0.13228195709452253,0,21.44,0.9962616822429906,0.0,0.1102803738317757,0.0064916259674433745,0.1275549359053232
26,23.48,0,23.48,0.9880546075085325,0.0,0.32081911262798635,0.008440700678526957,0.08420562968407035,0,23.48,0.9488054607508533,0.0,0.49658703071672355,0.006971123234680853,0.05390434844933009
27,14.84,0,14.84,0.9540540540540541,0.0,0.5783783783783784,0.006123944335195988,0.04037180261315739,0,14.84,0.9432432432432433,0.0,0.24864864864864866,0.00791487997968757,0.12184186179319598
28,16.52,0,16.52,0.9660194174757282,0.0,0.22330097087378642,0.0045658384931185365,0.11104754679109417,0,16.52,0.9878640776699029,0.0,0.46601941747572817,0.003586571371838333,0.05221531131091263
29,18.44,0,18.44,1.0,0.0,0.17608695652173914,0.007885507911726373,0.10343718786394596,0,18.44,0.9782608695652174,0.0,0.4326086956521739,0.0074885691973131715,0.06308424526387796
30,21.84,0,21.84,0.9798165137614679,0.0,0.21100917431192662,0.007129113569791281,0.16104176055034242,0,21.84,0.9798165137614679,0.0,0.22201834862385322,0.006881905607975106,0.12439750401544822
31,21.44,0,21.44,0.9962616822429906,0.0,0.08971962616822429,0.0061850847419606374,0.1486723756793658,0,21.44,0.9981308411214953,0.0,0.08037383177570094,0.0056336217780353715,0.15300133031956384
32,11.4,1,11.4,1.0,0.8771929824561403,0.14788732394366197,0.013803241316288677,0.24028219531886585,0,11.4,0.9894366197183099,0.0,0.24295774647887325,0.012419870978739063,0.2065476607273188
33,25.72,0,25.72,0.9875389408099688,0.0,0.2850467289719626,0.00598546621060107,0.11393077763929103,0,25.72,0.8738317757009346,0.0,0.7912772585669782,0.004694560491776018,0.02464242944057688
34,14.72,0,14.72,0.989100817438692,0.0,0.24250681198910082,0.007325222854650945,0.11541280435808837,0,14.72,0.9564032697547684,0.0,0.49591280653950953,0.005494408924699569,0.05540555159000238
35,16.52,0,16.52,0.9660194174757282,0.0,0.24029126213592233,0.004179613517685201,0.132590853842367,0,16.52,0.9538834951456311,0.0,0.3446601941747573,0.0038209827197210576,0.06533697427399018
36,18.32,0,18.32,0.9299781181619255,0.0,0.37636761487964987,0.006328612870828691,0.07614225823070447,0,18.32,0.9146608315098468,0.0,0.6083150984682714,0.007244593180973166,0.04280938051308599
37,10.2,0,10.2,1.0,0.0,0.13385826771653545,0.010473686213542718,0.24525491991352777,0,10.2,0.9960629921259843,0.0,0.11023622047244094,0.012094214902230928,0.24469334107710805
38,23.48,0,23.48,0.9744027303754266,0.0,0.29180887372013653,0.0068848597767812185,0.13100910971383586,0,23.48,0.9249146757679181,0.0,0.7713310580204779,0.004901264922126487,0.02566186359035427
39,16.4,0,16.4,0.9706601466992665,0.0,0.23471882640586797,0.004831307161369416,0.14066214780693706,0,16.4,0.9682151589242054,0.0,0.36185819070904646,0.004236151232740452,0.07402417284051474
40,25.8,0,25.8,1.0,0.0,0.09316770186335403,0.0056717048819821545,0.11188615907594412,0,25.8,1.0,0.0,0.15372670807453417,0.005670212951420422,0.11595645404651167
41,16.04,0,16.04,0.9675,0.0,0.5,0.005700895364400069,0.05466065736610181,0,16.04,0.9725,0.0,0.245,0.0075906416327680675,0.1195974099188735
42,23.32,0,23.32,0.993127147766323,0.0,0.2766323024054983,0.0072535018217992926,0.08898894035574029,0,23.32,0.9828178694158075,0.0,0.40893470790378006,0.007839714876977271,0.06093073861337943
43,20.08,0,20.08,0.998003992015968,0.0,0.08782435129740519,0.008247069420450693,0.15559359939452075,0,20.08,1.0,0.0,0.12574850299401197,0.007074850163454669,0.16155769965379693
44,15.04,0,15.04,0.9573333333333334,0.0,0.29333333333333333,0.0078007446347472965,0.13104825184571778,0,15.04,0.944,0.0,0.49866666666666665,0.00487770238626857,0.07569005491167066
45,14.52,0,14.52,0.9861878453038674,0.0,0.19060773480662985,0.004303055339570538,0.13633107935143127,0,14.52,0.9723756906077348,0.0,0.3812154696132597,0.003745597050230122,0.059663835193133306
46,25.12,0,25.12,0.988835725677831,0.0,0.23763955342902712,0.007048748280852035,0.14598582233644225,0,25.12,0.9681020733652312,0.0,0.3397129186602871,0.00594638401911497,0.10411099374973054
47,12.04,0,12.04,0.9966666666666667,0.0,0.11333333333333333,0.014381426480242631,0.23622532855352182,0,12.04,0.9966666666666667,0.0,0.09333333333333334,0.014513560407560615,0.21975596337260328
48,8.28,0,8.28,1.0,0.0,0.09223300970873786,0.020120364220759433,0.23996348648636756,0,8.28,1.0,0.0,0.043689320388349516,0.02142706864909017,0.220208883892861
49,18.96,0,18.96,1.0,0.0,0.06342494714587738,0.006990816577273477,0.16394623135548983,0,18.96,0.9957716701902748,0.0,0.0507399577167019,0.006588996144095789,0.15626921558045392
50,17.2,0,17.2,0.972027972027972,0.0,0.22843822843822845,0.0041290248336229305,0.13364980211810631,0,17.2,0.9790209790209791,0.0,0.32867132867132864,0.0038986729769872417,0.07612163243358538
51,8.2,0,8.2,0.9411764705882353,0.0,0.39215686274509803,0.004919316366939713,0.0900508821113676,0,8.2,0.9901960784313726,0.0,0.2647058823529412,0.006398967423663632,0.13250612231894504
52,8.64,0,8.64,1.0,0.0,0.09302325581395349,0.013572749235689506,0.23639626158587368,0,8.64,0.9906976744186047,0.0,0.10232558139534884,0.014018390023232158,0.23439033919002064
53,16.44,0,16.44,0.973170731707317,0.0,0.2,0.004152047969969895,0.12049948350160995,0,16.44,0.9780487804878049,0.0,0.45121951219512196,0.003281574685168352,0.05440256559525646
54,24.08,0,24.08,0.9850249584026622,0.0,0.3011647254575707,0.007682548105732027,0.08656759447827223,0,24.08,0.978369384359401,0.0,0.5108153078202995,0.006537982949171129,0.050225595261959105
55,8.52,0,8.52,0.9764150943396226,0.0,0.20754716981132076,0.007117088190098207,0.11890176870503517,0,8.52,1.0,0.0,0.20754716981132076,0.006737730683549965,0.1208781623492649
56,13.36,0,13.36,0.9369369369369369,0.0,0.4774774774774775,0.006406092419974413,0.05607425370545224,0,13.36,0.9819819819819819,0.0,0.18018018018018017,0.007782304055354656,0.13813032982698487
57,10.64,0,10.64,0.969811320754717,0.0,0.49056603773584906,0.0063925542644648475,0.05368559239372312,0,10.64,0.9283018867924528,0.0,0.3584905660377358,0.008864828058452777,0.10887815697992045
58,12.92,0,12.92,0.9751552795031055,0.0,0.12422360248447205,0.013862840928014684,0.17253085904463977,0,12.92,0.9906832298136646,0.0,0.12422360248447205,0.016059240500944698,0.19604560194611706
59,9.12,0,9.12,0.9955947136563876,0.0,0.22026431718061673,0.008844218576351242,0.0985937819697586,0,9.12,0.9823788546255506,0.0,0.20704845814977973,0.007968123258913969,0.12283268838119751
60,10.16,0,10.16,0.9446640316205533,0.0,0.233201581027668,0.011890526616108508,0.16555383315731342,0,10.16,0.9762845849802372,0.0,0.26877470355731226,0.010629596438652847,0.15737598629128127
61,26.52,0,26.52,0.9622356495468278,0.0,0.27492447129909364,0.006613192119226806,0.13701998824478626,0,26.52,0.9697885196374623,0.0,0.36555891238670696,0.006118303089202774,0.09555673932486816
62,9.16,0,9.16,0.9736842105263158,0.0,0.29385964912280704,0.005998674435738158,0.09278585314696419,0,9.16,1.0,0.0,0.2982456140350877,0.00784936402607673,0.11476601317503538
63,12.56,0,12.56,0.9616613418530351,0.0,0.2779552715654952,0.0053853726178613795,0.10385813077262263,0,12.56,0.9776357827476039,0.0,0.28115015974440893,0.005710595742259226,0.10098791678779288
64,13.4,0,13.4,0.9700598802395209,0.0,0.26047904191616766,0.009052214863312936,0.1255401224303112,0,13.4,0.9730538922155688,0.0,0.4880239520958084,0.005941280290252676,0.06023347040181297
65,11.52,0,11.52,0.9059233449477352,0.0,0.6480836236933798,0.004962935820058817,0.034856353496011086,0,11.52,0.9163763066202091,0.0,0.45993031358885017,0.008034656556496428,0.08746350424202058
66,10.84,0,10.84,1.0,0.0,0.14814814814814814,0.013231797475210517,0.25212777563263866,0,10.84,1.0,0.0,0.05925925925925926,0.01487378148659126,0.24411242885441484
67,8.84,0,8.84,1.0,0.0,0.2727272727272727,0.0065596988273585,0.10426882541488862,0,8.84,0.9863636363636363,0.0,0.35454545454545455,0.007293856353557537,0.1449731705397289
68,19.68,0,19.68,0.9755600814663951,0.0,0.21384928716904278,0.004417184267403813,0.14115572870434104,0,19.68,0.9918533604887984,0.0,0.2708757637474542,0.006002878713126818,0.0925723564956559
69,12.16,0,12.16,0.976897689768977,0.0,0.27722772277227725,0.006322523621437241,0.12090807963236704,0,12.16,0.966996699669967,0.0,0.26732673267326734,0.006491939242379595,0.12249719455567153
70,8.72,0,8.72,1.0,0.0,0.2857142857142857,0.006757396916356123,0.08789509681958245,0,8.72,0.967741935483871,0.0,0.2488479262672811,0.007511594701635978,0.11199469942755963
71,16.48,1,16.48,0.9781021897810219,0.6067961165048543,0.2141119221411192,0.005546651724003604,0.16790492980734179,0,16.48,0.9902676399026764,0.0,0.29683698296836986,0.005565258984098903,0.10595670812995908
72,9.08,0,9.08,1.0,0.0,0.07079646017699115,0.018861875490856495,0.23819548508310437,0,9.08,1.0,0.0,0.11504424778761062,0.01946203745340873,0.26080885705756673
73,8.68,0,8.68,1.0,0.0,0.42592592592592593,0.007067540360442834,0.06198292279764238,0,8.68,0.9953703703703703,0.0,0.3055555555555556,0.007335301018986954,0.10890272848172378
74,16.92,0,16.92,0.957345971563981,0.0,0.8341232227488151,0.0062216640926818405,0.02605741756247633,0,16.92,0.9265402843601895,0.0,0.8151658767772512,0.004339710125522471,0.025091878211730936
75,12.08,0,12.08,0.9867109634551495,0.0,0.31893687707641194,0.00984458529592084,0.14001674442508302,0,12.08,0.9700996677740864,0.0,0.3588039867109635,0.008388663989259306,0.06630623634839788
76,7.96,0,7.96,1.0,0.0,0.2777777777777778,0.00553788355461381,0.09299452782557885,0,7.96,1.0,0.0,0.23737373737373738,0.0074714546683173205,0.10223232981588254
77,13.88,0,13.88,0.9739884393063584,0.0,0.3352601156069364,0.005858330128781539,0.09731288911164059,0,13.88,0.9826589595375722,0.0,0.315028901734104,0.0072915085192864736,0.09878315602231018
78,12.76,0,12.76,0.9465408805031447,0.0,0.3333333333333333,0.010539756922790917,0.0952444421494388,0,12.76,0.9622641509433962,0.0,0.3490566037735849,0.009377673439192252,0.08202218695472638
79,11.04,0,11.04,0.9709090909090909,0.0,0.4,0.005743492016253291,0.07902773438172016,0,11.04,0.9927272727272727,0.0,0.20727272727272728,0.008202974474461016,0.14616734709989096
80,8.88,0,8.88,1.0,0.0,0.03619909502262444,0.014468972218317696,0.25606947644044725,0,8.88,1.0,0.0,0.027149321266968326,0.014799754185970505,0.2456996278280652
81,8.52,0,8.52,0.9858490566037735,0.0,0.3018867924528302,0.0068426120403971506,0.08566687110466613,0,8.52,0.9811320754716981,0.0,0.2169811320754717,0.00817947493926716,0.0917081157743491
82,24.36,0,24.36,0.9901315789473685,0.0,0.26480263157894735,0.009512109148993225,0.09602652867424788,0,24.36,0.9950657894736842,0.0,0.3881578947368421,0.007358095279774089,0.05799587705260527
83,16.12,0,16.12,0.9427860696517413,0.0,0.7313432835820896,0.008207809210709564,0.03023895930572093,1,16.12,0.9054726368159204,0.6203473945409429,0.746268656716418,0.005485088539412581,0.03031059787089179
84,25.12,0,25.12,0.9760765550239234,0.0,0.21850079744816586,0.006650706910771468,0.13691923628330427,0,25.12,0.9633173843700159,0.0,0.33811802232854865,0.006130103756409456,0.09451352559789239
85,8.64,0,8.64,0.9953488372093023,0.0,0.22790697674418606,0.006276660128727284,0.12073373643244226,0,8.64,1.0,0.0,0.16279069767441862,0.007718473523115314,0.1345525705029768
86,8.32,0,8.32,1.0,0.0,0.0966183574879227,0.012680144735940042,0.28495414674128344,0,8.32,0.9951690821256038,0.0,0.06280193236714976,0.013425590449594082,0.26070204450525264
87,15.56,0,15.56,0.9871134020618557,0.0,0.28350515463917525,0.004535943959659696,0.12198415744398246,0,15.56,0.979381443298969,0.0,0.3943298969072165,0.003618767581577536,0.06569627119456142
88,9.88,0,9.88,0.975609756097561,0.0,0.3008130081300813,0.00828651328810186,0.15012502308925296,0,9.88,0.9634146341463414,0.0,0.32926829268292684,0.006154124679096063,0.10256816999422474
89,16.72,1,16.72,0.9112709832134293,0.5980861244019139,0.5443645083932853,0.00831155849079899,0.050167164357153196,0,16.72,0.8345323741007195,0.0,0.60431654676259,0.006675137266276306,0.045535944603166754
90,12.48,0,12.48,0.954983922829582,0.0,0.2765273311897106,0.01072782864721066,0.17202754608218399,0,12.48,0.9421221864951769,0.0,0.35691318327974275,0.009622812529755127,0.1744800083498002
91,24.52,0,24.52,0.9918300653594772,0.0,0.2434640522875817,0.009966046777619773,0.11410909201434452,0,24.52,0.9901960784313726,0.0,0.3839869281045752,0.008259425508533896,0.06228971960046334
92,7.76,0,7.76,0.9948186528497409,0.0,0.2694300518134715,0.0067338765603511775,0.08609262806816867,0,7.76,0.9740932642487047,0.0,0.20207253886010362,0.008019209127445671,0.1408361143505764
93,15.08,0,15.08,0.9920212765957447,0.0,0.14361702127659576,0.010054603138673644,0.13846261197050383,1,15.08,0.9973404255319149,0.6631299734748011,0.26861702127659576,0.010573335193477165,0.09622149389752584
94,24.12,0,24.12,0.9750830564784053,0.0,0.21428571428571427,0.007690446293069583,0.1338226005190423,0,24.12,0.9767441860465116,0.0,0.32059800664451826,0.006554161345319385,0.09380042026696622
95,19.6,0,19.6,0.983640081799591,0.0,0.18813905930470348,0.004204932137369532,0.12920219749913014,0,19.6,0.9550102249488752,0.0,0.3210633946830266,0.0038872427072286974,0.0812529930416447
96,12.44,0,12.44,0.8806451612903226,0.0,0.38387096774193546,0.005708556047584809,0.09418632796288529,0,12.44,0.9032258064516129,0.0,0.36774193548387096,0.008048935967028806,0.1496637343197166
97,9.44,0,9.44,0.9957446808510638,0.0,0.3574468085106383,0.006263938836990491,0.08628727883282347,0,9.44,0.9914893617021276,0.0,0.2936170212765957,0.0071784608199751436,0.130678080794901
98,28.08,0,28.08,0.6947218259629101,0.0,0.5007132667617689,0.005802569762313539,0.093883102917342,0,28.08,0.6747503566333809,0.0,0.7503566333808844,0.00548462252587065,0.0242190959189546
99,7.28,0,7.28,1.0,0.0,0.2265193370165746,0.006226301848585937,0.13339254877888412,0,7.28,1.0,0.0,0.1878453038674033,0.007552771632631688,0.15906969402360085
100,30.84,0,30.84,0.961038961038961,0.0,0.35974025974025975,0.007764155134920977,0.09933004250126384,0,30.84,0.9558441558441558,0.0,0.43636363636363634,0.006740919020228164,0.08501271954697695
101,7.96,0,7.96,0.98989898989899,0.0,0.24242424242424243,0.007037645819695957,0.1458843139726387,0,7.96,1.0,0.0,0.2676767676767677,0.006064637758404004,0.08149380922082462
102,13.6,0,13.6,0.9705014749262537,0.0,0.26548672566371684,0.0072780123842163865,0.1318730104697779,0,13.6,0.9351032448377581,0.0,0.3480825958702065,0.007086421389974469,0.10154322952333569
103,24.6,0,24.6,0.8729641693811075,0.0,0.7247557003257329,0.004415513504706965,0.027098088175391853,0,24.6,0.9657980456026058,0.0,0.40716612377850164,0.005365769480720234,0.06779293081550158
104,8.4,0,8.4,0.9521531100478469,0.0,0.3684210526315789,0.006451124805751018,0.09558863935322785,0,8.4,0.9090909090909091,0.0,0.3397129186602871,0.008349835770069671,0.12442074572055956
105,7.12,0,7.12,1.0,0.0,0.07344632768361582,0.015293052171737024,0.2851120239227055,0,7.12,1.0,0.0,0.062146892655367235,0.010724649094033098,0.1771161924159295
106,15.44,0,15.44,0.9636363636363636,0.0,0.2675324675324675,0.006163017873880724,0.14032489519920893,0,15.44,0.9714285714285714,0.0,0.21818181818181817,0.006180238839148227,0.14572949072010077
107,20.8,0,20.8,0.9980732177263969,0.0,0.17148362235067438,0.012008404092236595,0.15905659260357297,0,20.8,0.9942196531791907,0.0,0.17341040462427745,0.010835855737956425,0.14819481690177075
108,18.96,0,18.96,0.9302325581395349,0.0,0.5031712473572939,0.008329532609868122,0.055043135900072857,0,18.96,0.8498942917547568,0.0,0.6405919661733616,0.006340299577575035,0.036525556118357026
109,17.44,0,17.44,0.9747126436781609,0.0,0.135632183908046,0.006211882144301559,0.12330250859051325,0,17.44,0.9701149425287356,0.0,0.13793103448275862,0.007250059346711093,0.11745830251076597
110,19.0,0,19.0,0.9514767932489452,0.0,0.2974683544303797,0.004819050557476368,0.14145672070388823,0,19.0,0.9852320675105485,0.0,0.4050632911392405,0.004550938864131295,0.07124118026224618
111,10.4,0,10.4,0.9961389961389961,0.0,0.09266409266409266,0.011429751894681456,0.1821206694625297,0,10.4,0.9845559845559846,0.0,0.38996138996138996,0.007653537145339867,0.06756983206111122
112,27.6,0,27.6,0.9158200290275762,0.0,0.5587808417997098,0.004945730215136432,0.04713543458916192,0,27.6,0.895500725689405,0.0,0.6560232220609579,0.004452626518618657,0.0344111339181617
113,8.04,0,8.04,0.99,0.0,0.25,0.007477805413180434,0.12283876087061665,0,8.04,1.0,0.0,0.23,0.006331143981459704,0.07313143762370711
114,33.28,0,33.28,0.9879663056558363,0.0,0.18531889290012032,0.006730776647542436,0.11115849887095915,0,33.28,0.9891696750902527,0.0,0.19374247894103488,0.006739437574738273,0.11915368795944135
115,40.8,0,40.8,0.9872423945044161,0.0,0.29538763493621195,0.006400723071830967,0.07763051107691123,0,40.8,0.9892051030421982,0.0,0.12659470068694798,0.008773151508828028,0.2070292647706652
116,16.48,0,16.48,0.9197080291970803,0.0,0.30170316301703165,0.00570183940522076,0.1299904366504902,0,16.48,0.9294403892944039,0.0,0.3236009732360097,0.005553605786838579,0.11899420177700344
117,9.2,0,9.2,0.8427947598253275,0.0,0.6506550218340611,0.004362782042551647,0.03867448926995935,0,9.2,0.9606986899563319,0.0,0.4585152838427948,0.007834393924508663,0.06467822924337466
118,15.24,0,15.24,0.968421052631579,0.0,0.23684210526315788,0.007245340536442478,0.142769897579745,0,15.24,0.9447368421052632,0.0,0.3447368421052632,0.005854546170288882,0.07249972356931467
119,10.8,0,10.8,0.9814126394052045,0.0,0.23048327137546468,0.011008255665250356,0.18729740674434908,0,10.8,0.9814126394052045,0.0,0.3940520446096654,0.007476214571490855,0.11137863903908493
120,23.0,0,23.0,0.9738675958188153,0.0,0.29094076655052264,0.006999059209794052,0.09886608041856715,0,23.0,0.8989547038327527,0.0,0.5313588850174216,0.0058441126554050725,0.05852157664093194
121,9.44,0,9.44,0.9659574468085106,0.0,0.28085106382978725,0.009500357187440217,0.14366330834919216,0,9.44,0.9319148936170213,0.0,0.3191489361702128,0.007567045278479906,0.10002297512999773
122,7.44,0,7.44,0.9891891891891892,0.0,0.12972972972972974,0.00818375354367224,0.162424433535447,0,7.44,0.9945945945945946,0.0,0.1891891891891892,0.006498911915021552,0.10544173396175642
123,8.8,0,8.8,0.9771689497716894,0.0,0.3607305936073059,0.008370752362675109,0.08755502795870201,0,8.8,0.9863013698630136,0.0,0.2328767123287671,0.009154985309004679,0.11446179751206485
124,18.32,0,18.32,0.9474835886214442,0.0,0.6958424507658644,0.006704227227262243,0.031136009198264935,0,18.32,0.9168490153172867,0.0,0.40043763676148797,0.007295669648662733,0.07283046439490158
125,8.96,0,8.96,0.9641255605381166,0.0,0.33183856502242154,0.006301975347400305,0.11918737988433377,0,8.96,0.9147982062780269,0.0,0.39461883408071746,0.005837014051281031,0.09926541009836115
126,29.96,0,29.96,0.9251336898395722,0.0,0.4692513368983957,0.007846137294094136,0.05986393748115139,0,29.96,0.8328877005347594,0.0,0.6684491978609626,0.006082955834333867,0.03708608218736213
127,14.84,0,14.84,0.9648648648648649,0.0,0.3,0.0076370413576791404,0.10893965481116898,0,14.84,0.9621621621621622,0.0,0.41621621621621624,0.006001998995108686,0.07760094590533684
128,20.0,0,20.0,0.9298597194388778,0.0,0.5410821643286573,0.005549564424969944,0.04966858435067194,0,20.0,0.8957915831663327,0.0,0.687374749498998,0.00445691826000389,0.04040040948197
129,7.0,0,7.0,1.0,0.0,0.028735632183908046,0.012202638505094003,0.1680933278072274,0,7.0,1.0,0.0,0.07471264367816093,0.015577445120681658,0.2679885919666028
130,27.08,3,27.08,0.9970414201183432,1.1078286558345645,0.19674556213017752,0.011242103830517247,0.11680105823816136,0,27.08,0.9940828402366864,0.0,0.22337278106508876,0.009378541460273759,0.12427616453129209
131,14.44,0,14.44,1.0,0.0,0.14444444444444443,0.006918907190311121,0.09080112681263044,0,14.44,0.9805555555555555,0.0,0.4305555555555556,0.00532151578176863,0.06371181271893052
132,24.88,0,24.88,0.9822866344605475,0.0,0.23027375201288244,0.006486181477163951,0.10929473969117018,0,24.88,0.927536231884058,0.0,0.42351046698872785,0.005791235161950207,0.07802662202724418
133,34.48,0,34.48,0.9860627177700348,0.0,0.1835075493612079,0.006597642883242234,0.11087806805711735,0,34.48,0.975609756097561,0.0,0.1602787456445993,0.006893599250975939,0.12116989648033519
134,34.88,0,34.88,0.9908151549942594,0.0,0.1756601607347876,0.009323930539507464,0.17856307825498707,0,34.88,0.9827784156142365,0.0,0.35361653272101035,0.0064977890590797735,0.07197616222743694
135,13.72,0,13.72,0.9766081871345029,0.0,0.260233918128655,0.008870776688265015,0.1297869578554357,0,13.72,0.9707602339181286,0.0,0.347953216374269,0.006856914319052667,0.08569165906237666
136,7.88,0,7.88,1.0,0.0,0.05102040816326531,0.011209543251585937,0.12379178566518884,0,7.88,1.0,0.0,0.061224489795918366,0.014427473811918043,0.24099757592315768
137,10.52,0,10.52,0.9923664122137404,0.0,0.18702290076335878,0.007941536054113206,0.14898703950960746,0,10.52,0.9923664122137404,0.0,0.21374045801526717,0.009238808528369826,0.19052142007643802
138,23.2,0,23.2,0.9844559585492227,0.0,0.3005181347150259,0.007501089530991894,0.10298225884826487,0,23.2,0.9585492227979274,0.0,0.4438687392055268,0.006596843021580713,0.07707994062720507
139,15.88,0,15.88,0.9797979797979798,0.0,0.10101010101010101,0.006592407085650721,0.11053676237261047,0,15.88,0.9797979797979798,0.0,0.13131313131313133,0.007952573252715443,0.09986092605021296
140,26.0,1,26.0,0.9352850539291218,0.3846153846153846,0.2295839753466872,0.007212401140935115,0.18633475393789278,0,26.0,0.9121725731895224,0.0,0.23420647149460708,0.007595404882759381,0.1961222849734736
141,6.84,0,6.84,1.0,0.0,0.0058823529411764705,0.015569374285275803,0.2900608937621338,0,6.84,1.0,0.0,0.011764705882352941,0.010962824379861975,0.19524749291295532
142,9.04,0,9.04,0.9822222222222222,0.0,0.28,0.009104411407930755,0.09711395407628527,0,9.04,0.9955555555555555,0.0,0.37777777777777777,0.007760673917644011,0.07440794033659667
143,10.64,0,10.64,0.9509433962264151,0.0,0.2792452830188679,0.013273364653254472,0.13573871715078945,1,10.64,0.9320754716981132,0.9398496240601504,0.29056603773584905,0.011456720413003937,0.1491024161341355
144,34.88,0,34.88,0.9885189437428243,0.0,0.18828932261768083,0.006747877086324334,0.11008438830638262,0,34.88,0.981630309988519,0.0,0.15729047072330654,0.007211741862591197,0.13258245414474742
145,21.56,0,21.56,0.9684014869888475,0.0,0.26579925650557623,0.008072721637872399,0.10747605488571978,1,21.56,0.9572490706319703,0.46382189239332106,0.5539033457249071,0.0068647951424607966,0.04479942609957135
146,6.32,0,6.32,1.0,0.0,0.025477707006369428,0.016327482710265028,0.2946700809116293,0,6.32,1.0,0.0,0.03821656050955414,0.016404031001649052,0.20536680895268108
147,23.44,0,23.44,0.9094017094017094,0.0,0.5709401709401709,0.006057718035456426,0.04680873702602796,0,23.44,0.8991452991452992,0.0,0.6136752136752137,0.0053027639921007595,0.04154503331296159
148,11.2,0,11.2,0.899641577060932,0.0,0.6845878136200717,0.0060399575351652215,0.030935330694989813,0,11.2,0.9175627240143369,0.0,0.4946236559139785,0.007228700708691332,0.06593445176081587
149,42.36,0,42.36,0.9848771266540642,0.0,0.2882797731568998,0.006859002516224181,0.07970563708937016,0,42.36,0.9839319470699432,0.0,0.16729678638941398,0.008448135622142465,0.23045980532006272
150,9.8,0,9.8,0.9549180327868853,0.0,0.4098360655737705,0.00710778884225992,0.10280709009228942,0,9.8,0.9057377049180327,0.0,0.47540983606557374,0.005769879305048538,0.07873529519820252
151,8.68,0,8.68,0.9861111111111112,0.0,0.25925925925925924,0.010513614309406857,0.20452346616462833,0,8.68,0.9953703703703703,0.0,0.18518518518518517,0.011167753225795022,0.14419470293659398
152,17.04,0,17.04,0.8917647058823529,0.0,0.43058823529411766,0.0076883584261987475,0.08044143196596851,0,17.04,0.9152941176470588,0.0,0.691764705882353,0.00694631422130748,0.035699494550674594
153,26.12,0,26.12,0.9294478527607362,0.0,0.22392638036809817,0.004587413961998545,0.1058903299252088,0,26.12,0.9723926380368099,0.0,0.26993865030674846,0.004806278748673443,0.10327798127848864
154,9.0,0,9.0,1.0,0.0,0.07589285714285714,0.012916431205498855,0.2726487199632225,0,9.0,1.0,0.0,0.04017857142857143,0.01196571580575762,0.2605998523314625
155,14.76,0,14.76,0.9809782608695652,0.0,0.1983695652173913,0.006599652018983659,0.09893087048311958,0,14.76,0.8940217391304348,0.0,0.5434782608695652,0.004468327539501939,0.05104356292794982
156,19.68,0,19.68,0.9613034623217923,0.0,0.4786150712830957,0.005510241944409483,0.05639792539966529,0,19.68,0.9470468431771895,0.0,0.5560081466395111,0.004973758961437718,0.04694359731596611
157,7.84,0,7.84,1.0,0.0,0.035897435897435895,0.01568982874042375,0.21779796521518915,0,7.84,1.0,0.0,0.13846153846153847,0.009896733553341152,0.11531479998423978
158,29.92,0,29.92,0.9785809906291834,0.0,0.1713520749665328,0.006032248261483756,0.12389306070918332,0,29.92,0.9825970548862115,0.0,0.15930388219544847,0.0062122833216860275,0.14410290177735108
159,11.44,0,11.44,0.9578947368421052,0.0,0.27017543859649124,0.010057058868225792,0.1494948153202812,0,11.44,0.9649122807017544,0.0,0.3368421052631579,0.008626114412614384,0.09928935792867072
160,35.56,0,35.56,0.9954954954954955,0.0,0.14527027027027026,0.00938826743297419,0.19380861992326187,0,35.56,0.9864864864864865,0.0,0.3355855855855856,0.006793100398069596,0.07194269348709047
161,7.92,0,7.92,0.9949238578680203,0.0,0.17258883248730963,0.01048256181583974,0.09311750953589097,0,7.92,1.0,0.0,0.04568527918781726,0.01448425948694385,0.20436136964994384
162,19.84,0,19.84,0.9919191919191919,0.0,0.24848484848484848,0.010785684931179618,0.13135514761630818,0,19.84,0.9959595959595959,0.0,0.23434343434343435,0.00997768538018567,0.12810141631436833
163,25.72,0,25.72,0.9190031152647975,0.0,0.6479750778816199,0.0059734798378489875,0.039323007527627,0,25.72,0.8878504672897196,0.0,0.6931464174454829,0.005425221952517092,0.034023599811689585
164,29.84,0,29.84,0.8778523489932886,0.0,0.48590604026845635,0.005814685113022159,0.0627025927927066,0,29.84,0.4899328859060403,0.0,0.7033557046979866,0.004894177790692773,0.0734985317034419
165,12.8,0,12.8,0.9686520376175548,0.0,0.3510971786833856,0.007908537666783544,0.13432069022219195,0,12.8,0.9404388714733543,0.0,0.34796238244514105,0.006223320627395765,0.10235675410620006
166,13.56,0,13.56,0.9911242603550295,0.0,0.257396449704142,0.006431120966260333,0.1041026652626766,0,13.56,0.9497041420118343,0.0,0.42011834319526625,0.004502973916587166,0.06387236631537654
167,14.04,0,14.04,0.9885714285714285,0.0,0.18,0.00790768665616615,0.1656916574298886,0,14.04,0.9971428571428571,0.0,0.26,0.007358598433320876,0.09263541285986703
168,18.92,0,18.92,0.9809322033898306,0.0,0.15466101694915255,0.0056910418282128585,0.08878627072653629,0,18.92,0.9830508474576272,0.0,0.11652542372881355,0.0072686358788413355,0.09385460168617141
169,22.52,0,22.52,0.9572953736654805,0.0,0.297153024911032,0.006396392883642465,0.09379059255352026,0,22.52,0.9501779359430605,0.0,0.5747330960854092,0.0055666829131478385,0.04062106790705271
170,32.76,0,32.76,0.9767726161369193,0.0,0.19926650366748166,0.0062788783373154845,0.10104137035072315,0,32.76,0.9902200488997555,0.0,0.19315403422982885,0.006390058096695682,0.12118164978327603
171,7.96,0,7.96,0.9949494949494949,0.0,0.06060606060606061,0.015140740923424822,0.24690404994378423,0,7.96,1.0,0.0,0.06565656565656566,0.01157937606227451,0.17079031587394236
172,18.44,0,18.44,0.9152173913043479,0.0,0.7217391304347827,0.006249405145262529,0.03303770630804292,0,18.44,0.9065217391304348,0.0,0.4717391304347826,0.00767176100494831,0.06947416086073299
173,9.44,0,9.44,0.9787234042553191,0.0,0.4723404255319149,0.005769826479651448,0.06376958167113592,0,9.44,0.9574468085106383,0.0,0.3574468085106383,0.005629271242199747,0.09882540242389878
174,7.4,0,7.4,0.9945652173913043,0.0,0.29891304347826086,0.007088654712074425,0.08451815411733997,0,7.4,0.967391304347826,0.0,0.21195652173913043,0.007442497702434358,0.1196363344424706
175,11.76,0,11.76,0.9726962457337884,0.0,0.20477815699658702,0.011794220550962742,0.17301557518823116,0,11.76,0.9829351535836177,0.0,0.22866894197952217,0.0077672953486432215,0.1157532203004061
176,12.6,0,12.6,0.8598726114649682,0.0,0.6528662420382165,0.004959444938612875,0.038469322570135,0,12.6,0.9171974522292994,0.0,0.445859872611465,0.0076856473270169095,0.07056557571699477
177,36.12,1,36.12,0.9922394678492239,0.2768549280177187,0.14634146341463414,0.008559734491747621,0.2159830016901779,0,36.12,0.9789356984478935,0.0,0.3181818181818182,0.006665306457067128,0.07865673129082407
178,32.32,0,32.32,0.8810408921933085,0.0,0.630731102850062,0.004923319022063613,0.04360830139722913,0,32.32,0.459727385377943,0.0,0.7447335811648079,0.004527195858949085,0.06112698183578912
179,22.88,0,22.88,0.9387040280210157,0.0,0.4921190893169877,0.005516272600036466,0.05602063440334326,0,22.88,0.9264448336252189,0.0,0.5586690017513135,0.005125362947078029,0.04793865667776078
180,13.24,0,13.24,1.0,0.0,0.18181818181818182,0.007812179861328806,0.11086983012389531,0,13.24,0.9787878787878788,0.0,0.48484848484848486,0.005390227154541594,0.05580715152351463
181,9.88,0,9.88,0.9634146341463414,0.0,0.2926829268292683,0.009404356024789631,0.12443560010312679,0,9.88,0.9065040650406504,0.0,0.3983739837398374,0.006118395998963787,0.09838965582906774
182,13.52,0,13.52,0.973293768545994,0.0,0.27002967359050445,0.008172424862318775,0.16179749074155508,0,13.52,0.973293768545994,0.0,0.3264094955489614,0.008142667629720024,0.09255455220064797
183,9.92,0,9.92,1.0,0.0,0.05263157894736842,0.010281412158952716,0.18329578870354088,0,9.92,0.9838056680161943,0.0,0.42105263157894735,0.01085305144595519,0.06117160943591095
184,12.72,0,12.72,0.9842271293375394,0.0,0.2334384858044164,0.006986028273930353,0.10157861855840658,0,12.72,0.9779179810725552,0.0,0.2082018927444795,0.008982895467962989,0.11911450304327106
185,17.0,0,17.0,0.9457547169811321,0.0,0.6580188679245284,0.007498445818526061,0.03386418134507209,0,17.0,0.9433962264150944,0.0,0.4386792452830189,0.00763821239857501,0.06796381365097864
186,7.56,0,7.56,1.0,0.0,0.13297872340425532,0.007466374470642941,0.13640456910452914,0,7.56,0.9840425531914894,0.0,0.17553191489361702,0.007075806578256957,0.15475949617618903
187,13.52,1,13.52,0.9881305637982196,0.7396449704142013,0.314540059347181,0.01096690733442675,0.13984260733299778,0,13.52,0.9970326409495549,0.0,0.4629080118694362,0.010589764667173693,0.05327456842750622
188,23.52,0,23.52,0.9642248722316865,0.0,0.21635434412265758,0.006798956961906099,0.19405428717646395,0,23.52,0.9301533219761499,0.0,0.2674616695059625,0.00700317529298676,0.18088689005042882
189,38.8,0,38.8,0.9917440660474717,0.0,0.2002063983488132,0.006399559246076664,0.11173520884128364,0,38.8,0.9907120743034056,0.0,0.13622291021671826,0.0070436090396325994,0.12005874673337366
190,9.76,0,9.76,1.0,0.0,0.27983539094650206,0.007254004487136333,0.08411898295598368,0,9.76,1.0,0.0,0.024691358024691357,0.009769171249422148,0.16816608831575713
191,15.08,0,15.08,0.9893617021276596,0.0,0.2765957446808511,0.01008092210608839,0.11545495394068729,0,15.08,0.9547872340425532,0.0,0.44148936170212766,0.008612722946075487,0.0700732126827581
192,30.64,0,30.64,0.8444444444444444,0.0,0.5568627450980392,0.006664795517069811,0.053223210112035874,0,30.64,0.6483660130718955,0.0,0.742483660130719,0.005969724940649711,0.04062513698140213
193,27.0,0,27.0,0.884272997032641,0.0,0.6008902077151336,0.004811749265782676,0.04570216693489914,0,27.0,0.887240356083086,0.0,0.6899109792284867,0.004306219135083935,0.03697423759890283
194,7.24,0,7.24,1.0,0.0,0.16111111111111112,0.006204041667653965,0.10286776868408593,0,7.24,0.9833333333333333,0.0,0.14444444444444443,0.007589457548601922,0.15170748872599496
195,9.28,0,9.28,0.9783549783549783,0.0,0.21212121212121213,0.009030775195881559,0.17664562118920385,0,9.28,0.987012987012987,0.0,0.23809523809523808,0.01005113245467016,0.15995178640950186
196,13.88,0,13.88,0.9682080924855492,0.0,0.22254335260115607,0.006758099988439382,0.14776509608222776,0,13.88,0.9855491329479769,0.0,0.27167630057803466,0.006328095206559196,0.101983813044076
197,10.08,0,10.08,0.9402390438247012,0.0,0.3745019920318725,0.008893927565958916,0.10209596036474981,0,10.08,0.9482071713147411,0.0,0.3665338645418327,0.00724101896602165,0.08680040040654521
198,11.72,0,11.72,0.9143835616438356,0.0,0.3219178082191781,0.008055725561386128,0.18276504205088068,0,11.72,0.8493150684931506,0.0,0.4589041095890411,0.005509238903488154,0.10268218138494496
199,21.88,0,21.88,0.978021978021978,0.0,0.22344322344322345,0.003908022808731715,0.10804047327518836,0,21.88,0.9926739926739927,0.0,0.26373626373626374,0.004258386790979353,0.08619202152490629
200,17.48,0,17.48,1.0,0.0,0.18577981651376146,0.012072900003541434,0.16039622458877106,2,17.48,0.9885321100917431,1.1441647597254005,0.20412844036697247,0.011509937004438173,0.17112897148908446
201,9.44,0,9.44,0.9787234042553191,0.0,0.31063829787234043,0.00666430318232412,0.1453007895596465,0,9.44,0.9744680851063829,0.0,0.251063829787234,0.0055531139701901905,0.11867178803908308
202,8.4,0,8.4,0.9952153110047847,0.0,0.11483253588516747,0.00948249677650103,0.1180700917564943,0,8.4,1.0,0.0,0.12440191387559808,0.013345976474535792,0.17245649112169906
203,11.2,0,11.2,0.931899641577061,0.0,0.3655913978494624,0.006858177622621001,0.17753677498692672,0,11.2,0.9068100358422939,0.0,0.4838709677419355,0.005054755307688989,0.07440421830415822
204,7.36,0,7.36,0.994535519125683,0.0,0.3442622950819672,0.006268600480330483,0.0767690794932103,0,7.36,0.994535519125683,0.0,0.24043715846994534,0.008417412203305228,0.12984356396391308
205,24.76,0,24.76,0.9288025889967637,0.0,0.5647249190938511,0.0051003048412991145,0.04422262278780731,0,24.76,0.8964401294498382,0.0,0.6019417475728155,0.003940885905844115,0.040278344151778514
206,12.6,0,12.6,1.0,0.0,0.1592356687898089,0.006991186636011237,0.13124264744055783,0,12.6,0.9840764331210191,0.0,0.48089171974522293,0.005141536700171702,0.05318647739220363
207,9.88,0,9.88,0.7398373983739838,0.0,0.6910569105691057,0.003552549211240774,0.03715026449977113,0,9.88,0.8373983739837398,0.0,0.4634146341463415,0.005252429698368324,0.09356967402499002
208,42.4,0,42.4,0.9820585457979226,0.0,0.2237960339943343,0.005733235909926796,0.09742761252237356,0,42.4,0.9858356940509915,0.0,0.19169027384324835,0.0061740695591157605,0.10610336420889359
209,27.0,0,27.0,0.983679525222552,0.0,0.28635014836795253,0.007817333611990135,0.0886347848215858,0,27.0,0.9807121661721068,0.0,0.43026706231454004,0.0073640378421227955,0.06105237244882279
210,18.68,0,18.68,0.9034334763948498,0.0,0.4678111587982833,0.007808529508607602,0.07473008246592473,0,18.68,0.8862660944206009,0.0,0.7618025751072961,0.006123591329788804,0.03165438676830608
211,11.92,0,11.92,0.9225589225589226,0.0,0.35353535353535354,0.008412395776414684,0.14695524497975085,0,11.92,0.8821548821548821,0.0,0.5555555555555556,0.004984686661108735,0.051010677062257745
212,15.48,0,15.48,0.9507772020725389,0.0,0.2979274611398964,0.00687895736577856,0.1304191053405955,0,15.48,0.9481865284974094,0.0,0.3626943005181347,0.0063194004231525245,0.08666255035387965
213,16.96,0,16.96,0.9479905437352246,0.0,0.13002364066193853,0.004406030611233804,0.09766401655623301,0,16.96,0.950354609929078,0.0,0.1276595744680851,0.004817282831569536,0.10626546771864079
214,9.64,0,9.64,1.0,0.0,0.29583333333333334,0.007765151095336936,0.14382136438704443,0,9.64,0.9958333333333333,0.0,0.37916666666666665,0.006359623359894473,0.0999471244186821
215,11.88,1,11.88,0.9324324324324325,0.8417508417508416,0.23986486486486486,0.006357181307102923,0.10243507247866471,0,11.88,0.9425675675675675,0.0,0.24324324324324326,0.006040971058672911,0.13020280890895433
216,7.84,0,7.84,1.0,0.0,0.1794871794871795,0.0072024214758841945,0.0936298137093408,0,7.84,0.9948717948717949,0.0,0.13846153846153847,0.00882304558507988,0.1214324592805093
217,12.84,0,12.84,0.853125,0.0,0.6,0.004511959493890039,0.04634433161310851,0,12.84,0.8875,0.0,0.36875,0.00753808678104461,0.14578082662077874
218,8.92,0,8.92,0.972972972972973,0.0,0.21621621621621623,0.009488734254040525,0.14707728104156312,0,8.92,1.0,0.0,0.08108108108108109,0.01277298106056635,0.2130050822142967
219,30.96,0,30.96,1.0,0.0,0.15135834411384216,0.007137491893161686,0.12107182533818588,0,30.96,0.9935316946959897,0.0,0.19404915912031048,0.006613236447042595,0.12790928117476094
220,29.24,0,29.24,0.9,0.0,0.47534246575342465,0.0063408961339505646,0.0773138480046052,0,29.24,0.5150684931506849,0.0,0.7013698630136986,0.005574184109154223,0.08551231897957717
221,24.52,0,24.52,0.9558823529411765,0.0,0.6160130718954249,0.005842650896563729,0.039556447464220865,0,24.52,0.9330065359477124,0.0,0.5980392156862745,0.00527110580240189,0.0413309681829163
222,14.0,0,14.0,0.9570200573065902,0.0,0.2836676217765043,0.006594475772375537,0.15608626226327282,0,14.0,0.9742120343839542,0.0,0.29512893982808025,0.006333523341834397,0.12152552012990787
223,9.24,0,9.24,1.0,0.0,0.11304347826086956,0.011326656977618473,0.1873782805665229,0,9.24,1.0,0.0,0.2565217391304348,0.010061670771087744,0.1146734031940572
224,30.04,0,30.04,0.9773333333333334,0.0,0.5013333333333333,0.007329140285943015,0.051356350350606525,0,30.04,0.6346666666666667,0.0,0.6333333333333333,0.0066503294779840325,0.07515544092543616
225,13.52,0,13.52,0.9169139465875371,0.0,0.40059347181008903,0.006973314847219747,0.13730866408159365,0,13.52,0.857566765578635,0.0,0.5578635014836796,0.004188031465572695,0.052878759478756296
226,18.44,0,18.44,0.9978260869565218,0.0,0.1956521739130435,0.012249971159409302,0.1475752617724076,0,18.44,0.991304347826087,0.0,0.21521739130434783,0.010034170003396865,0.1319069412104315
227,11.88,0,11.88,0.9222972972972973,0.0,0.2635135135135135,0.010236372067956096,0.1566175169234265,0,11.88,0.9763513513513513,0.0,0.4358108108108108,0.007036281990832947,0.05935542188698341
228,7.16,0,7.16,1.0,0.0,0.24719101123595505,0.00703615403421484,0.07853708580807617,0,7.16,1.0,0.0,0.2247191011235955,0.00790312011126949,0.1338681629227263
229,17.64,0,17.64,0.9795454545454545,0.0,0.6295454545454545,0.009250727208634317,0.03678338304126649,0,17.64,0.8636363636363636,0.0,0.45454545454545453,0.007702859466117927,0.0763961343036329
230,10.68,0,10.68,1.0,0.0,0.08646616541353383,0.01418352009043442,0.15737212038891743,0,10.68,0.9924812030075187,0.0,0.40225563909774437,0.009150774974869843,0.06840251712072741
231,13.88,0,13.88,0.9335260115606936,0.0,0.49710982658959535,0.006050932954710464,0.0553159337611205,0,13.88,0.9277456647398844,0.0,0.3872832369942196,0.005734575827928567,0.12936250905560837
232,13.64,0,13.64,1.0,0.0,0.1676470588235294,0.007055492883998132,0.10178714703383498,0,13.64,0.9588235294117647,0.0,0.45294117647058824,0.006010063256360802,0.05704389015320336
233,13.08,0,13.08,0.901840490797546,0.0,0.6349693251533742,0.00442853334210313,0.03870893533932926,0,13.08,0.9355828220858896,0.0,0.3803680981595092,0.007601742859099193,0.1412812182248262
234,26.88,0,26.88,0.8882265275707899,0.0,0.7347242921013413,0.004917948869483684,0.031139993001133404,0,26.88,0.8688524590163934,0.0,0.6944858420268256,0.004281485757276403,0.0347430504820396
235,19.12,0,19.12,0.9559748427672956,0.0,0.35429769392033544,0.005014886712092443,0.06423470596015156,0,19.12,0.59958071278826,0.0,0.5660377358490566,0.004614905771447255,0.10883128323662737
236,36.04,0,36.04,0.99,0.0,0.17222222222222222,0.006685449573590463,0.1136417463125393,0,36.04,0.9933333333333333,0.0,0.15555555555555556,0.0069577004801441075,0.12803335473373717
237,9.36,0,9.36,0.9914163090128756,0.0,0.18454935622317598,0.008508224515017796,0.12021401404437673,0,9.36,0.9914163090128756,0.0,0.3261802575107296,0.008192611067724221,0.1121061177069079
238,16.52,0,16.52,0.9563106796116505,0.0,0.2087378640776699,0.004082431078935548,0.1355493333135401,0,16.52,0.9635922330097088,0.0,0.3470873786407767,0.0036199570125932373,0.07257504512260488
239,10.72,0,10.72,0.9063670411985019,0.0,0.43820224719101125,0.006626891110883616,0.08675607026762014,0,10.72,0.8913857677902621,0.0,0.6779026217228464,0.0038553092762572618,0.03710265000679699
240,7.04,0,7.04,1.0,0.0,0.09142857142857143,0.007475688014319547,0.22014345050815576,0,7.04,0.9828571428571429,0.0,0.14285714285714285,0.008405046915001931,0.153581715879463
241,10.08,0,10.08,0.9243027888446215,0.0,0.3466135458167331,0.007066471149988054,0.13144896631322628,0,10.08,0.8764940239043825,0.0,0.30677290836653387,0.005318609643011821,0.11777760176755867
242,10.36,0,10.36,1.0,0.0,0.050387596899224806,0.017522578181854608,0.32780981985117785,0,10.36,1.0,0.0,0.1434108527131783,0.013812707674875756,0.21524644914770275
243,29.12,0,29.12,0.7647867950481431,0.0,0.4621733149931224,0.006592203812491728,0.10271559864023964,0,29.12,0.8803301237964236,0.0,0.7042640990371389,0.006534170888634183,0.03231150104949459
244,9.56,0,9.56,0.9915966386554622,0.0,0.24789915966386555,0.006039400930289835,0.16997358248931166,0,9.56,1.0,0.0,0.18907563025210083,0.0067998927085594,0.12788426087578886
245,19.16,0,19.16,0.9728033472803347,0.0,0.20502092050209206,0.003991193930309275,0.1334379909658965,0,19.16,0.9748953974895398,0.0,0.28451882845188287,0.004064561164010805,0.08666129953446573
246,8.6,0,8.6,1.0,0.0,0.11682242990654206,0.014284814248961782,0.27358235748027193,0,8.6,1.0,0.0,0.11214953271028037,0.01417089646931918,0.26683649733157083
247,8.0,0,8.0,0.9899497487437185,0.0,0.23115577889447236,0.006768443924180366,0.10555045863756961,0,8.0,0.9899497487437185,0.0,0.2814070351758794,0.0061718151420156785,0.11978302644750331
248,25.56,0,25.56,0.9404388714733543,0.0,0.24608150470219436,0.008148307661750256,0.11996807677152879,0,25.56,0.9263322884012539,0.0,0.45297805642633227,0.005819915098340743,0.07764006342392472
249,13.88,0,13.88,0.9942196531791907,0.0,0.1676300578034682,0.011670271279923879,0.18917540417313092,0,13.88,0.9971098265895953,0.0,0.2630057803468208,0.010228149091087277,0.1057668648847205
250,10.68,0,10.68,0.9060150375939849,0.0,0.43609022556390975,0.006982745738083636,0.07587229422581009,0,10.68,0.7556390977443609,0.0,0.7443609022556391,0.004814893910407679,0.03796631584750994
251,9.64,0,9.64,0.9916666666666667,0.0,0.15416666666666667,0.008639646439735804,0.16354947422150445,0,9.64,1.0,0.0,0.16666666666666666,0.006548994691709286,0.12788705601716704
252,15.12,0,15.12,0.9893899204244032,0.0,0.23076923076923078,0.0045248481710838916,0.13413714985467495,0,15.12,0.9840848806366048,0.0,0.33421750663129973,0.004876497105252282,0.0765888465729393
253,23.08,0,23.08,0.9878472222222222,0.0,0.28125,0.007428825289579376,0.08045355572086368,0,23.08,0.9618055555555556,0.0,0.4288194444444444,0.006192827365639961,0.060538151797724316
254,7.28,0,7.28,1.0,0.0,0.2265193370165746,0.006803003151857565,0.11124647856095009,0,7.28,1.0,0.0,0.07734806629834254,0.007385239822227339,0.15330819462007284
255,8.32,0,8.32,0.9903381642512077,0.0,0.13526570048309178,0.01691418779168235,0.22625805317155157,0,8.32,0.9951690821256038,0.0,0.13526570048309178,0.01721794706013602,0.2535186148505327
256,9.52,0,9.52,0.9915611814345991,0.0,0.29957805907172996,0.006492810548582649,0.11884623596069768,0,9.52,0.9535864978902954,0.0,0.19831223628691982,0.0051811867173081555,0.16115276481191654
257,21.84,0,21.84,0.944954128440367,0.0,0.7376146788990826,0.00551173864329317,0.032276957120742356,0,21.84,0.9431192660550459,0.0,0.4036697247706422,0.005518998409809099,0.07483955444752152
258,10.52,0,10.52,0.9656488549618321,0.0,0.42748091603053434,0.00864962808835722,0.07564340093873602,0,10.52,0.8778625954198473,0.0,0.8015267175572519,0.005102106388862991,0.02785960869512387
259,8.96,0,8.96,0.9955156950672646,0.0,0.2062780269058296,0.0059527878259254706,0.14325032839562515,0,8.96,0.9865470852017937,0.0,0.21524663677130046,0.005555092297311814,0.136583436102944
260,11.8,0,11.8,0.9727891156462585,0.0,0.25170068027210885,0.01075946228813152,0.1561379390180857,0,11.8,0.9489795918367347,0.0,0.32653061224489793,0.009964493570382888,0.15473925899314853
261,9.04,2,9.04,0.9955555555555555,2.212389380530974,0.1688888888888889,0.016750320481175984,0.3212711384905561,0,9.04,0.9911111111111112,0.0,0.12,0.01635823453611812,0.26537805439314555
262,29.08,0,29.08,0.8154269972451791,0.0,0.5192837465564738,0.006353525671437529,0.06635691985998812,0,29.08,0.7933884297520661,0.0,0.7465564738292011,0.005101469116177128,0.028816831420262826
263,17.6,0,17.6,0.9726651480637813,0.0,0.16173120728929385,0.004705624679231364,0.13521067561004807,0,17.6,0.9726651480637813,0.0,0.26879271070615035,0.004605264943745783,0.09268156352558335
264,10.48,0,10.48,0.9923371647509579,0.0,0.210727969348659,0.007470220779660948,0.16000904464558496,0,10.48,0.9961685823754789,0.0,0.2260536398467433,0.00801606694615743,0.11271342849275029
265,8.8,0,8.8,1.0,0.0,0.136986301369863,0.007345067807025274,0.13507828793252394,0,8.8,1.0,0.0,0.1689497716894977,0.007693444665985577,0.12628403657535947
266,18.52,0,18.52,0.8809523809523809,0.0,0.6515151515151515,0.00570261927106488,0.039751687451237985,0,18.52,0.9415584415584416,0.0,0.42207792207792205,0.005270480522687879,0.0680052300738476
267,24.92,0,24.92,0.9710610932475884,0.0,0.2427652733118971,0.00708039379946834,0.1045989136254423,0,24.92,0.9453376205787781,0.0,0.40353697749196143,0.005725958304295099,0.08296467999431406
268,8.56,0,8.56,1.0,0.0,0.15492957746478872,0.0068368648667869085,0.14955044074603063,0,8.56,0.9859154929577465,0.0,0.14553990610328638,0.007078955841985189,0.16722661836943864
269,8.24,0,8.24,1.0,0.0,0.2048780487804878,0.007887260036436878,0.09259662251088893,0,8.24,1.0,0.0,0.18536585365853658,0.00831940947122287,0.12046497051710386
270,26.52,0,26.52,0.986404833836858,0.0,0.2583081570996979,0.008698620744451435,0.09880461340420052,0,26.52,0.9712990936555891,0.0,0.4003021148036254,0.008103776136675327,0.07194456751223469
271,30.32,0,30.32,0.7648612945838837,0.0,0.4795244385733157,0.006182766431258658,0.0738457257035257,0,30.32,0.5389696169088507,0.0,0.7463672391017173,0.005881061683188713,0.046209897198593385
272,19.32,0,19.32,0.979253112033195,0.0,0.2012448132780083,0.005049530143998017,0.14501823311386103,0,19.32,0.975103734439834,0.0,0.33195020746887965,0.0049461723871419795,0.09393320374786158
273,8.08,0,8.08,0.9900497512437811,0.0,0.4129353233830846,0.006245351433036788,0.06632568714720903,0,8.08,1.0,0.0,0.3333333333333333,0.007070025830082121,0.10658509528739517
274,11.36,0,11.36,0.9787985865724381,0.0,0.4204946996466431,0.007203173028221516,0.08894986427439258,0,11.36,0.8798586572438163,0.0,0.8056537102473498,0.003949081267613126,0.030248349736127937
275,8.76,0,8.76,0.9954128440366973,0.0,0.25229357798165136,0.006456194774080238,0.16458131231951262,0,8.76,0.9908256880733946,0.0,0.1834862385321101,0.0063636184487726784,0.15145927343906723
276,11.84,0,11.84,0.9728813559322034,0.0,0.24067796610169492,0.010483166450944789,0.13125548020895983,0,11.84,0.976271186440678,0.0,0.31186440677966104,0.009731518513282958,0.1414140578058829
277,9.64,0,9.64,1.0,0.0,0.07083333333333333,0.015694325477636578,0.2359697354869536,1,9.64,1.0,1.0373443983402488,0.04583333333333333,0.014534279734687783,0.2704956926309711
278,19.84,0,19.84,0.8949494949494949,0.0,0.705050505050505,0.004677048287250698,0.03667311813167976,0,19.84,0.9373737373737374,0.0,0.4202020202020202,0.005143407199455513,0.06935942933979375
279,10.0,0,10.0,1.0,0.0,0.27710843373493976,0.005456257316522884,0.0914749767119691,0,10.0,1.0,0.0,0.27710843373493976,0.005346278955218539,0.10071560474661673
280,8.84,0,8.84,1.0,0.0,0.16363636363636364,0.007823737573964085,0.1928266735625775,0,8.84,1.0,0.0,0.18181818181818182,0.007277800310733315,0.14512381736793126
281,26.64,0,26.64,0.8120300751879699,0.0,0.48120300751879697,0.00815398284056727,0.07199434373054248,0,26.64,0.7112781954887218,0.0,0.6360902255639098,0.007072484703673202,0.054777320892130464
282,19.36,0,19.36,0.989648033126294,0.0,0.14699792960662525,0.0044135318609882825,0.13788383860654196,0,19.36,0.9668737060041408,0.0,0.2629399585921325,0.004837135091816029,0.1052555386177619
283,8.52,0,8.52,0.9905660377358491,0.0,0.37735849056603776,0.007943500545653256,0.06743646866872217,0,8.52,1.0,0.0,0.27358490566037735,0.007699150738864148,0.1517440106704207
284,15.2,0,15.2,0.9920844327176781,0.0,0.20052770448548812,0.009858277431381585,0.12357206241147206,0,15.2,0.9973614775725593,0.0,0.35092348284960423,0.0073379341081543405,0.08828443262053293
285,8.36,0,8.36,1.0,0.0,0.17307692307692307,0.006272211667014667,0.13477188822393674,0,8.36,1.0,0.0,0.125,0.00634504354835717,0.1595340020490866
286,14.44,0,14.44,0.9472222222222222,0.0,0.19444444444444445,0.004874916523926168,0.08133887863487546,0,14.44,0.8333333333333334,0.0,0.5833333333333334,0.0045106315565963204,0.049842487752935344
287,18.6,0,18.6,0.7607758620689655,0.0,0.7392241379310345,0.004024726254543915,0.018151483118471885,0,18.6,0.9827586206896551,0.0,0.3448275862068966,0.005718953083155606,0.08099746932232313
288,10.32,0,10.32,0.9961089494163424,0.0,0.32684824902723736,0.0061184795818796794,0.07926287556038514,0,10.32,0.9649805447470817,0.0,0.3035019455252918,0.0068959575101355235,0.10631234245804036
289,20.0,0,20.0,0.8717434869739479,0.0,0.627254509018036,0.0046398632546044765,0.04572966618695562,0,20.0,0.9318637274549099,0.0,0.4288577154308617,0.005333429002285673,0.06261804537699307
290,19.44,0,19.44,1.0,0.0,0.15051546391752577,0.004211938503354071,0.14164222069531937,0,19.44,0.9835051546391752,0.0,0.27010309278350514,0.0050084532431184095,0.10614191333799634
291,25.52,0,25.52,0.9921507064364207,0.0,0.23233908948194662,0.007345070686259901,0.12293930386641183,0,25.52,0.9638932496075353,0.0,0.3642072213500785,0.0059570940465663875,0.0999452128786846
292,9.84,0,9.84,0.9591836734693877,0.0,0.3020408163265306,0.005285837000120802,0.07618467822430058,0,9.84,0.9877551020408163,0.0,0.2571428571428571,0.00582832156310223,0.10571691637961807
293,9.08,0,9.08,1.0,0.0,0.16371681415929204,0.007658420872615745,0.15660275926869027,0,9.08,1.0,0.0,0.13274336283185842,0.007138998233862195,0.14565021771604672
294,9.24,0,9.24,1.0,0.0,0.06956521739130435,0.014030483439731543,0.2991972140621166,0,9.24,0.991304347826087,0.0,0.10869565217391304,0.012400767551155238,0.25641070094359747
295,8.68,0,8.68,0.9953703703703703,0.0,0.25925925925925924,0.0070654783668059945,0.10251836720838445,0,8.68,0.9953703703703703,0.0,0.19907407407407407,0.007914943372924609,0.13196695658561827
296,19.84,0,19.84,1.0,0.0,0.1393939393939394,0.004554890966904885,0.13231793511301593,0,19.84,0.9919191919191919,0.0,0.29292929292929293,0.005469732320320365,0.10812627004752555
297,9.36,0,9.36,1.0,0.0,0.13733905579399142,0.007164708221581763,0.14918528237308173,0,9.36,1.0,0.0,0.17167381974248927,0.006572175632028511,0.11901741494127141
298,12.36,0,12.36,0.8571428571428571,0.0,0.724025974025974,0.00521190866014484,0.03615460868007421,0,12.36,0.9512987012987013,0.0,0.44155844155844154,0.007104019267689228,0.07450878155119678
299,8.24,0,8.24,1.0,0.0,0.36097560975609755,0.0055356286541569655,0.07127904847373727,0,8.24,1.0,0.0,0.23414634146341465,0.0068138042706384705,0.13682389243700924
300,11.28,0,11.28,0.9928825622775801,0.0,0.3202846975088968,0.007800219645576749,0.10351815784694397,0,11.28,0.9786476868327402,0.0,0.2775800711743772,0.010224480875571408,0.14436247156731677
301,22.6,0,22.6,0.9716312056737588,0.0,0.2925531914893617,0.0086701119759653,0.09720715643464005,0,22.6,0.9627659574468085,0.0,0.475177304964539,0.007000022281196938,0.057009785086487734
302,12.52,0,12.52,0.9551282051282052,0.0,0.2403846153846154,0.01286603041024827,0.096596929410001,0,12.52,0.9487179487179487,0.0,0.2916666666666667,0.012681213768175565,0.09798008587013218
303,10.0,0,10.0,1.0,0.0,0.0963855421686747,0.012010743772669835,0.24145130311768617,0,10.0,1.0,0.0,0.11244979919678715,0.01202041208940262,0.28931460280832855
304,8.72,0,8.72,0.9769585253456221,0.0,0.24423963133640553,0.006144205847543525,0.15191357709431833,0,8.72,0.9953917050691244,0.0,0.10599078341013825,0.007037065912264867,0.1341556687049978
305,18.48,0,18.48,0.9718004338394793,0.0,0.18655097613882862,0.004293654857576903,0.15997241835102247,0,18.48,0.9783080260303688,0.0,0.2950108459869848,0.0053918267348793455,0.10534827729366344
306,8.24,0,8.24,0.9609756097560975,0.0,0.22439024390243903,0.006585305344709477,0.09517581875424613,0,8.24,1.0,0.0,0.23902439024390243,0.007863445633053174,0.11544413853420829
307,10.04,0,10.04,0.928,0.0,0.316,0.008834960734588492,0.15746352158006638,0,10.04,0.9,0.0,0.356,0.0063415283948991315,0.11302949602985461
308,24.56,0,24.56,0.9738988580750407,0.0,0.23164763458401305,0.006654326193884281,0.11620291330217557,0,24.56,0.9477977161500816,0.0,0.401305057096248,0.0055242641369919595,0.07987435525997089
309,8.0,0,8.0,1.0,0.0,0.07537688442211055,0.01747367058612056,0.2659845265135174,0,8.0,1.0,0.0,0.04522613065326633,0.01931710774547325,0.2745064929296062
310,28.72,0,28.72,0.806136680613668,0.0,0.42677824267782427,0.0068521478590724,0.08613280240268259,0,28.72,0.5829846582984658,0.0,0.6443514644351465,0.00665476183232845,0.08722967588098325
311,9.2,0,9.2,0.9912663755458515,0.0,0.1965065502183406,0.006322551058411765,0.2034822139853781,0,9.2,1.0,0.0,0.14410480349344978,0.007453412449347027,0.15637865199418577
312,13.92,0,13.92,0.9913544668587896,0.0,0.2968299711815562,0.011029800756896446,0.11170559461868793,0,13.92,0.9855907780979827,0.0,0.3314121037463977,0.009961334779081902,0.07171110455700572
313,8.64,0,8.64,0.9627906976744186,0.0,0.2651162790697674,0.006900141906583431,0.12933790972740103,0,8.64,0.9813953488372092,0.0,0.20930232558139536,0.007844172585733594,0.12128234764434996
314,11.36,0,11.36,0.9611307420494699,0.0,0.31802120141342755,0.00776617519770698,0.10464403629010843,0,11.36,0.9681978798586572,0.0,0.2862190812720848,0.008217573297160129,0.18250972256920078
315,14.0,0,14.0,0.833810888252149,0.0,0.6991404011461319,0.004446092212964184,0.03312495097496095,0,14.0,0.8997134670487106,0.0,0.47277936962750716,0.006285817485319002,0.07331642501607774
316,8.92,0,8.92,0.9819819819819819,0.0,0.17117117117117117,0.00821628628317984,0.20157117485619214,0,8.92,0.9954954954954955,0.0,0.23423423423423423,0.008070550189601778,0.1318923391001597
317,7.64,0,7.64,1.0,0.0,0.3368421052631579,0.005805874546852382,0.11929616108051387,0,7.64,1.0,0.0,0.21052631578947367,0.007154425953259196,0.14012555042814434
318,25.24,0,25.24,0.9873015873015873,0.0,0.25555555555555554,0.00803542982342986,0.08215658574031454,0,25.24,0.9666666666666667,0.0,0.44285714285714284,0.007059237342371209,0.06125535310592022
319,8.68,0,8.68,1.0,0.0,0.06944444444444445,0.014665105576690873,0.293188111122792,0,8.68,1.0,0.0,0.037037037037037035,0.013696714709086219,0.2459088751275103
320,9.04,0,9.04,0.9555555555555556,0.0,0.29777777777777775,0.011744447922244036,0.17698217996514565,0,9.04,0.96,0.0,0.3244444444444444,0.009446204442062785,0.11205568765645031
321,12.52,0,12.52,0.9519230769230769,0.0,0.4326923076923077,0.006823578407259806,0.07279199476401729,0,12.52,0.9198717948717948,0.0,0.7115384615384616,0.0043361210992370215,0.02927020807828362
322,28.88,0,28.88,0.7905686546463245,0.0,0.5034674063800277,0.00703224702288556,0.06672429780632971,0,28.88,0.6574202496532594,0.0,0.7170596393897365,0.007117401872777708,0.033213013409320785
323,9.32,0,9.32,0.9870689655172413,0.0,0.22844827586206898,0.006021173462951446,0.15520943504928797,0,9.32,1.0,0.0,0.19827586206896552,0.006566288987824551,0.16747193202896596
324,21.16,0,21.16,0.9659090909090909,0.0,0.44696969696969696,0.004796194900309158,0.05868649482700107,0,21.16,0.7803030303030303,0.0,0.5890151515151515,0.004368061713065884,0.06073366945703168
325,12.4,0,12.4,0.9611650485436893,0.0,0.23624595469255663,0.01076827084894449,0.15526811418950956,0,12.4,0.9644012944983819,0.0,0.34951456310679613,0.009798936431559439,0.14013576571072267
326,9.68,0,9.68,1.0,0.0,0.08298755186721991,0.013485242713399997,0.25764768982762354,0,9.68,1.0,0.0,0.07468879668049792,0.013230755676999537,0.23769236875547609
327,9.48,0,9.48,1.0,0.0,0.2542372881355932,0.005897729035018694,0.18101138697646152,0,9.48,0.9830508474576272,0.0,0.2457627118644068,0.006831981700644623,0.15143462118254977
328,11.08,0,11.08,0.9420289855072463,0.0,0.391304347826087,0.005743851215761659,0.09288807873399946,0,11.08,0.9057971014492754,0.0,0.3079710144927536,0.007816329793063898,0.17592147578426573
329,9.08,0,9.08,1.0,0.0,0.11504424778761062,0.008599889479978452,0.21118491231853687,0,9.08,0.995575221238938,0.0,0.11946902654867257,0.009190051341681982,0.16842944843321356
330,22.8,0,22.8,0.7170474516695958,0.0,0.7574692442882249,0.0036117149075011374,0.01907284532840546,0,22.8,0.9824253075571178,0.0,0.4868189806678383,0.006438416605665493,0.052945442318397026
331,18.6,0,18.6,0.978448275862069,0.0,0.1810344827586207,0.00399790147375967,0.1305007570275415,0,18.6,0.9676724137931034,0.0,0.3426724137931034,0.004153343034421517,0.09107991636446695
332,9.48,0,9.48,0.923728813559322,0.0,0.25,0.0088700181597722,0.20071984171921137,0,9.48,0.9152542372881356,0.0,0.3559322033898305,0.00725270246289053,0.09735254110447047
333,13.88,0,13.88,0.9913294797687862,0.0,0.24277456647398843,0.010451468649309228,0.16016888302811857,0,13.88,1.0,0.0,0.1791907514450867,0.011180936143841682,0.1226461025973754
334,13.0,0,13.0,0.9598765432098766,0.0,0.4166666666666667,0.007735847415898676,0.0759970802965098,0,13.0,0.8518518518518519,0.0,0.7716049382716049,0.004869310115327038,0.03175403883170534
335,23.08,0,23.08,0.9826388888888888,0.0,0.1996527777777778,0.007825485623894395,0.14549648451062203,0,23.08,0.9409722222222222,0.0,0.3697916666666667,0.005662106080261943,0.09776954386943376
336,9.16,0,9.16,1.0,0.0,0.08771929824561403,0.014058617861213575,0.2411715995766341,0,9.16,1.0,0.0,0.10964912280701754,0.01303131892775727,0.23484096711097519
337,8.64,0,8.64,0.9813953488372092,0.0,0.2372093023255814,0.006565750274814329,0.1315704578714012,0,8.64,1.0,0.0,0.18604651162790697,0.006217469829758562,0.1214878186137875
338,8.2,0,8.2,1.0,0.0,0.30392156862745096,0.007955814638606052,0.09250658773754786,0,8.2,1.0,0.0,0.2549019607843137,0.008709754370244856,0.1315263015247678
339,26.6,0,26.6,0.8674698795180723,0.0,0.45180722891566266,0.0073457315291471205,0.07417012217359309,0,26.6,0.625,0.0,0.6295180722891566,0.0064535010418957026,0.06794641169234011
340,25.52,0,25.52,0.9686028257456829,0.0,0.28728414442700156,0.010450098985723353,0.09968946097572248,0,25.52,0.9937205651491365,0.0,0.4521193092621664,0.008176898643230797,0.05777175801878709
341,11.88,0,11.88,0.9527027027027027,0.0,0.3141891891891892,0.00941287013103118,0.12268324688652145,0,11.88,0.9391891891891891,0.0,0.375,0.009034275359602797,0.11822043770860002
342,21.08,0,21.08,0.9790874524714829,0.0,0.20532319391634982,0.003961404619545681,0.12825350465313473,0,21.08,0.9866920152091255,0.0,0.3155893536121673,0.004362682817956959,0.09210209845821377
343,8.92,0,8.92,0.9684684684684685,0.0,0.16216216216216217,0.007227506096536624,0.17604570390337773,0,8.92,0.9954954954954955,0.0,0.22972972972972974,0.007729884727141976,0.15719691069249295
344,30.76,0,30.76,0.9635416666666666,0.0,0.19401041666666666,0.007913178722631361,0.12792762565674523,0,30.76,0.9921875,0.0,0.22526041666666666,0.009295678779807855,0.11497481566353437
345,8.56,0,8.56,1.0,0.0,0.20657276995305165,0.006546142421652214,0.11565730207349602,0,8.56,0.9906103286384976,0.0,0.14084507042253522,0.007104942741215594,0.13171131417208806
346,12.6,0,12.6,0.8343949044585988,0.0,0.49044585987261147,0.005245475131610378,0.0752665061139098,0,12.6,0.697452229299363,0.0,0.767515923566879,0.0033896742248950796,0.03784510163259339
347,10.0,0,10.0,0.9919678714859438,0.0,0.1686746987951807,0.007998566960197653,0.19284662574378222,0,10.0,1.0,0.0,0.18072289156626506,0.008143901613864473,0.13331810040893258
348,8.72,0,8.72,1.0,0.0,0.04608294930875576,0.017617925086162296,0.3208702974407449,0,8.72,1.0,0.0,0.06451612903225806,0.016553660759099018,0.3065687324284178
349,18.92,0,18.92,0.9745762711864406,0.0,0.20127118644067796,0.0035570540845975608,0.13058252158778005,0,18.92,0.9788135593220338,0.0,0.3050847457627119,0.0036821041430798005,0.08660375170927048
350,29.68,0,29.68,0.8286099865047234,0.0,0.4817813765182186,0.007067430355124113,0.07042638373714122,0,29.68,0.631578947368421,0.0,0.6531713900134952,0.006588480152239872,0.06531861725628166
351,8.44,0,8.44,1.0,0.0,0.1380952380952381,0.006480456097006605,0.11361841394338182,0,8.44,1.0,0.0,0.06190476190476191,0.007149783616960725,0.12028290739361863
352,24.44,0,24.44,0.9655737704918033,0.0,0.1737704918032787,0.007280172064939998,0.14910985333882742,0,24.44,0.9754098360655737,0.0,0.3114754098360656,0.006607950534409211,0.10611153119601038
353,9.6,1,9.6,0.99581589958159,1.0416666666666667,0.09623430962343096,0.014983279239727573,0.27277694004667236,1,9.6,1.0,1.0416666666666667,0.12133891213389121,0.01400693742121869,0.2544738370712801
354,9.64,0,9.64,1.0,0.0,0.19166666666666668,0.005790371844456445,0.1208695440007273,0,9.64,0.9833333333333333,0.0,0.1125,0.005841688534355932,0.13076397811382634
355,10.2,0,10.2,0.9645669291338582,0.0,0.33070866141732286,0.008672178813597303,0.0975132339395984,0,10.2,0.9724409448818898,0.0,0.32677165354330706,0.009416240171781234,0.17287806205219153
356,12.36,0,12.36,0.9512987012987013,0.0,0.2922077922077922,0.010475338748083637,0.12868052899101032,1,12.36,0.9545454545454546,0.8090614886731392,0.30194805194805197,0.010110133343384224,0.1087985348571628
357,8.92,0,8.92,0.9864864864864865,0.0,0.36036036036036034,0.00501405669286064,0.09296479945163554,0,8.92,0.9954954954954955,0.0,0.24324324324324326,0.005684127682260455,0.12015766570038412
358,19.0,0,19.0,0.9767932489451476,0.0,0.39029535864978904,0.005113630565954486,0.063241660270368,0,19.0,0.7974683544303798,0.0,0.5316455696202531,0.004569490853015172,0.08674032478013843
359,20.84,0,20.84,0.9788461538461538,0.0,0.3269230769230769,0.004107048540191458,0.0804533162433926,0,20.84,0.9865384615384616,0.0,0.15576923076923077,0.005576069170603637,0.12946615520805096
360,12.36,0,12.36,0.8701298701298701,0.0,0.5032467532467533,0.006047287123598761,0.06622061064513868,0,12.36,0.8051948051948052,0.0,0.6883116883116883,0.0036359926476929464,0.041031472537208694
361,9.04,0,9.04,1.0,0.0,0.16,0.005579687947927378,0.17413359151580016,0,9.04,0.9911111111111112,0.0,0.19555555555555557,0.006238872136979467,0.11933514826433649
362,8.68,0,8.68,0.9768518518518519,0.0,0.3472222222222222,0.008842023475752395,0.17150562081155027,0,8.68,0.9583333333333334,0.0,0.37037037037037035,0.007364340052677394,0.09278938485260171
363,10.88,0,10.88,0.966789667896679,0.0,0.3763837638376384,0.0048214425905374145,0.07742324175540588,0,10.88,0.9704797047970479,0.0,0.28413284132841327,0.005402948888105707,0.09991847205536777
364,9.04,0,9.04,1.0,0.0,0.06222222222222222,0.01767922066803481,0.24958589918245927,0,9.04,0.9955555555555555,0.0,0.10666666666666667,0.015562769249791756,0.2381745535901575
365,42.8,0,42.8,0.9850327408793265,0.0,0.19457436856875585,0.0077923571706546985,0.15921430543958728,0,42.8,0.9812909260991581,0.0,0.2890551917680075,0.007197571287458645,0.08665271744642176
366,18.96,1,18.96,0.8245243128964059,0.5274261603375527,0.6701902748414377,0.005083219387221256,0.028365503263140752,0,18.96,0.9619450317124736,0.0,0.37209302325581395,0.0051583358419582,0.08011798994755728
367,15.72,0,15.72,0.9668367346938775,0.0,0.3877551020408163,0.00857675762131005,0.09274103245119943,0,15.72,0.9923469387755102,0.0,0.3979591836734694,0.009125629243970104,0.06559824492053654
368,10.24,0,10.24,0.996078431372549,0.0,0.13725490196078433,0.007216785846816317,0.18832559283026384,0,10.24,1.0,0.0,0.23921568627450981,0.00713650372742844,0.09659121264875616
369,19.56,0,19.56,0.985655737704918,0.0,0.23565573770491804,0.004327397041817555,0.13297728851330426,0,19.56,0.985655737704918,0.0,0.3422131147540984,0.00437262143323063,0.08231650656265131
370,28.4,1,28.4,0.9647390691114246,0.35211267605633806,0.3554301833568406,0.007044568913146658,0.07745526125307008,0,28.4,0.9732016925246827,0.0,0.5077574047954866,0.005840654941130691,0.051041128965918656
371,10.84,0,10.84,0.9222222222222223,0.0,0.2777777777777778,0.010482541050188662,0.14602564217334674,0,10.84,0.9518518518518518,0.0,0.37777777777777777,0.009540429277534995,0.08927800586998856
372,10.88,0,10.88,0.996309963099631,0.0,0.34317343173431736,0.005836941861870441,0.06837679352687763,0,10.88,1.0,0.0,0.18450184501845018,0.005979122758244752,0.11583521985068003
373,8.4,0,8.4,1.0,0.0,0.09569377990430622,0.01612719381454416,0.3031019562440646,0,8.4,0.9952153110047847,0.0,0.0861244019138756,0.014121891500333167,0.25825411738507964
374,11.92,0,11.92,0.98989898989899,0.0,0.37037037037037035,0.006192006544458921,0.07516378099483646,0,11.92,0.9932659932659933,0.0,0.25925925925925924,0.008677997199667655,0.1361658215595259
375,12.08,0,12.08,0.9534883720930233,0.0,0.3953488372093023,0.0067224607454897745,0.0969991678089263,0,12.08,0.893687707641196,0.0,0.6644518272425249,0.006244226134471788,0.034787915667774005
376,9.16,0,9.16,0.9868421052631579,0.0,0.32894736842105265,0.00696887702892585,0.07570765151891548,0,9.16,1.0,0.0,0.2982456140350877,0.00597565771900835,0.12307420988918749
377,9.32,0,9.32,1.0,0.0,0.21982758620689655,0.00741872527487133,0.1313265506215262,0,9.32,0.9870689655172413,0.0,0.12931034482758622,0.006825925653693526,0.15867741593138948
378,26.92,0,26.92,0.8809523809523809,0.0,0.43452380952380953,0.008090445827683038,0.084180902736847,0,26.92,0.6190476190476191,0.0,0.6994047619047619,0.005856553201171546,0.04697789606431704
379,11.92,0,11.92,0.9663299663299664,0.0,0.4175084175084175,0.007617872637787581,0.06434917603508113,0,11.92,0.898989898989899,0.0,0.7171717171717171,0.00476609039094813,0.03087610129234649
380,8.72,0,8.72,0.9953917050691244,0.0,0.2119815668202765,0.005926330627262536,0.0991352791858888,0,8.72,1.0,0.0,0.2304147465437788,0.007169241637951717,0.11873188388319356
381,28.72,0,28.72,0.9762900976290098,0.0,0.24546722454672246,0.0068792495677940995,0.1122214473339138,1,28.72,0.9846582984658299,0.34818941504178275,0.23709902370990238,0.007610841175780161,0.12589163345804277
382,9.08,0,9.08,0.9867256637168141,0.0,0.13274336283185842,0.006839227941672554,0.1723259466733276,0,9.08,1.0,0.0,0.11504424778761062,0.005698672557089083,0.149914247268295
383,19.36,0,19.36,0.9917184265010351,0.0,0.2401656314699793,0.004110935639561162,0.10858961358468394,0,19.36,0.9855072463768116,0.0,0.38716356107660455,0.00439111746912762,0.06330452838298625
384,12.56,0,12.56,0.9233226837060703,0.0,0.3354632587859425,0.006921295045588984,0.08788453186575942,0,12.56,0.853035143769968,0.0,0.6645367412140575,0.006359441969204263,0.030917064977309127
385,11.28,0,11.28,0.9608540925266904,0.0,0.33451957295373663,0.010863947186555752,0.16891277593314694,1,11.28,0.9323843416370107,0.8865248226950355,0.3665480427046263,0.007483856217757066,0.12034191282201892
386,24.56,0,24.56,0.9885807504078303,0.0,0.19249592169657423,0.007828417442382348,0.13460416859432586,0,24.56,0.99836867862969,0.0,0.2936378466557912,0.006808252619432747,0.08934776242447019
387,8.16,0,8.16,1.0,0.0,0.2561576354679803,0.0067304286284231895,0.1299448637344346,0,8.16,0.9950738916256158,0.0,0.23645320197044334,0.00729971918974744,0.17097044805240047
388,13.36,0,13.36,0.8618618618618619,0.0,0.5705705705705706,0.0053063199056931866,0.04942865346921479,0,13.36,0.8708708708708709,0.0,0.8288288288288288,0.0039756009469931065,0.02472514440035488
389,9.12,0,9.12,1.0,0.0,0.12334801762114538,0.010781129284172606,0.24739013380252475,0,9.12,1.0,0.0,0.1145374449339207,0.011421131165792289,0.2329811713330353
390,12.72,0,12.72,0.9716088328075709,0.0,0.29337539432176657,0.011101362228380787,0.11778393924239992,0,12.72,0.9652996845425867,0.0,0.2807570977917981,0.010367243500597215,0.13000995476138538
391,27.8,0,27.8,0.7752161383285303,0.0,0.5086455331412104,0.006417509176289897,0.07143217074379454,0,27.8,0.622478386167147,0.0,0.7046109510086456,0.005783043410484471,0.046249457036950936
392,27.68,0,27.68,0.9898697539797395,0.0,0.3068017366136035,0.008598055266005461,0.09054671239372677,0,27.68,0.984081041968162,0.0,0.38929088277858176,0.007665397774083497,0.06099160993530641
393,9.56,0,9.56,0.9831932773109243,0.0,0.24789915966386555,0.007313306380923535,0.1746235362458753,0,9.56,0.9873949579831933,0.0,0.16806722689075632,0.00877627565547238,0.11171234809525983
394,10.84,0,10.84,0.9814814814814815,0.0,0.3851851851851852,0.005917804735942722,0.0757725433417176,0,10.84,0.8925925925925926,0.0,0.7074074074074074,0.005255573930445803,0.03314018934117492
395,10.44,0,10.44,0.9846153846153847,0.0,0.3153846153846154,0.008924399689434794,0.12509722207970483,0,10.44,0.9730769230769231,0.0,0.28846153846153844,0.009806731890381098,0.1782762191896521
396,7.32,0,7.32,1.0,0.0,0.0989010989010989,0.017877229116338586,0.36076247011068574,0,7.32,0.9945054945054945,0.0,0.04945054945054945,0.015860538898194755,0.34644970520966895
397,13.2,0,13.2,0.9878419452887538,0.0,0.20972644376899696,0.011710465443765083,0.17489552002478334,0,13.2,0.9665653495440729,0.0,0.3586626139817629,0.010142358701161407,0.0715018672760368
398,19.04,0,19.04,0.9810526315789474,0.0,0.45263157894736844,0.0049245853195787675,0.054990896577748624,0,19.04,0.7768421052631579,0.0,0.5494736842105263,0.003924837869810285,0.057191360684120854
399,10.16,0,10.16,0.9881422924901185,0.0,0.22134387351778656,0.0057820990603318105,0.11653438313129931,0,10.16,1.0,0.0,0.18972332015810275,0.007241210385374238,0.13585802738326347
400,10.92,0,10.92,0.9080882352941176,0.0,0.46691176470588236,0.007146696271568793,0.09134470962015236,0,10.92,0.8345588235294118,0.0,0.6727941176470589,0.005779890852565911,0.0341700147227801
401,25.32,0,25.32,0.9920886075949367,0.0,0.16772151898734178,0.007116314113089831,0.1210177289105783,0,25.32,0.9873417721518988,0.0,0.2610759493670886,0.006407447721583262,0.10843383432342012
402,8.6,0,8.6,0.9813084112149533,0.0,0.24299065420560748,0.011037273787456801,0.15251513651583562,0,8.6,0.9813084112149533,0.0,0.29439252336448596,0.009092084703140105,0.11679412694223756
403,8.0,0,8.0,1.0,0.0,0.06030150753768844,0.01601894757738034,0.2970717929363845,0,8.0,1.0,0.0,0.10552763819095477,0.014813174912313777,0.28829185463714446
404,7.48,0,7.48,1.0,0.0,0.21505376344086022,0.006666242905207523,0.12408264571420694,0,7.48,1.0,0.0,0.1935483870967742,0.008103849756513693,0.1593036905291385
405,21.32,0,21.32,0.9774436090225563,0.0,0.20488721804511278,0.00463353619254364,0.12991786968792474,0,21.32,0.9924812030075187,0.0,0.34962406015037595,0.0045981344045107194,0.08171654771965436
406,9.68,0,9.68,0.995850622406639,0.0,0.22406639004149378,0.005242601669400702,0.14990050429166324,0,9.68,0.970954356846473,0.0,0.2033195020746888,0.0048904026111378195,0.14818902792423758
407,8.88,0,8.88,0.9095022624434389,0.0,0.49321266968325794,0.007089114634580593,0.05819839126038549,0,8.88,0.8597285067873304,0.0,0.751131221719457,0.005323639406651311,0.030407806785122407
408,7.28,0,7.28,0.9558011049723757,0.0,0.292817679558011,0.006532639934702222,0.12412066800145453,0,7.28,0.9834254143646409,0.0,0.17679558011049723,0.006547564002457577,0.14248288085926752
409,11.52,0,11.52,0.9442508710801394,0.0,0.24738675958188153,0.011570170402549654,0.12262633090463497,0,11.52,0.9407665505226481,0.0,0.36585365853658536,0.010460834695572244,0.11144654863732817
410,9.24,0,9.24,0.9347826086956522,0.0,0.2956521739130435,0.006845657885145812,0.1207152885390263,1,9.24,0.9304347826086956,1.0822510822510822,0.508695652173913,0.00816140280849902,0.057492150943168716
411,18.04,0,18.04,0.9755555555555555,0.0,0.46,0.004151390640811284,0.05481557205171807,0,18.04,0.9888888888888889,0.0,0.12222222222222222,0.006449816459466075,0.12581422473827633
412,9.32,0,9.32,1.0,0.0,0.1810344827586207,0.007572485758380355,0.1716958325483659,0,9.32,0.9698275862068966,0.0,0.23706896551724138,0.007614124970330127,0.13381896108515787
413,29.84,0,29.84,0.8738255033557047,0.0,0.49530201342281877,0.00740578725647154,0.06652761277089096,0,29.84,0.6335570469798658,0.0,0.625503355704698,0.0069657756016860495,0.07482026244808385
414,15.12,0,15.12,0.8408488063660478,0.0,0.5145888594164456,0.005452552538202088,0.06221204472090859,0,15.12,0.7506631299734748,0.0,0.8037135278514589,0.0035665376972957366,0.03367921894535601
415,9.48,0,9.48,0.8898305084745762,0.0,0.3813559322033898,0.008274906869289573,0.11046229801818701,0,9.48,0.9067796610169492,0.0,0.6483050847457628,0.005012889548006445,0.04431696651342229
416,8.8,0,8.8,1.0,0.0,0.3150684931506849,0.006088621610729741,0.08425071466967256,0,8.8,0.9954337899543378,0.0,0.3013698630136986,0.0070269161079155925,0.1054394883186772
417,23.4,0,23.4,0.7671232876712328,0.0,0.696917808219178,0.004361740242421629,0.023199036009614142,0,23.4,0.9794520547945206,0.0,0.4332191780821918,0.00536188246997092,0.07197046700030234
418,8.68,0,8.68,0.9722222222222222,0.0,0.125,0.006234398042215072,0.19034283654808057,0,8.68,0.9907407407407407,0.0,0.18981481481481483,0.007532047976041299,0.2041394117126641
419,7.64,0,7.64,1.0,0.0,0.2631578947368421,0.00825541450669674,0.09747581035047274,0,7.64,1.0,0.0,0.09473684210526316,0.008396736020085574,0.15940310903681607
420,14.08,0,14.08,0.9914529914529915,0.0,0.23076923076923078,0.009414404518629297,0.13965982288602669,0,14.08,0.9971509971509972,0.0,0.3561253561253561,0.00841910781704103,0.0665818512802305
421,19.72,0,19.72,0.9735772357723578,0.0,0.18495934959349594,0.004399093993407498,0.12606136561218995,0,19.72,0.9817073170731707,0.0,0.3252032520325203,0.005104808255114293,0.07422451811343964
422,8.52,0,8.52,1.0,0.0,0.11320754716981132,0.017174329815331582,0.25719899898843057,0,8.52,1.0,0.0,0.10377358490566038,0.014985347990169505,0.255475185727262
423,9.8,0,9.8,0.9221311475409836,0.0,0.38524590163934425,0.007041175153996606,0.10958575011113632,0,9.8,0.8319672131147541,0.0,0.680327868852459,0.005102649792318532,0.028116747818143065
424,25.76,0,25.76,0.5629860031104199,0.0,0.6920684292379471,0.006157207068272063,0.06866099264462924,0,25.76,0.8211508553654744,0.0,0.505443234836703,0.007506086204427001,0.06319993063806462
425,37.88,0,37.88,0.9989429175475687,0.0,0.17864693446088795,0.006313570047633497,0.11086315619290504,0,37.88,0.9978858350951374,0.0,0.16913319238900634,0.0065811577746274635,0.11335590064065842
426,9.28,0,9.28,0.9696969696969697,0.0,0.21212121212121213,0.006932978058237423,0.18305191409887606,0,9.28,1.0,0.0,0.19480519480519481,0.006077692628925481,0.16335015393736638
427,10.72,0,10.72,1.0,0.0,0.3146067415730337,0.007678922203395086,0.12947364837886138,0,10.72,0.9887640449438202,0.0,0.21348314606741572,0.008593011976728175,0.16795799007907808
428,25.72,0,25.72,0.9890965732087228,0.0,0.19937694704049844,0.006585520558350034,0.12295306764830395,0,25.72,0.9641744548286605,0.0,0.40342679127725856,0.005200560403500796,0.07388283310859503
429,17.44,0,17.44,0.9540229885057471,0.0,0.19080459770114944,0.004247078507327636,0.1273573931946864,0,17.44,0.9448275862068966,0.0,0.3724137931034483,0.004067823882560124,0.06178245444244366
430,12.72,0,12.72,1.0,0.0,0.13564668769716087,0.013329983554631207,0.19917061532320618,0,12.72,0.9968454258675079,0.0,0.138801261829653,0.011730886348805114,0.21580067665988656
431,8.84,0,8.84,1.0,0.0,0.18636363636363637,0.006496398129715734,0.2119391587157484,0,8.84,1.0,0.0,0.19090909090909092,0.007545800273736087,0.15802024614653543
432,16.48,0,16.48,0.8418491484184915,0.0,0.46228710462287104,0.005865136312749691,0.07103106185944816,0,16.48,0.8223844282238443,0.0,0.7274939172749392,0.0036906251867358827,0.029083815346139498
433,11.4,0,11.4,0.9471830985915493,0.0,0.4471830985915493,0.00869250269039257,0.1279293400041177,0,11.4,0.9577464788732394,0.0,0.44366197183098594,0.006476436837189188,0.06841545846280528
434,25.96,0,25.96,0.9783950617283951,0.0,0.2824074074074074,0.008733831110544231,0.08658780843685712,0,25.96,0.9814814814814815,0.0,0.36728395061728397,0.007366110046772224,0.06946537442214867
435,8.64,0,8.64,1.0,0.0,0.09767441860465116,0.014356779651797713,0.2550866965289037,0,8.64,1.0,0.0,0.12558139534883722,0.012835620746933861,0.2512324923087574
436,7.88,0,7.88,0.9846938775510204,0.0,0.29591836734693877,0.00764648117702791,0.08638194379189185,0,7.88,1.0,0.0,0.12244897959183673,0.012034049624803715,0.14399282396391686
437,9.36,0,9.36,0.9957081545064378,0.0,0.15879828326180256,0.007647693704722851,0.1641165291421674,0,9.36,1.0,0.0,0.15021459227467812,0.007758807939216181,0.18092841062129333
438,23.44,0,23.44,0.9777777777777777,0.0,0.23931623931623933,0.007999437212418229,0.13693198031429463,0,23.44,0.9794871794871794,0.0,0.35213675213675216,0.005710520566272955,0.08655876434689992
439,14.88,0,14.88,0.9326145552560647,0.0,0.4420485175202156,0.005949340802933662,0.07313395246207323,0,14.88,0.8517520215633423,0.0,0.7466307277628033,0.0039464910596788815,0.030515187895750855
440,8.48,0,8.48,0.985781990521327,0.0,0.16587677725118483,0.007105568639895893,0.11064580535372126,0,8.48,0.995260663507109,0.0,0.1990521327014218,0.009175367725340933,0.1352588942084813
441,13.04,0,13.04,0.8676923076923077,0.0,0.3569230769230769,0.008491217165272277,0.13886981743940055,0,13.04,0.8738461538461538,0.0,0.4,0.008631929783703017,0.11923718547057438
442,43.2,1,43.2,0.9972196478220574,0.23148148148148145,0.08897126969416126,0.008888862569733936,0.15489025379329877,0,43.2,0.9860982391102873,0.0,0.22706209453197404,0.007212741757227216,0.11232361115254066
443,10.52,0,10.52,0.9885496183206107,0.0,0.24045801526717558,0.007068171196669939,0.11764283268996063,0,10.52,0.9656488549618321,0.0,0.24427480916030533,0.009743883103358582,0.1900283490092824
444,18.08,0,18.08,0.9977827050997783,0.0,0.1419068736141907,0.0051292195743768525,0.14269725558822027,0,18.08,0.991130820399113,0.0,0.19290465631929046,0.005988295238321621,0.11438382039151104
445,10.08,0,10.08,0.9880478087649402,0.0,0.13545816733067728,0.006906775737449556,0.18088396002812515,0,10.08,0.9920318725099602,0.0,0.14342629482071714,0.007244554655772687,0.14806082986146166
446,9.32,0,9.32,1.0,0.0,0.08620689655172414,0.01273174092615087,0.2246190072155093,0,9.32,0.9870689655172413,0.0,0.125,0.012140018103929843,0.21762130827384524
447,20.92,0,20.92,0.9597701149425287,0.0,0.4482758620689655,0.0054765850098806145,0.057852986600838596,0,20.92,0.8007662835249042,0.0,0.5191570881226054,0.004303963901339206,0.05654962689586679
448,8.44,0,8.44,0.9857142857142858,0.0,0.23809523809523808,0.006338385675965689,0.10092321039286928,0,8.44,1.0,0.0,0.19047619047619047,0.007424161749639821,0.12286422551532372
449,16.44,0,16.44,0.9878048780487805,0.0,0.2634146341463415,0.011054801526797296,0.17292428306183497,0,16.44,0.9975609756097561,0.0,0.1975609756097561,0.012077698816005698,0.08962264420511178
450,30.24,0,30.24,0.7682119205298014,0.0,0.5854304635761589,0.005787108865345064,0.05335248189963673,0,30.24,0.8013245033112583,0.0,0.6026490066225165,0.005515117122507799,0.04844083233631387
451,9.72,0,9.72,1.0,0.0,0.12396694214876033,0.008271826342286293,0.20761780736110746,0,9.72,0.9710743801652892,0.0,0.13636363636363635,0.008047428016899914,0.13104738484749245
452,15.56,0,15.56,0.8762886597938144,0.0,0.538659793814433,0.00543912193187167,0.05573875579699307,0,15.56,0.8118556701030928,0.0,0.7577319587628866,0.0038790321011263383,0.02992126682917605
453,11.28,0,11.28,1.0,0.0,0.1387900355871886,0.013889678141074132,0.23511948033730154,0,11.28,1.0,0.0,0.06405693950177936,0.015431065385740758,0.26328732732015814
454,10.36,0,10.36,0.9302325581395349,0.0,0.26744186046511625,0.009180700311088693,0.16023735020112564,0,10.36,0.9302325581395349,0.0,0.29457364341085274,0.008744000990322853,0.1561637152414871
455,8.4,0,8.4,1.0,0.0,0.2822966507177033,0.007152374588450358,0.09916948563227929,0,8.4,0.9952153110047847,0.0,0.23923444976076555,0.007765140551415573,0.12289955084888719
456,9.2,0,9.2,1.0,0.0,0.18777292576419213,0.006652570373828215,0.17514710938632305,0,9.2,1.0,0.0,0.2576419213973799,0.0075811219727428825,0.16013329163829426
457,8.24,0,8.24,0.9902439024390244,0.0,0.2780487804878049,0.006026478058591053,0.09605944793030156,0,8.24,0.9902439024390244,0.0,0.2048780487804878,0.006624639927898582,0.12481059355025773
458,25.4,0,25.4,0.831230283911672,0.0,0.4526813880126183,0.007106374348724465,0.06997359677898538,0,25.4,0.668769716088328,0.0,0.6419558359621451,0.006488357255295453,0.057849616238968476
459,37.4,0,37.4,0.9903640256959315,0.0,0.14453961456102785,0.008425061020911517,0.12061967042884196,1,37.4,0.9925053533190579,0.26737967914438504,0.20235546038543897,0.007802731181150288,0.10434048522575624
460,21.52,0,21.52,0.9832402234636871,0.0,0.1787709497206704,0.0064307610463647325,0.1454712199224263,0,21.52,0.9739292364990689,0.0,0.3407821229050279,0.005681901117452785,0.11671860522829308
461,10.36,0,10.36,1.0,0.0,0.36046511627906974,0.006194170813023354,0.06679163192100007,0,10.36,0.9922480620155039,0.0,0.2054263565891473,0.0068734498613086895,0.10286546583270598
462,26.52,0,26.52,0.9848942598187311,0.0,0.29154078549848944,0.00776213679097783,0.0961252594783705,0,26.52,0.9818731117824774,0.0,0.43051359516616317,0.007045670004223787,0.06824121099557404
463,9.56,0,9.56,0.9915966386554622,0.0,0.18487394957983194,0.0063712118975099525,0.1754164633360331,0,9.56,1.0,0.0,0.18067226890756302,0.006740304692236836,0.14927318002046425
464,10.04,0,10.04,0.956,0.0,0.348,0.007308732126426136,0.16513555353096027,0,10.04,0.96,0.0,0.472,0.0057291226423914566,0.06066875736135331
465,10.24,0,10.24,1.0,0.0,0.33725490196078434,0.007350804092238908,0.07734813364632698,0,10.24,0.996078431372549,0.0,0.1607843137254902,0.00790470809542247,0.12279565011777893
466,9.88,0,9.88,1.0,0.0,0.2032520325203252,0.007707538191361463,0.21102429063038178,0,9.88,1.0,0.0,0.1991869918699187,0.008776901469685496,0.12087512823920207
467,9.32,0,9.32,0.9870689655172413,0.0,0.3706896551724138,0.006729710670706568,0.0706218513429502,0,9.32,1.0,0.0,0.24568965517241378,0.007254384485027869,0.10692949734002483
468,31.68,0,31.68,0.9962073324905183,0.0,0.17193426042983564,0.008885100909223028,0.13365711520976023,0,31.68,0.9974715549936789,0.0,0.15802781289506954,0.007447452774778943,0.11660458740529053
469,8.72,0,8.72,0.9861751152073732,0.0,0.16589861751152074,0.0064415540730141715,0.19425034099789923,0,8.72,1.0,0.0,0.11981566820276497,0.007319273010605688,0.1766527272346187
470,10.12,0,10.12,0.996031746031746,0.0,0.07539682539682539,0.01397158794888758,0.22978996264901058,0,10.12,1.0,0.0,0.09523809523809523,0.0127621448743392,0.19460568611474482
471,17.76,3,17.76,0.9796839729119639,1.689189189189189,0.29571106094808125,0.009045230103223131,0.08804513130025093,2,17.76,0.9525959367945824,1.126126126126126,0.25733634311512416,0.010804997470600826,0.09189852667848503
472,22.52,0,22.52,0.9306049822064056,0.0,0.7153024911032029,0.005177834651922389,0.02687718810922889,0,22.52,0.9733096085409253,0.0,0.4679715302491103,0.005796815130064945,0.05582527801297296
473,9.28,0,9.28,1.0,0.0,0.23376623376623376,0.0078010809816642475,0.09598767260236456,0,9.28,1.0,0.0,0.17316017316017315,0.00843257256667756,0.11273899232147104
474,25.52,0,25.52,0.8602825745682888,0.0,0.43328100470957615,0.007521596753257474,0.07971553542864489,0,25.52,0.7441130298273155,0.0,0.5557299843014128,0.00801435462906787,0.07701082964169195
475,14.48,0,14.48,0.9113573407202216,0.0,0.44598337950138506,0.006285417956641596,0.07357466174632951,0,14.48,0.8476454293628809,0.0,0.7728531855955678,0.00404858671961535,0.0234731181544083
476,8.76,0,8.76,0.9954128440366973,0.0,0.1651376146788991,0.007021730204745939,0.22915254984968647,0,8.76,0.9954128440366973,0.0,0.1651376146788991,0.00693643040813632,0.1748373946181555
477,8.48,0,8.48,1.0,0.0,0.07109004739336493,0.012619593598278772,0.26325410717025227,0,8.48,1.0,0.0,0.04265402843601896,0.013295289145184828,0.2708491541876254
478,8.48,0,8.48,1.0,0.0,0.24170616113744076,0.008542408583950145,0.1187044034355843,0,8.48,0.995260663507109,0.0,0.14691943127962084,0.008413919372646858,0.13225026837000495
479,15.28,0,15.28,0.9868766404199475,0.0,0.27296587926509186,0.009873011800068946,0.1769811045644598,0,15.28,1.0,0.0,0.2650918635170604,0.008883886134781319,0.08077780750849627
480,29.72,1,29.72,0.9002695417789758,0.3364737550471063,0.4002695417789757,0.010616537686458528,0.09481138185715181,2,29.72,0.8557951482479784,0.6729475100942126,0.5013477088948787,0.00850648288796957,0.0773735337035429
481,9.52,0,9.52,0.9957805907172996,0.0,0.13924050632911392,0.006490153723853854,0.1911766433310702,0,9.52,1.0,0.0,0.17721518987341772,0.008539865290357919,0.1247303519331444
482,9.8,0,9.8,1.0,0.0,0.0860655737704918,0.016425842088855478,0.25108499245746996,0,9.8,1.0,0.0,0.06967213114754098,0.01712712168037077,0.22653682559669044
483,14.32,1,14.32,0.9215686274509803,0.6983240223463687,0.46218487394957986,0.008839199403690854,0.07894702372232701,1,14.32,0.8795518207282913,0.6983240223463687,0.5154061624649859,0.008149112203450349,0.06460646615855137
484,10.8,0,10.8,0.9628252788104089,0.0,0.38661710037174724,0.006776217230292298,0.07266346031963729,0,10.8,0.966542750929368,0.0,0.3159851301115242,0.00809058172569705,0.11540974804957845
485,34.32,1,34.32,0.9941656942823804,0.2913752913752914,0.15869311551925322,0.007923249820372047,0.1410714928586722,0,34.32,0.9953325554259043,0.0,0.22637106184364061,0.00826335260235857,0.14186483946905648
486,24.4,0,24.4,0.9786535303776683,0.0,0.2019704433497537,0.008449665019124869,0.13072597143167788,0,24.4,0.9720853858784894,0.0,0.3399014778325123,0.007385355324045319,0.1067783936515698
487,20.6,0,20.6,0.9883268482490273,0.0,0.2918287937743191,0.007612534522798012,0.0846499114654376,0,20.6,0.9863813229571985,0.0,0.38132295719844356,0.006733860191703362,0.06917871288081888
488,9.0,0,9.0,0.9910714285714286,0.0,0.20535714285714285,0.006619237767772556,0.21096631040421088,0,9.0,0.9866071428571429,0.0,0.16964285714285715,0.008532507156312936,0.19075767963073734
489,21.84,0,21.84,0.9412844036697248,0.0,0.5027522935779817,0.004506979411928222,0.054432141498731025,0,21.84,0.728440366972477,0.0,0.5889908256880734,0.004032973305682674,0.06546915866434015
490,9.6,0,9.6,0.9916317991631799,0.0,0.3138075313807531,0.005983452141179248,0.07288105255739753,0,9.6,0.9874476987447699,0.0,0.15481171548117154,0.006395151496324004,0.12446787664832176
491,10.64,0,10.64,0.9773584905660377,0.0,0.3433962264150943,0.005471349152597497,0.09780729768781393,0,10.64,0.9811320754716981,0.0,0.2490566037735849,0.008507925982105714,0.17537134367874074
492,13.52,0,13.52,0.9525222551928784,0.0,0.43026706231454004,0.006509452831659878,0.06591155568559581,0,13.52,0.8189910979228486,0.0,0.6943620178041543,0.004747697830748288,0.03262437868982668
493,9.72,0,9.72,0.9958677685950413,0.0,0.1322314049586777,0.0065513749116501135,0.22832917656289572,0,9.72,1.0,0.0,0.15702479338842976,0.006921669823288109,0.1585011249762739
494,25.4,0,25.4,0.9100946372239748,0.0,0.4968454258675079,0.0066256479628323366,0.06272466801799241,0,25.4,0.47318611987381703,0.0,0.7618296529968455,0.004639596912848655,0.05046491432139838
495,9.48,0,9.48,1.0,0.0,0.3220338983050847,0.007336437111091049,0.06842149410042894,0,9.48,0.9915254237288136,0.0,0.2584745762711864,0.006761801299687356,0.13014220148701752
496,8.76,0,8.76,0.981651376146789,0.0,0.13761467889908258,0.00896158941249189,0.20420721811244208,0,8.76,1.0,0.0,0.14220183486238533,0.008562337451299376,0.16092090083608002
497,11.76,0,11.76,0.9419795221843004,0.0,0.3003412969283277,0.007837231715137984,0.1691609004259873,0,11.76,0.9829351535836177,0.0,0.35494880546075086,0.00647413936865912,0.11006577574954787
498,14.16,0,14.16,0.9943342776203966,0.0,0.2096317280453258,0.011074864134484731,0.12645016492748595,0,14.16,0.9943342776203966,0.0,0.22662889518413598,0.011172124346001129,0.08727288911420461
499,37.24,0,37.24,0.9956989247311828,0.0,0.16881720430107527,0.007825288774042718,0.12655215500379907,1,37.24,0.9967741935483871,0.26852846401718583,0.14838709677419354,0.007468132241089711,0.13273781024614537
500,21.28,0,21.28,0.8681732580037664,0.0,0.6760828625235404,0.004261493911315156,0.028332903490552116,0,21.28,0.9830508474576272,0.0,0.391713747645951,0.006542740226229322,0.07271595906684235
501,8.96,0,8.96,0.9865470852017937,0.0,0.31390134529147984,0.006860769720553324,0.08445027861638567,0,8.96,0.9775784753363229,0.0,0.3004484304932735,0.006616276988334496,0.10299573894092945
502,26.16,0,26.16,0.8483920367534457,0.0,0.5497702909647779,0.006957029323330993,0.05546621059770871,0,26.16,0.5742725880551302,0.0,0.7013782542113323,0.00579854358421624,0.053895854129050284
503,9.64,0,9.64,0.9791666666666666,0.0,0.17916666666666667,0.00705809504462482,0.16288922189609922,0,9.64,0.9708333333333333,0.0,0.18333333333333332,0.0068876359645545695,0.20096050678435187
504,8.6,0,8.6,1.0,0.0,0.24299065420560748,0.007477845976719196,0.13751564730956367,0,8.6,1.0,0.0,0.2102803738317757,0.008253995892461126,0.14679372865266713
505,25.0,0,25.0,0.9759615384615384,0.0,0.3766025641025641,0.00815184598361419,0.07309356877238703,0,25.0,0.9935897435897436,0.0,0.47596153846153844,0.007707008070952117,0.05300779901946956
506,30.68,0,30.68,0.9804177545691906,0.0,0.15274151436031333,0.00879017066030145,0.16174154404996585,0,30.68,0.9778067885117493,0.0,0.3133159268929504,0.007843300703859062,0.10461117922971727
507,24.04,0,24.04,0.9883333333333333,0.0,0.23333333333333334,0.0064621287269454545,0.12787013715739382,0,24.04,0.97,0.0,0.3333333333333333,0.005333738449383028,0.11430366183138435
508,11.84,0,11.84,0.9864406779661017,0.0,0.43389830508474575,0.00700777594769624,0.07334618592349702,0,11.84,0.9864406779661017,0.0,0.29491525423728815,0.006860451822134387,0.1129323021540699
509,20.08,0,20.08,0.9540918163672655,0.0,0.47904191616766467,0.004976016430407307,0.05346358637482686,0,20.08,0.5728542914171657,0.0,0.6087824351297405,0.004199835468450747,0.09781457809351302
510,7.84,0,7.84,1.0,0.0,0.2153846153846154,0.0070069448030967195,0.1722876645348763,0,7.84,0.9948717948717949,0.0,0.1076923076923077,0.010161072388953375,0.18536432109890844
511,9.72,0,9.72,1.0,0.0,0.10743801652892562,0.01376545699211141,0.2470497189776789,0,9.72,0.9958677685950413,0.0,0.06611570247933884,0.012149651189067391,0.24740380280192348
512,8.8,0,8.8,1.0,0.0,0.2602739726027397,0.007960295352195789,0.13887248954852593,0,8.8,0.9954337899543378,0.0,0.1780821917808219,0.007315709889345173,0.16718398246275626
513,11.56,0,11.56,0.9270833333333334,0.0,0.3402777777777778,0.007088810838551977,0.15008635533491851,0,11.56,0.9375,0.0,0.3611111111111111,0.006140498340484957,0.10441187398300097
514,7.24,0,7.24,1.0,0.0,0.06666666666666667,0.017514579534438312,0.3431490228641274,0,7.24,1.0,0.0,0.03888888888888889,0.016723768449659913,0.3493266609988684
515,16.56,0,16.56,0.9951573849878934,0.0,0.15254237288135594,0.008271465318616405,0.1124710331820427,0,16.56,0.9975786924939467,0.0,0.17191283292978207,0.008415562921741565,0.09704709490681568
516,41.32,0,41.32,0.9864341085271318,0.0,0.22577519379844962,0.007343462666921847,0.1050876767593219,1,41.32,0.998062015503876,0.24201355275895453,0.1298449612403101,0.009034439373793657,0.13437733587530482
517,13.32,0,13.32,0.9367469879518072,0.0,0.29518072289156627,0.016518531548359687,0.13991724354273885,1,13.32,0.9397590361445783,0.7507507507507507,0.286144578313253,0.014854735038535856,0.1392164478996085
518,8.84,0,8.84,1.0,0.0,0.05454545454545454,0.015833776836864745,0.3179192578675371,0,8.84,1.0,0.0,0.02727272727272727,0.016370641235894857,0.29361256625653787
519,25.48,0,25.48,0.9355345911949685,0.0,0.4481132075471698,0.007035013845431284,0.06780625681027433,0,25.48,0.5550314465408805,0.0,0.6808176100628931,0.006198030946296541,0.06900348250043178
520,18.12,0,18.12,0.9048672566371682,0.0,0.6946902654867256,0.0065233350193253615,0.036742424129625084,0,18.12,0.8960176991150443,0.0,0.4004424778761062,0.007441081740468395,0.08063581845216815
521,34.2,0,34.2,0.977751756440281,0.0,0.12295081967213115,0.008345981434628478,0.13814163400579965,0,34.2,0.9929742388758782,0.0,0.1405152224824356,0.008383933775243404,0.12589305402422213
522,22.0,2,22.0,0.8688524590163934,0.9090909090909091,0.7085610200364298,0.004676165691563329,0.03252099713870691,0,22.0,0.9908925318761385,0.0,0.47358834244080145,0.005391025142818636,0.05362047689251678
523,12.04,0,12.04,0.9733333333333334,0.0,0.4866666666666667,0.007742782775632047,0.05721468259733983,0,12.04,0.9633333333333334,0.0,0.36666666666666664,0.007767018378443142,0.13080527359260744
524,45.72,0,45.72,0.9816112084063048,0.0,0.17075306479859895,0.007649134975389017,0.14287785199984807,0,45.72,0.9798598949211909,0.0,0.22591943957968477,0.007395301346990299,0.12041115051821857
525,10.0,0,10.0,1.0,0.0,0.09236947791164658,0.014824754137883886,0.28057025224285953,0,10.0,1.0,0.0,0.0642570281124498,0.015315202180426918,0.2695042136839213
526,7.44,0,7.44,1.0,0.0,0.15135135135135136,0.007964650907100608,0.12821171779245494,0,7.44,1.0,0.0,0.16756756756756758,0.009471885664807533,0.17603922943026057
527,18.56,0,18.56,0.9438444924406048,0.0,0.47516198704103674,0.004201829554107181,0.051920441517594534,0,18.56,0.6177105831533477,0.0,0.6285097192224622,0.004506500130807567,0.08767960264046744
528,11.36,0,11.36,0.9646643109540636,0.0,0.3003533568904594,0.009191529722164884,0.16142993612901602,0,11.36,0.9823321554770318,0.0,0.34275618374558303,0.007483269958393397,0.11980325294824909
529,13.16,0,13.16,0.9420731707317073,0.0,0.38414634146341464,0.00736095003423817,0.08281250723290182,0,13.16,0.8597560975609756,0.0,0.7408536585365854,0.004470478533954078,0.035495818645728344
530,8.64,0,8.64,1.0,0.0,0.17674418604651163,0.006826113324880361,0.10548955829534083,0,8.64,1.0,0.0,0.10232558139534884,0.008392454583498117,0.12066816893357785
531,23.88,0,23.88,0.9546979865771812,0.0,0.21308724832214765,0.007561712435981449,0.11212557983490032,0,23.88,0.9899328859060402,0.0,0.4513422818791946,0.005859221345759979,0.06035218639617175
532,9.44,0,9.44,0.9957446808510638,0.0,0.11063829787234042,0.013890571363306762,0.298358938172602,1,9.44,1.0,1.0593220338983051,0.09787234042553192,0.013458727942327995,0.2676217503336659
533,9.24,0,9.24,1.0,0.0,0.11739130434782609,0.005856562784618503,0.16574437704051997,0,9.24,1.0,0.0,0.10434782608695652,0.005596882070027851,0.17432398538669952
534,15.76,1,15.76,0.8727735368956743,0.6345177664974619,0.4071246819338422,0.00912691735803799,0.09525600467293675,1,15.76,0.8625954198473282,0.6345177664974619,0.44529262086513993,0.008516906096296555,0.0990073093023842
535,17.4,1,17.4,0.9953917050691244,0.574712643678161,0.23271889400921658,0.009415714928777262,0.14708041725179596,0,17.4,0.9907834101382489,0.0,0.3640552995391705,0.008545039197493366,0.06960574051299312
536,9.56,0,9.56,0.9873949579831933,0.0,0.3487394957983193,0.007945882125480374,0.0718834602809776,0,9.56,1.0,0.0,0.226890756302521,0.007158771871570059,0.10184669863045451
537,33.52,0,33.52,0.995221027479092,0.0,0.21385902031063322,0.006313768034206149,0.09841791021324252,0,33.52,0.986857825567503,0.0,0.1816009557945042,0.006852421752929643,0.12064148430945179
538,26.36,0,26.36,0.9908814589665653,0.0,0.23100303951367782,0.007988697022886463,0.09747270611638882,0,26.36,0.9772036474164134,0.0,0.44072948328267475,0.006682024538793501,0.059546680806045055
539,26.52,0,26.52,0.9063444108761329,0.0,0.5317220543806647,0.006289749100091953,0.05265161153628486,0,26.52,0.5317220543806647,0.0,0.7583081570996979,0.005150609581670978,0.03639500079236557
540,8.92,0,8.92,1.0,0.0,0.07657657657657657,0.014057050728558129,0.3170615201708711,0,8.92,1.0,0.0,0.04504504504504504,0.01395558407052094,0.2629057217988545
541,8.88,0,8.88,0.9683257918552036,0.0,0.27149321266968324,0.0069648331260880455,0.17640538121512345,0,8.88,0.9909502262443439,0.0,0.167420814479638,0.007790004422490729,0.1986250496342369
542,9.12,0,9.12,0.9647577092511013,0.0,0.3303964757709251,0.006244482097914288,0.06563886221381804,0,9.12,1.0,0.0,0.16299559471365638,0.0058905539537541015,0.13883810374095756
543,13.0,0,13.0,0.9938271604938271,0.0,0.3425925925925926,0.00916062951908977,0.08358097714052531,0,13.0,0.9938271604938271,0.0,0.2962962962962963,0.009763465316029356,0.14027889352363532
544,8.48,0,8.48,0.990521327014218,0.0,0.23696682464454977,0.0066340817944928986,0.09575770544335561,0,8.48,1.0,0.0,0.17061611374407584,0.006343221330389793,0.1357853216220779
545,19.36,0,19.36,0.8840579710144928,0.0,0.5031055900621118,0.006120520792726081,0.062351380091815636,0,19.36,0.906832298136646,0.0,0.6853002070393375,0.005657765629972153,0.03545674311278563
546,9.8,0,9.8,0.9959016393442623,0.0,0.21311475409836064,0.007135480693059818,0.1493966285195952,0,9.8,0.9836065573770492,0.0,0.13524590163934427,0.00753185385615608,0.17096820525446732
547,22.6,0,22.6,0.7606382978723404,0.0,0.4769503546099291,0.0068763183050841205,0.09117610801164491,0,22.6,0.6028368794326241,0.0,0.700354609929078,0.006563558043673768,0.04773532899304116
548,40.64,0,40.64,0.9812807881773399,0.0,0.19113300492610838,0.006902675480260014,0.1386528464757949,0,40.64,0.9773399014778326,0.0,0.20689655172413793,0.006657057057024916,0.12238537613672801
549,13.64,0,13.64,0.8235294117647058,0.0,0.7029411764705882,0.004369770694335651,0.030544055405055948,0,13.64,0.9411764705882353,0.0,0.5,0.00533246930461273,0.057747520323609476
550,8.76,0,8.76,1.0,0.0,0.09174311926605505,0.017020874043550332,0.27056039193343184,0,8.76,1.0,0.0,0.09174311926605505,0.016565727492895765,0.24659147317713814
551,13.24,0,13.24,0.8636363636363636,0.0,0.3393939393939394,0.010661312829809123,0.11691725408043048,0,13.24,0.8696969696969697,0.0,0.3787878787878788,0.012056734249510738,0.11755540517314307
552,16.84,0,16.84,0.9857142857142858,0.0,0.25476190476190474,0.007485826823589154,0.08258552698908529,0,16.84,1.0,0.0,0.1761904761904762,0.008687588034338757,0.09733032265293913
553,9.64,0,9.64,0.975,0.0,0.29583333333333334,0.011969727527798155,0.14097399004074188,0,9.64,0.9791666666666666,0.0,0.36666666666666664,0.008911860225214216,0.08509854619403061
554,23.64,0,23.64,0.9932203389830508,0.0,0.2627118644067797,0.007954478895516707,0.08887367729850731,0,23.64,0.9677966101694915,0.0,0.4610169491525424,0.006679750682766737,0.057987755575597044
555,8.48,0,8.48,0.995260663507109,0.0,0.33649289099526064,0.00701242163142303,0.07191705242130739,0,8.48,1.0,0.0,0.23696682464454977,0.007840056648679566,0.09818934307973382
556,37.16,0,37.16,1.0,0.0,0.12931034482758622,0.007328282816474304,0.0953294978646437,0,37.16,0.9935344827586207,0.0,0.1648706896551724,0.006890646925091752,0.10192855687455454
557,20.36,0,20.36,0.7480314960629921,0.0,0.7677165354330708,0.003746179079692491,0.022606363213710463,0,20.36,0.9625984251968503,0.0,0.4448818897637795,0.00568899676489063,0.06401369808092174
558,8.84,0,8.84,1.0,0.0,0.12727272727272726,0.006485905610849533,0.1799791646680434,0,8.84,0.9863636363636363,0.0,0.10454545454545454,0.00721829570373499,0.18267723367531893
559,8.0,0,8.0,1.0,0.0,0.09045226130653267,0.011389051255241927,0.1952753110916658,1,8.0,1.0,1.25,0.1306532663316583,0.011655255334473362,0.1976578952740193
560,9.32,0,9.32,0.9956896551724138,0.0,0.2974137931034483,0.007309821610608756,0.08248295436909697,0,9.32,1.0,0.0,0.2629310344827586,0.007084844560953204,0.12306027672093736
561,15.4,0,15.4,0.984375,0.0,0.21354166666666666,0.010634181028019477,0.1449353524136754,0,15.4,0.9817708333333334,0.0,0.3671875,0.010572374781243597,0.07015399866618573
562,10.0,0,10.0,0.9598393574297188,0.0,0.23694779116465864,0.00745904300202611,0.15671175476763705,0,10.0,0.9236947791164659,0.0,0.18473895582329317,0.007139187841793246,0.17372032675932464
563,10.56,0,10.56,0.9543726235741445,0.0,0.34220532319391633,0.009017686275329003,0.1666086463801651,0,10.56,0.9581749049429658,0.0,0.39543726235741444,0.007316761975883419,0.09462317542471901
564,25.32,0,25.32,0.9889240506329114,0.0,0.2120253164556962,0.006722835767648478,0.12554736254892787,0,25.32,0.9873417721518988,0.0,0.3180379746835443,0.006148143753225954,0.08944893589186442
565,9.48,0,9.48,0.9830508474576272,0.0,0.3177966101694915,0.00738063656740847,0.07342762993532481,0,9.48,0.9872881355932204,0.0,0.2245762711864407,0.007244236028450776,0.1394046250981339
566,28.32,1,28.32,0.9321074964639321,0.3531073446327684,0.2531824611032532,0.009722146750260813,0.15209926967525264,2,28.32,0.9801980198019802,0.7062146892655368,0.19377652050919378,0.010112371695553625,0.14497526762871693
567,20.8,0,20.8,0.9364161849710982,0.0,0.7572254335260116,0.004463927203598537,0.028628780724485305,0,20.8,0.9190751445086706,0.0,0.47398843930635837,0.006504426088950794,0.05872334886930016
568,9.8,0,9.8,0.9877049180327869,0.0,0.1557377049180328,0.008259759249733824,0.157861326654525,0,9.8,1.0,0.0,0.12295081967213115,0.008872364246816103,0.17548114860941244
569,13.04,0,13.04,0.9661538461538461,0.0,0.3723076923076923,0.010462991876036077,0.10633228116082,1,13.04,0.963076923076923,0.7668711656441719,0.41846153846153844,0.01008994391922804,0.09540122523381633
570,7.68,0,7.68,0.9895287958115183,0.0,0.31413612565445026,0.0077729407094831926,0.09257628903321277,0,7.68,1.0,0.0,0.18324607329842932,0.008116374010804266,0.15263296727821574
571,11.12,0,11.12,0.9602888086642599,0.0,0.30685920577617326,0.007403567088454185,0.10064129496885296,0,11.12,0.9494584837545126,0.0,0.30685920577617326,0.007822079227434392,0.17457929647182693
572,13.28,0,13.28,0.9425981873111783,0.0,0.48338368580060426,0.007414888260084233,0.06055053778390085,0,13.28,0.8882175226586103,0.0,0.6072507552870091,0.005584709514332468,0.043765324197134095
573,9.48,0,9.48,1.0,0.0,0.0847457627118644,0.01469658953935328,0.2743909583299921,0,9.48,1.0,0.0,0.0635593220338983,0.012569608184411041,0.2460939524217372
574,42.2,0,42.2,0.9620493358633776,0.0,0.23908918406072105,0.007671003670274721,0.1464822145649778,1,42.2,0.959203036053131,0.23696682464454974,0.32732447817836813,0.0075956434017590375,0.09054301981533025
575,9.32,0,9.32,0.9870689655172413,0.0,0.17672413793103448,0.007549649340299169,0.20847290733629992,0,9.32,0.9956896551724138,0.0,0.1810344827586207,0.00727593890293653,0.2173478815454206
576,8.76,0,8.76,0.9862385321100917,0.0,0.1926605504587156,0.006524850621182637,0.12845085618580512,0,8.76,0.9908256880733946,0.0,0.1559633027522936,0.006674897780356356,0.13727812135728915
577,22.88,0,22.88,0.9982486865148862,0.0,0.19089316987740806,0.007466048153162957,0.13869560090708766,0,22.88,0.9824868651488616,0.0,0.2591943957968476,0.0064310449016882695,0.11355701839391345
578,10.8,0,10.8,0.9405204460966543,0.0,0.3345724907063197,0.007166704389317356,0.17535001138054307,0,10.8,0.9553903345724907,0.0,0.36059479553903345,0.005346998531632363,0.08513155766207937
579,20.48,0,20.48,0.949119373776908,0.0,0.8003913894324853,0.004907382018013727,0.028504745401209945,0,20.48,0.9119373776908023,0.0,0.3835616438356164,0.006767105861314785,0.06992574060908358
580,21.64,1,21.64,0.9555555555555556,0.4621072088724584,0.31296296296296294,0.00690675339971431,0.07957819783607645,0,21.64,0.9777777777777777,0.0,0.4462962962962963,0.00711490208197842,0.05948395508461979
581,10.4,1,10.4,0.9922779922779923,0.9615384615384615,0.18146718146718147,0.007505713839402762,0.13264530321338652,1,10.4,0.9884169884169884,0.9615384615384615,0.14671814671814673,0.007333136944863151,0.1494848593112419
582,39.0,0,39.0,0.9907597535934292,0.0,0.15811088295687886,0.008713680372336455,0.14479499310080254,0,39.0,0.9907597535934292,0.0,0.1375770020533881,0.008783733805229323,0.13468960467733496
583,9.76,0,9.76,0.9753086419753086,0.0,0.3497942386831276,0.006449349162810674,0.08534701555901979,0,9.76,1.0,0.0,0.2716049382716049,0.0070224520236592735,0.08717747877411695
584,13.0,0,13.0,0.9166666666666666,0.0,0.3765432098765432,0.005790978288959229,0.08835591039355233,0,13.0,0.9722222222222222,0.0,0.6851851851851852,0.004997934878548781,0.03403190178428287
585,12.96,0,12.96,1.0,0.0,0.13003095975232198,0.012105680552277388,0.20917554645563602,0,12.96,1.0,0.0,0.1826625386996904,0.01214985866221064,0.16345199492374315
586,11.36,0,11.36,0.9858657243816255,0.0,0.392226148409894,0.006079307195234334,0.09307854668835212,0,11.36,0.9187279151943463,0.0,0.2968197879858657,0.006924983082019013,0.1781323404919891
587,17.6,0,17.6,0.9886104783599089,0.0,0.23006833712984054,0.006809662821007496,0.08304014147436511,0,17.6,0.9908883826879271,0.0,0.2164009111617312,0.009749885705682634,0.09660403759588718
588,9.96,0,9.96,0.9919354838709677,0.0,0.29838709677419356,0.006663480894724735,0.08681618630962326,0,9.96,0.9879032258064516,0.0,0.28225806451612906,0.007267626030873381,0.10516554779311603
589,9.56,0,9.56,0.9915966386554622,0.0,0.14705882352941177,0.00852289067336262,0.1714382782705235,0,9.56,0.9873949579831933,0.0,0.07983193277310924,0.008553572122292446,0.17728798408645038
590,10.84,0,10.84,1.0,0.0,0.13333333333333333,0.014951137539524994,0.19986477228448488,0,10.84,0.9962962962962963,0.0,0.1259259259259259,0.013727506132482168,0.17131822574913733
591,8.52,0,8.52,1.0,0.0,0.44339622641509435,0.0065132675600226165,0.06184832468878561,0,8.52,0.9858490566037735,0.0,0.25,0.007085869751585963,0.13729155473765756
592,11.12,0,11.12,0.9494584837545126,0.0,0.2490974729241877,0.007439581818662394,0.18960685362199517,0,11.12,0.9386281588447654,0.0,0.33212996389891697,0.006084073665836242,0.13295384363696383
593,15.28,0,15.28,0.994750656167979,0.0,0.2335958005249344,0.009604153088634977,0.17426409345131086,0,15.28,0.994750656167979,0.0,0.3123359580052493,0.008121028980686725,0.08549034414665042
594,10.8,0,10.8,0.9814126394052045,0.0,0.22304832713754646,0.00685190168523236,0.16414375757105948,0,10.8,0.9925650557620818,0.0,0.17843866171003717,0.006771792421367106,0.1614645573075239
595,31.76,0,31.76,0.9949558638083228,0.0,0.17654476670870115,0.00832593762489963,0.12326660628661552,0,31.76,0.9886506935687264,0.0,0.1626733921815889,0.008356143165107244,0.1384748384229239
596,8.04,0,8.04,0.98,0.0,0.34,0.00802041137696564,0.07901227187301438,0,8.04,0.99,0.0,0.18,0.008964521168048876,0.13043568511054252
597,9.64,0,9.64,1.0,0.0,0.12916666666666668,0.00756093586470868,0.19991097060815788,0,9.64,0.9916666666666667,0.0,0.07083333333333333,0.007284998339628197,0.21057771582230467
598,22.76,0,22.76,0.954225352112676,0.0,0.25,0.007074178418430629,0.11893805316083317,0,22.76,0.9559859154929577,0.0,0.43661971830985913,0.005755845231715509,0.07231780188004783
599,10.08,0,10.08,0.9960159362549801,0.0,0.06772908366533864,0.014635889889245468,0.2605306021160858,0,10.08,1.0,0.0,0.04780876494023904,0.014780220560203634,0.24216180076918445
600,18.56,0,18.56,0.9114470842332614,0.0,0.8466522678185745,0.005547975047198077,0.03247761432508123,0,18.56,0.9395248380129589,0.0,0.4319654427645788,0.007967921060585028,0.06217563678225961
601,8.12,0,8.12,1.0,0.0,0.1188118811881188,0.008027219398649239,0.13630625496099052,0,8.12,0.995049504950495,0.0,0.3613861386138614,0.005371011018339631,0.07995900495000652
602,10.04,0,10.04,0.988,0.0,0.192,0.007087506943426731,0.16014385400068643,0,10.04,0.984,0.0,0.164,0.010271110482287838,0.17814562993473618
603,27.0,0,27.0,0.983679525222552,0.0,0.25667655786350146,0.00861647926214993,0.09331695518390669,0,27.0,0.9777448071216617,0.0,0.3560830860534125,0.007749198528693738,0.07795354612039078
604,38.4,0,38.4,0.9749739311783108,0.0,0.1689259645464025,0.007657522088041747,0.17247820574826708,1,38.4,0.9968717413972888,0.2604166666666667,0.1616266944734098,0.009052073998618378,0.169741480067155
605,7.96,0,7.96,0.9949494949494949,0.0,0.18181818181818182,0.010469316435066654,0.1731423739937565,0,7.96,1.0,0.0,0.22727272727272727,0.008150026227701628,0.08681676253111076
606,11.08,0,11.08,0.9855072463768116,0.0,0.33695652173913043,0.006317920592977344,0.1412302534117934,0,11.08,0.9963768115942029,0.0,0.32608695652173914,0.007199037086510869,0.14014698796187544
607,23.52,0,23.52,0.9880749574105622,0.0,0.23679727427597955,0.006544155638081085,0.11370379565140863,0,23.52,0.9676320272572402,0.0,0.4071550255536627,0.0055350094321644444,0.06954092901232652
608,15.08,0,15.08,0.9973404255319149,0.0,0.21808510638297873,0.00957891247590813,0.13820319147307486,0,15.08,0.9920212765957447,0.0,0.5026595744680851,0.007390788390529319,0.05041154847856537
609,7.72,0,7.72,0.9947916666666666,0.0,0.16145833333333334,0.009149492184145135,0.14817333445954425,0,7.72,1.0,0.0,0.234375,0.007271167479677879,0.11373606545163711
610,9.8,0,9.8,0.9918032786885246,0.0,0.1885245901639344,0.007076948239029853,0.1594860076607742,0,9.8,0.9918032786885246,0.0,0.16393442622950818,0.006890001677063338,0.15572966789212922
611,9.84,0,9.84,1.0,0.0,0.0326530612244898,0.01258098286823294,0.24192684670711487,0,9.84,0.9959183673469387,0.0,0.04897959183673469,0.01322719088373558,0.2020168813522441
612,16.56,0,16.56,0.9685230024213075,0.0,0.13075060532687652,0.007200299225001244,0.09573742719750458,0,16.56,0.9806295399515739,0.0,0.22760290556900725,0.00870237176591993,0.09565768853996551
613,19.12,0,19.12,0.9790356394129979,0.0,0.16142557651991615,0.0043625529036619365,0.14757261690322368,0,19.12,0.9790356394129979,0.0,0.26834381551362685,0.0038614711971108177,0.09662498308963509
614,17.48,0,17.48,0.9013761467889908,0.0,0.6903669724770642,0.006658952804395556,0.03134388586733206,0,17.48,0.9174311926605505,0.0,0.41284403669724773,0.006871675226063249,0.06340109463921498
615,13.16,0,13.16,0.9603658536585366,0.0,0.24085365853658536,0.012172312847197735,0.16583515552747932,0,13.16,0.9847560975609756,0.0,0.25609756097560976,0.014096627423786704,0.14408930666180714
616,55.52,1,55.52,0.9985580389329488,0.18011527377521613,0.09300648882480173,0.01005898579990652,0.1621432709193762,0,55.52,0.9459264599855803,0.0,0.17231434751261715,0.009415718175788594,0.15477721881667866
617,9.24,0,9.24,0.9652173913043478,0.0,0.32608695652173914,0.005994200293596365,0.0852869955963982,0,9.24,0.991304347826087,0.0,0.2217391304347826,0.006510378762336422,0.12323567794166403
618,9.68,0,9.68,1.0,0.0,0.14937759336099585,0.009293674557251958,0.17905972546846566,0,9.68,1.0,0.0,0.1991701244813278,0.0077463991431167955,0.19605865431970598
619,21.2,0,21.2,0.9697542533081286,0.0,0.1947069943289225,0.004814348860558304,0.13705299496561882,0,21.2,0.943289224952741,0.0,0.2608695652173913,0.004324900975482608,0.10244615887700859
620,12.12,0,12.12,0.9602649006622517,0.0,0.3841059602649007,0.005374437301851393,0.09379074492893254,0,12.12,0.9403973509933775,0.0,0.27483443708609273,0.006563590634611026,0.16040900347618825
621,14.76,0,14.76,0.967391304347826,0.0,0.29891304347826086,0.009655421975780377,0.124060956410171,0,14.76,1.0,0.0,0.2798913043478261,0.008737830292957511,0.09025524127846699
622,12.8,0,12.8,0.8463949843260188,0.0,0.6363636363636364,0.0042103259935566935,0.042266522121732125,0,12.8,0.9655172413793104,0.0,0.45768025078369906,0.005886206043691801,0.06257030423451582
623,8.36,0,8.36,0.9615384615384616,0.0,0.23557692307692307,0.008606759419652665,0.15434088493270842,0,8.36,0.9375,0.0,0.2403846153846154,0.007613562710384939,0.12919677887903092
624,10.12,0,10.12,0.9841269841269841,0.0,0.1746031746031746,0.007612558164692016,0.17927281278576368,0,10.12,0.996031746031746,0.0,0.16666666666666666,0.006617309206338148,0.18055974478982662
625,29.76,0,29.76,0.9663526244952894,0.0,0.30955585464333785,0.008198355348450629,0.08211972636912875,0,29.76,0.9878869448183042,0.0,0.38492597577388965,0.007317259080012056,0.06782327178217701
626,10.68,0,10.68,0.9398496240601504,0.0,0.30451127819548873,0.009004963102266707,0.15036105378024936,0,10.68,0.943609022556391,0.0,0.31203007518796994,0.006938277889993044,0.09118624894916359
627,18.72,0,18.72,1.0,0.0,0.18843683083511778,0.004510174041962281,0.143097919158211,0,18.72,0.9828693790149893,0.0,0.23768736616702354,0.003924728650588276,0.09507812128476849
628,8.84,0,8.84,0.95,0.0,0.2909090909090909,0.008703348497354834,0.13193354337165106,0,8.84,0.9772727272727273,0.0,0.2818181818181818,0.007896080911352577,0.10228573079239849
629,10.72,0,10.72,0.9925093632958801,0.0,0.16104868913857678,0.008490084956144553,0.14456962459268038,0,10.72,1.0,0.0,0.18352059925093633,0.009048131033258185,0.14685263203342033
630,37.84,1,37.84,0.9978835978835979,0.2642706131078224,0.09417989417989418,0.007703873129041531,0.14867188800695175,0,37.84,0.9947089947089947,0.0,0.16296296296296298,0.007335448948695741,0.13042597637914366
631,15.6,0,15.6,0.9177377892030848,0.0,0.40616966580976865,0.007306997348021309,0.07021587929806249,0,15.6,0.9434447300771208,0.0,0.6529562982005142,0.006203547909105425,0.03572898362964249
632,13.64,0,13.64,0.8588235294117647,0.0,0.6852941176470588,0.0038088446658871068,0.037382221182839084,0,13.64,0.8794117647058823,0.0,0.45588235294117646,0.005595155987506935,0.08637298413515365
633,10.8,0,10.8,0.966542750929368,0.0,0.34572490706319703,0.009506173607907497,0.11131230917352058,1,10.8,0.9628252788104089,0.9259259259259258,0.26022304832713755,0.009772960680713651,0.20214939969139517
634,23.44,0,23.44,0.976068376068376,0.0,0.2153846153846154,0.008820023919769751,0.10386250389685528,0,23.44,0.9658119658119658,0.0,0.4905982905982906,0.008579543643714918,0.05371414784056761
635,17.68,0,17.68,0.9727891156462585,0.0,0.2789115646258503,0.004167048088768992,0.09926514663887176,0,17.68,0.9795918367346939,0.0,0.1292517006802721,0.005347411976305756,0.14214138811659102
636,11.76,0,11.76,1.0,0.0,0.07508532423208192,0.013711362631086254,0.2009518904190072,0,11.76,0.9488054607508533,0.0,0.11945392491467577,0.010880001749721488,0.20163199692188427
637,23.16,0,23.16,0.9878892733564014,0.0,0.21107266435986158,0.0076802298235005145,0.13907969056036396,0,23.16,0.9809688581314879,0.0,0.39100346020761245,0.0069393392535128055,0.09221760330383988
638,8.72,1,8.72,0.9953917050691244,1.1467889908256879,0.3778801843317972,0.006660275935852387,0.06780182732647341,0,8.72,1.0,0.0,0.2073732718894009,0.007441691935110238,0.11002051530821645
639,17.4,0,17.4,0.9953917050691244,0.0,0.18433179723502305,0.00815908267049742,0.09933298999772722,0,17.4,0.9953917050691244,0.0,0.20276497695852536,0.009040946083826362,0.09153654271537909
640,10.28,0,10.28,0.97265625,0.0,0.328125,0.009584866628146293,0.11954502741641869,0,10.28,0.9609375,0.0,0.3671875,0.00792438400225352,0.09927512712448802
641,8.44,0,8.44,0.9857142857142858,0.0,0.4,0.007236838673577515,0.06488167283348857,0,8.44,1.0,0.0,0.23809523809523808,0.00883276049066218,0.13165547246349402
642,15.36,1,15.36,1.0,0.6510416666666666,0.0783289817232376,0.014225612876359173,0.18185756794944677,0,15.36,0.9973890339425587,0.0,0.20887728459530025,0.011752671107201303,0.1563869989744095
643,12.64,0,12.64,0.8666666666666667,0.0,0.4380952380952381,0.005417443401374314,0.10760557007320025,0,12.64,0.8126984126984127,0.0,0.6253968253968254,0.0037260699320609443,0.04535622174118134
644,8.96,0,8.96,0.9327354260089686,0.0,0.3632286995515695,0.005568535350123257,0.0820470010195905,0,8.96,1.0,0.0,0.28699551569506726,0.0063542225859751136,0.08465270863689335
645,17.04,0,17.04,0.9694117647058823,0.0,0.28941176470588237,0.010217985997553112,0.12040716784043586,0,17.04,0.9741176470588235,0.0,0.31058823529411766,0.009889832046121856,0.08699429632458786
646,10.48,0,10.48,0.9923371647509579,0.0,0.06130268199233716,0.014023817363896436,0.22036080882197662,0,10.48,1.0,0.0,0.09195402298850575,0.01341361137783961,0.22686799847874559
647,9.16,0,9.16,0.9780701754385965,0.0,0.2850877192982456,0.0069641524380431915,0.11806838760887318,0,9.16,0.9956140350877193,0.0,0.32894736842105265,0.006830341760202214,0.09159406101215774
648,14.12,1,14.12,0.9517045454545454,0.708215297450425,0.4318181818181818,0.006394141667226473,0.07495602018136081,0,14.12,0.9261363636363636,0.0,0.26988636363636365,0.009168859751313927,0.1575771676197361
649,20.64,0,20.64,0.9689320388349515,0.0,0.26019417475728157,0.00421236098542597,0.13525777083250703,0,20.64,0.9728155339805825,0.0,0.3572815533980582,0.004580188579683581,0.09050673259221345
650,25.6,0,25.6,0.9843505477308294,0.0,0.20970266040688576,0.008409565786432854,0.12397916804518887,0,25.6,0.9780907668231612,0.0,0.3286384976525822,0.006895194727558023,0.09314228195439275
651,8.72,0,8.72,0.9815668202764977,0.0,0.29493087557603687,0.006979578978753179,0.14271108914940694,0,8.72,0.9723502304147466,0.0,0.35023041474654376,0.006175352749735895,0.11151776878923667
652,11.8,0,11.8,0.9795918367346939,0.0,0.2925170068027211,0.008953624405546756,0.17735867045300158,0,11.8,0.9795918367346939,0.0,0.2755102040816326,0.007198896678231009,0.10848049901088838
653,19.36,0,19.36,0.94824016563147,0.0,0.5341614906832298,0.006992977263523245,0.0485020967952504,0,19.36,0.917184265010352,0.0,0.7184265010351967,0.0052516864138371705,0.03110711931602475
654,10.44,0,10.44,1.0,0.0,0.07307692307692308,0.011907775992513069,0.2431224206496227,0,10.44,1.0,0.0,0.07307692307692308,0.012696889212061082,0.23239744802704665
655,25.88,0,25.88,0.9845201238390093,0.0,0.24922600619195046,0.011583064187195072,0.11592873307755011,0,25.88,0.9798761609907121,0.0,0.4535603715170279,0.00946945308483583,0.057425777492561815
656,19.2,0,19.2,0.9937369519832986,0.0,0.22755741127348644,0.004675286073018777,0.1549987832416515,0,19.2,0.9832985386221295,0.0,0.2776617954070981,0.00532168360386194,0.09734223731800704
657,10.76,0,10.76,1.0,0.0,0.08955223880597014,0.011679109629534879,0.24375433964172255,0,10.76,0.996268656716418,0.0,0.08208955223880597,0.012140891529698269,0.22510784839119818
658,13.92,0,13.92,0.8731988472622478,0.0,0.6426512968299711,0.004613797938649915,0.04108180885232883,0,13.92,0.9250720461095101,0.0,0.39481268011527376,0.00552122730389682,0.0900200294232802
659,23.28,0,23.28,0.9862306368330465,0.0,0.25301204819277107,0.008356740987448708,0.1312052280094573,0,23.28,0.9845094664371773,0.0,0.3924268502581756,0.006772264767463591,0.08345881261164434
660,10.72,0,10.72,0.9250936329588015,0.0,0.31835205992509363,0.007539067280236569,0.10466964680880826,0,10.72,0.8913857677902621,0.0,0.36704119850187267,0.008037736895792765,0.1725721479775812
661,18.68,0,18.68,0.9849785407725322,0.0,0.27253218884120173,0.004210578831724632,0.10274946819807888,0,18.68,0.9742489270386266,0.0,0.1351931330472103,0.0058798377322439675,0.1457640832648216
662,17.24,0,17.24,0.9325581395348838,0.0,0.1813953488372093,0.006464906440427175,0.11804638678448873,0,17.24,0.9558139534883721,0.0,0.25813953488372093,0.008135789739709905,0.1010478396504906
663,11.84,0,11.84,0.9593220338983051,0.0,0.3423728813559322,0.0073155443267882,0.12869381547321587,0,11.84,0.8779661016949153,0.0,0.4406779661016949,0.004616879690351365,0.08765984528735657
664,17.44,0,17.44,0.9379310344827586,0.0,0.7333333333333333,0.0052454975378285595,0.028642328279062844,0,17.44,0.9080459770114943,0.0,0.5195402298850574,0.006654253683308337,0.05553389736422503
665,21.4,0,21.4,0.9812734082397003,0.0,0.33146067415730335,0.008286032349205101,0.09142739515753857,0,21.4,0.9812734082397003,0.0,0.3857677902621723,0.0071460271548759915,0.06543592051683304
666,14.12,0,14.12,0.9744318181818182,0.0,0.3039772727272727,0.009732095131195391,0.16322162225184222,0,14.12,1.0,0.0,0.32954545454545453,0.009282118006624695,0.08476527810425971
667,12.96,0,12.96,0.8018575851393189,0.0,0.7461300309597523,0.003967216101913984,0.031342406661275204,0,12.96,0.8390092879256966,0.0,0.43962848297213625,0.00512769607753853,0.10160923026587462
668,18.52,0,18.52,0.9891774891774892,0.0,0.20995670995670995,0.0042456570915944975,0.16358900035443813,0,18.52,0.9653679653679653,0.0,0.29653679653679654,0.004523938567234436,0.09952524574220603
669,11.92,0,11.92,0.9629629629629629,0.0,0.35353535353535354,0.007368150933751855,0.12165446829863114,0,11.92,0.9764309764309764,0.0,0.2828282828282828,0.007770299775384109,0.16025015209255403
670,10.0,0,10.0,0.9759036144578314,0.0,0.20481927710843373,0.010814755149997128,0.12919822146862253,1,10.0,1.0,1.0,0.20080321285140562,0.012192521426730142,0.20105620328807985
671,19.0,0,19.0,0.9282700421940928,0.0,0.6772151898734177,0.005859222970626059,0.034335202465994696,0,19.0,0.890295358649789,0.0,0.4388185654008439,0.0061086660256758985,0.06561026227867063
672,10.48,0,10.48,0.9578544061302682,0.0,0.21839080459770116,0.007579539985727342,0.16745853591177046,0,10.48,0.9808429118773946,0.0,0.19157088122605365,0.007829431447474328,0.19887436999610253
673,11.4,0,11.4,0.9577464788732394,0.0,0.2852112676056338,0.008377682656624308,0.16924089299477674,0,11.4,0.9683098591549296,0.0,0.3204225352112676,0.007102110484035988,0.12130084128039112
674,13.08,0,13.08,0.8711656441717791,0.0,0.39570552147239263,0.006868343594245539,0.12116811565728483,0,13.08,0.8190184049079755,0.0,0.6840490797546013,0.004054584077534409,0.04079814335272792
675,10.76,0,10.76,1.0,0.0,0.06343283582089553,0.01567308528592678,0.2112836414420703,1,10.76,1.0,0.929368029739777,0.0708955223880597,0.015838512345434628,0.2013634789238701
676,23.84,0,23.84,0.9663865546218487,0.0,0.21680672268907564,0.006823319394706398,0.1325545731760321,0,23.84,0.9613445378151261,0.0,0.35294117647058826,0.006024952640771111,0.08582851267397706
677,10.16,0,10.16,1.0,0.0,0.1383399209486166,0.009435594970142794,0.1951712312738461,0,10.16,1.0,0.0,0.11067193675889328,0.009936421379215845,0.19238276571010507
678,21.0,1,21.0,0.9694656488549618,0.47619047619047616,0.33969465648854963,0.005333982851776214,0.12723152149175973,0,21.0,0.9866412213740458,0.0,0.33587786259541985,0.004043673825673704,0.0997032593415382
679,12.08,0,12.08,0.920265780730897,0.0,0.48172757475083056,0.006071875302977378,0.06579622903509294,0,12.08,0.9335548172757475,0.0,0.3023255813953488,0.008821865642591463,0.1654509881694043
680,15.72,0,15.72,0.9923469387755102,0.0,0.22959183673469388,0.01054526761437387,0.14703091880465444,0,15.72,0.9948979591836735,0.0,0.22704081632653061,0.009123934932208401,0.09498253198636292
681,14.8,0,14.8,0.9566395663956639,0.0,0.2140921409214092,0.011921957264307927,0.1720673161545029,0,14.8,0.9566395663956639,0.0,0.24390243902439024,0.01172810184142242,0.16522652416699166
682,16.52,0,16.52,0.9587378640776699,0.0,0.8252427184466019,0.005746426461748616,0.031017473973970814,0,16.52,0.9587378640776699,0.0,0.3155339805825243,0.007441269633696316,0.08166667702673837
683,23.52,0,23.52,0.9846678023850085,0.0,0.20272572402044292,0.007155491309283708,0.13123462953372986,0,23.52,0.9727427597955707,0.0,0.3747870528109029,0.005888709357659677,0.09849483282558451
684,8.8,0,8.8,0.9954337899543378,0.0,0.1004566210045662,0.0062659576038812245,0.18345738547221588,0,8.8,1.0,0.0,0.0684931506849315,0.006821847942347055,0.210672730603475
685,23.24,0,23.24,0.993103448275862,0.0,0.20344827586206896,0.009263862404013778,0.1107628113196121,0,23.24,0.993103448275862,0.0,0.44655172413793104,0.007437073048071494,0.05768205673462862
686,18.84,0,18.84,0.9765957446808511,0.0,0.19574468085106383,0.004182817958561989,0.1593495154933133,0,18.84,0.9829787234042553,0.0,0.2702127659574468,0.004334939506309131,0.11645869709904731
687,9.28,0,9.28,1.0,0.0,0.15584415584415584,0.008593560385721507,0.22232496614674113,0,9.28,0.987012987012987,0.0,0.16883116883116883,0.008581767203029346,0.23386255843757592
688,11.0,0,11.0,0.9781021897810219,0.0,0.2737226277372263,0.0070260154903728595,0.15897819071790054,0,11.0,0.9525547445255474,0.0,0.3905109489051095,0.005559418714694775,0.08669514350569539
689,11.04,0,11.04,1.0,0.0,0.03272727272727273,0.014214314919150615,0.20936964977226383,0,11.04,1.0,0.0,0.08,0.01275187642967362,0.17939375048755565
690,20.16,0,20.16,0.9880715705765407,0.0,0.21272365805168986,0.006391014240432312,0.08765281842407481,0,20.16,0.9821073558648111,0.0,0.2504970178926441,0.007206552714282358,0.07805074237096107
691,14.72,0,14.72,0.8991825613079019,0.0,0.36239782016348776,0.007219880304538738,0.08265836450351198,0,14.72,0.9536784741144414,0.0,0.6948228882833788,0.006647450058497216,0.032786305289268264
692,19.24,0,19.24,0.9770833333333333,0.0,0.3104166666666667,0.004144592101372658,0.08642664848040714,0,19.24,0.975,0.0,0.2,0.004909029666047044,0.14586857939710662
693,11.72,0,11.72,0.9623287671232876,0.0,0.3904109589041096,0.009820159427641053,0.09626576960780664,0,11.72,0.934931506849315,0.0,0.4349315068493151,0.009151157899444188,0.09172387175594927
694,12.56,0,12.56,0.9648562300319489,0.0,0.41214057507987223,0.006486413117657378,0.06482693491941398,0,12.56,0.9137380191693291,0.0,0.6421725239616614,0.00468019548122937,0.03730565062154255
695,10.2,0,10.2,1.0,0.0,0.047244094488188976,0.015364036397698639,0.24566652903355407,0,10.2,1.0,0.0,0.04330708661417323,0.014370429042678247,0.2532181258080566
696,22.84,0,22.84,0.9912280701754386,0.0,0.22631578947368422,0.009017828637386831,0.13126879541133105,1,22.84,0.9947368421052631,0.43782837127845886,0.3280701754385965,0.007881440306718498,0.09053199418289452
697,23.28,0,23.28,0.9776247848537005,0.0,0.1944922547332186,0.007410176139158797,0.1477758169698979,0,23.28,0.9793459552495697,0.0,0.4113597246127367,0.006641646056497659,0.09032224473064022
698,9.96,0,9.96,1.0,0.0,0.14112903225806453,0.009289200241697947,0.2100341886065505,0,9.96,0.9919354838709677,0.0,0.12903225806451613,0.009010522745514109,0.22352974623565655
699,20.24,0,20.24,0.9861386138613861,0.0,0.21782178217821782,0.004310655423990252,0.12964841814656913,0,20.24,0.9920792079207921,0.0,0.2871287128712871,0.005109604776837244,0.09796844530713424
700,11.76,0,11.76,0.9897610921501706,0.0,0.09215017064846416,0.01215967031831042,0.1817949407366362,0,11.76,0.9829351535836177,0.0,0.11262798634812286,0.012776936806613116,0.18622711675983125
701,13.2,0,13.2,0.9331306990881459,0.0,0.49848024316109424,0.006233560894086078,0.058766338557743734,0,13.2,0.8480243161094225,0.0,0.6717325227963525,0.003687100587246317,0.034297702416519645
702,21.16,0,21.16,0.9810606060606061,0.0,0.19318181818181818,0.007569558516666257,0.13249350358415404,0,21.16,0.9678030303030303,0.0,0.3125,0.007098951668311967,0.10055714519773908
703,22.88,0,22.88,0.9719789842381786,0.0,0.29246935201401053,0.004298853757175472,0.09352949357914742,0,22.88,0.978984238178634,0.0,0.17162872154115585,0.005664255758692956,0.1321097360350178
704,15.32,0,15.32,0.9947643979057592,0.0,0.12303664921465969,0.010344790983941698,0.16701526023808938,0,15.32,0.9947643979057592,0.0,0.17277486910994763,0.010963739793613519,0.14554843112400723
705,13.68,0,13.68,0.9325513196480938,0.0,0.436950146627566,0.0064397993950782925,0.0718376519202207,0,13.68,0.8123167155425219,0.0,0.7448680351906158,0.0046602100336643,0.03443612261221373
706,17.16,0,17.16,0.985981308411215,0.0,0.2546728971962617,0.008975764956507936,0.14446971599568187,0,17.16,0.9532710280373832,0.0,0.37149532710280375,0.008288968742426699,0.06762613426195199
707,18.2,0,18.2,0.9933920704845814,0.0,0.19383259911894274,0.00753833042463168,0.08604124612948827,0,18.2,0.9889867841409692,0.0,0.21145374449339208,0.01299445347633466,0.07838650979363308
708,19.96,0,19.96,0.9698795180722891,0.0,0.24497991967871485,0.004220781582792245,0.13493515414804524,0,19.96,0.9558232931726908,0.0,0.357429718875502,0.005858413579488701,0.08581090660002814
709,14.24,0,14.24,0.9098591549295775,0.0,0.38873239436619716,0.007163510008561068,0.08163800294019379,0,14.24,0.9380281690140845,0.0,0.6422535211267606,0.006863669446607868,0.033908990951284516
710,11.52,0,11.52,1.0,0.0,0.0627177700348432,0.01222076640987096,0.20769095604512758,1,11.52,1.0,0.8680555555555556,0.09407665505226481,0.012727519843248394,0.19016537372656558
711,37.8,0,37.8,0.9957627118644068,0.0,0.11016949152542373,0.010095701678965445,0.22009155999258712,0,37.8,0.9915254237288136,0.0,0.2330508474576271,0.00725344154700702,0.10080582489180574
712,22.56,0,22.56,0.9804618117229129,0.0,0.22202486678507993,0.007338884691273601,0.1149196260709836,0,22.56,0.9467140319715808,0.0,0.36767317939609234,0.005513096730166705,0.08632508392612369
713,23.08,0,23.08,0.984375,0.0,0.1440972222222222,0.009739584533442116,0.114342285089155,0,23.08,0.9947916666666666,0.0,0.2743055555555556,0.009009015245555033,0.07312564932979974
714,14.12,0,14.12,0.9375,0.0,0.42613636363636365,0.006327809987100733,0.0652994940350903,0,14.12,0.8153409090909091,0.0,0.6590909090909091,0.004490923895069663,0.04292422557048148
715,13.4,0,13.4,0.9191616766467066,0.0,0.46107784431137727,0.006161776670997167,0.06561947331406105,0,13.4,0.8143712574850299,0.0,0.5778443113772455,0.003917707943713928,0.054478434024892636
716,19.12,0,19.12,0.9916142557651991,0.0,0.18029350104821804,0.00931829584821476,0.15575825534221163,0,19.12,0.9832285115303984,0.0,0.38155136268343814,0.008491224282406552,0.07508299894971798
717,13.8,0,13.8,1.0,0.0,0.21511627906976744,0.00968375606815297,0.14787601803855732,0,13.8,0.9941860465116279,0.0,0.3023255813953488,0.008599456674557332,0.12089165433512111
718,16.24,0,16.24,0.9728395061728395,0.0,0.7283950617283951,0.00730925131041024,0.035425083811577024,0,16.24,0.9580246913580247,0.0,0.39012345679012345,0.00878637682855124,0.08165240069116586
719,18.52,0,18.52,0.9632034632034632,0.0,0.2554112554112554,0.005323849549111075,0.08745583507660265,0,18.52,0.9545454545454546,0.0,0.2662337662337662,0.005842994524630487,0.07995771361957292
720,22.16,0,22.16,0.976491862567812,0.0,0.18264014466546113,0.007788653631383248,0.1492127309957826,0,22.16,0.9602169981916817,0.0,0.321880650994575,0.006205740823588155,0.11391047656792806
721,12.44,0,12.44,0.9032258064516129,0.0,0.47419354838709676,0.005816878375581886,0.0674364731682032,0,12.44,0.7451612903225806,0.0,0.7548387096774194,0.0040541745464553755,0.029703860736983757
722,22.56,0,22.56,0.9769094138543517,0.0,0.3428063943161634,0.007724254966508981,0.07565700237819196,0,22.56,0.9626998223801065,0.0,0.605683836589698,0.007759739692881971,0.04418786258679865
723,19.08,0,19.08,0.9537815126050421,0.0,0.7142857142857143,0.006100941509619396,0.03394370054221478,0,19.08,0.9033613445378151,0.0,0.4726890756302521,0.007158023578317755,0.06238382857744388
724,34.8,0,34.8,0.9919447640966629,0.0,0.27502876869965476,0.006624719470216483,0.08065605865127887,1,34.8,0.9873417721518988,0.2873563218390805,0.12428078250863062,0.009917768873768095,0.2056885418488088
725,22.76,0,22.76,0.9806338028169014,0.0,0.16725352112676056,0.007369445861641473,0.1286531229060603,0,22.76,0.9700704225352113,0.0,0.3415492957746479,0.005799670041489546,0.10515445905816738
726,11.4,0,11.4,0.9964788732394366,0.0,0.09154929577464789,0.014553268890836326,0.1568267901009699,0,11.4,1.0,0.0,0.06690140845070422,0.014287066350770991,0.1618183043254764
727,13.72,0,13.72,0.9590643274853801,0.0,0.2982456140350877,0.008864178195507388,0.11760303092931672,0,13.72,1.0,0.0,0.4064327485380117,0.009127418273966605,0.05963417617130133
728,22.56,0,22.56,0.9822380106571936,0.0,0.21314387211367672,0.005599275995344458,0.0740121305595071,0,22.56,0.9875666074600356,0.0,0.26465364120781526,0.0056688024936776575,0.07007743593986368
729,9.76,0,9.76,1.0,0.0,0.03292181069958848,0.015311275431475235,0.23035921288537636,0,9.76,1.0,0.0,0.09876543209876543,0.014901047227091681,0.2216809978900539
730,40.48,0,40.48,0.9802176063303659,0.0,0.334322453016815,0.0064921248698214485,0.07263588812904549,0,40.48,0.9762611275964391,0.0,0.1543026706231454,0.009577065614254832,0.16969462294011212
731,14.32,1,14.32,0.9719887955182073,0.6983240223463687,0.24649859943977592,0.009142900932225926,0.1460377104394925,0,14.32,0.9831932773109243,0.0,0.30532212885154064,0.008897951570142138,0.0918085391769265
732,7.64,0,7.64,1.0,0.0,0.11052631578947368,0.007229884456452358,0.15683528648276207,0,7.64,0.9947368421052631,0.0,0.1631578947368421,0.006173294614364805,0.10031063899474027
733,15.0,0,15.0,0.93048128342246,0.0,0.5267379679144385,0.006346873286397525,0.05114792822420951,0,15.0,0.767379679144385,0.0,0.7058823529411765,0.003603662607199432,0.03364480980083943
734,23.76,0,23.76,0.9730185497470489,0.0,0.18549747048903878,0.007592597283765921,0.14617024181665503,0,23.76,0.9780775716694773,0.0,0.3288364249578415,0.006442511896134932,0.0907122653296285
735,18.68,0,18.68,0.9935622317596566,0.0,0.27896995708154504,0.007386760241241271,0.08084032708685066,1,18.68,0.9978540772532188,0.5353319057815846,0.33476394849785407,0.008140140269728615,0.07263410133519338
736,18.32,0,18.32,0.949671772428884,0.0,0.6739606126914661,0.006092032751036478,0.03397678465569688,0,18.32,0.9562363238512035,0.0,0.424507658643326,0.008175597787030137,0.06393235191348619
737,22.84,0,22.84,0.9894736842105263,0.0,0.24385964912280703,0.007830811866316173,0.10894899044921158,0,22.84,0.9842105263157894,0.0,0.37719298245614036,0.006756868283088982,0.06668949596605964
738,38.76,0,38.76,0.996900826446281,0.0,0.10020661157024793,0.009757148943347506,0.20871605139744412,0,38.76,0.9917355371900827,0.0,0.24380165289256198,0.006626336157633651,0.09481832515293195
739,7.84,0,7.84,1.0,0.0,0.14871794871794872,0.00869763321720789,0.16645147124387477,0,7.84,0.9948717948717949,0.0,0.28205128205128205,0.0077251809622486765,0.09005203635728437
740,23.52,0,23.52,0.9863713798977853,0.0,0.21805792163543442,0.006741847187107046,0.10466029870071615,0,23.52,0.9761499148211243,0.0,0.3492333901192504,0.005418776481268679,0.08762540420789672
741,7.32,0,7.32,0.989010989010989,0.0,0.21978021978021978,0.007365252939183471,0.14293081846885486,0,7.32,1.0,0.0,0.25824175824175827,0.007002677198544682,0.0988738320639922
742,15.8,0,15.8,0.9822335025380711,0.0,0.33248730964467005,0.008519379649184342,0.12602709875400048,0,15.8,0.9771573604060914,0.0,0.4847715736040609,0.007128553977776117,0.057025337100893664
743,40.0,0,40.0,0.994994994994995,0.0,0.12012012012012012,0.010102742777931264,0.20365200326161909,0,40.0,0.994994994994995,0.0,0.2722722722722723,0.00782854766956622,0.0965416217634015
744,16.28,0,16.28,0.9384236453201971,0.0,0.3472906403940887,0.007887074778750572,0.08110032356487129,0,16.28,0.9359605911330049,0.0,0.6502463054187192,0.007667229126578174,0.03696789476046064
745,24.36,0,24.36,0.9884868421052632,0.0,0.26644736842105265,0.007633679354189788,0.09728819554540316,0,24.36,0.993421052631579,0.0,0.39473684210526316,0.006904035286575327,0.06526870317260626
746,33.12,0,33.12,0.9939540507859734,0.0,0.22370012091898428,0.006880191682555396,0.10028739415961282,0,33.12,0.9951632406287787,0.0,0.14389359129383314,0.007902231801194952,0.13122847880434785
747,22.76,0,22.76,0.9683098591549296,0.0,0.23415492957746478,0.006204199497745511,0.13219533175216935,0,22.76,0.9577464788732394,0.0,0.3221830985915493,0.005457924842524985,0.11464856744801567
748,13.2,0,13.2,0.9148936170212766,0.0,0.48632218844984804,0.006733681719655445,0.06405464548215199,0,13.2,0.7750759878419453,0.0,0.7720364741641338,0.003547236312378761,0.03600303260587161
749,15.28,0,15.28,0.973753280839895,0.0,0.2152230971128609,0.010773068670595186,0.1758630364259655,0,15.28,0.9973753280839895,0.0,0.26246719160104987,0.01147080818299745,0.08381921951700846
750,21.4,0,21.4,0.9962546816479401,0.0,0.2846441947565543,0.006598472515670593,0.07446838011635076,0,21.4,0.9962546816479401,0.0,0.3333333333333333,0.0060452261388351585,0.07125472798584566
751,37.88,0,37.88,0.9830866807610994,0.0,0.38160676532769555,0.006326876344628283,0.07781408752510013,0,37.88,0.9904862579281184,0.0,0.15856236786469344,0.008670125011252517,0.21644487932180986
752,23.24,0,23.24,0.9586206896551724,0.0,0.47413793103448276,0.005359049582723718,0.05241955772659804,0,23.24,0.7068965517241379,0.0,0.5948275862068966,0.004666384960066565,0.0727491408706045
753,24.16,0,24.16,0.988391376451078,0.0,0.1824212271973466,0.007604994225052077,0.11995001732742697,0,24.16,0.9767827529021559,0.0,0.33167495854063017,0.006457112385480149,0.08449156899860065
754,17.68,0,17.68,0.9387755102040817,0.0,0.41950113378684806,0.006952716561957879,0.06956676490078968,0,17.68,0.909297052154195,0.0,0.7142857142857143,0.005485298161683142,0.034997014300532175
755,13.24,0,13.24,0.8,0.0,0.8242424242424242,0.0035311607460318615,0.023305765101362785,0,13.24,0.9484848484848485,0.0,0.4090909090909091,0.005656032964472257,0.08147690343536439
756,23.48,0,23.48,0.9914675767918089,0.0,0.26791808873720135,0.007431373817308424,0.08741095019744853,0,23.48,0.9880546075085325,0.0,0.5170648464163823,0.0069222186478545885,0.04858405854045538
757,8.0,0,8.0,1.0,0.0,0.17587939698492464,0.0074417090773030575,0.14836059511447128,0,8.0,0.9949748743718593,0.0,0.2613065326633166,0.005649907459663708,0.0945500487765693
758,34.88,0,34.88,0.9965556831228473,0.0,0.1653272101033295,0.006504223301198925,0.1165783117946416,1,34.88,0.9850746268656716,0.28669724770642196,0.16991963260619977,0.006572859365391644,0.11582215276580708
759,38.8,0,38.8,0.9969040247678018,0.0,0.1475748194014448,0.008454849498676595,0.168833720694829,0,38.8,0.9907120743034056,0.0,0.37874097007223945,0.006338171885986566,0.06108707986470564
760,30.24,0,30.24,0.9059602649006623,0.0,0.5456953642384106,0.006965678370863117,0.050846871106166286,0,30.24,0.6569536423841059,0.0,0.6980132450331126,0.006578555534831909,0.028941480992132597
761,8.2,0,8.2,0.9950980392156863,0.0,0.10784313725490197,0.007431822022131138,0.1500834593933136,0,8.2,1.0,0.0,0.19117647058823528,0.006519212714471729,0.09400082603575048
762,20.44,1,20.44,0.996078431372549,0.4892367906066536,0.2235294117647059,0.0056638427251904065,0.07550407022397726,0,20.44,0.9901960784313726,0.0,0.25882352941176473,0.006858489684148528,0.07167281551322843
763,13.24,0,13.24,0.8121212121212121,0.0,0.5545454545454546,0.003789017060110312,0.05685241029328688,0,13.24,0.8727272727272727,0.0,0.403030303030303,0.005296003625387315,0.08751486731322013
764,18.96,0,18.96,0.8964059196617337,0.0,0.7441860465116279,0.005764043502257287,0.030107441181146728,0,18.96,0.9027484143763214,0.0,0.4439746300211416,0.007041941315899308,0.06734311690843608
765,15.6,0,15.6,0.9922879177377892,0.0,0.3110539845758355,0.009318491885127851,0.18525413031477844,0,15.6,0.9897172236503856,0.0,0.37017994858611825,0.008148227993254775,0.0680060764537313
766,10.32,0,10.32,0.8560311284046692,0.0,0.42023346303501946,0.008379743410715243,0.14160373403819237,0,10.32,0.8093385214007782,0.0,0.46303501945525294,0.005822936285289932,0.1125443383570861
767,20.8,0,20.8,0.9441233140655106,0.0,0.4836223506743738,0.005395577338107906,0.05801956467730787,0,20.8,0.6647398843930635,0.0,0.6319845857418112,0.0048385615501371744,0.07244966464339432
768,36.24,0,36.24,0.994475138121547,0.0,0.19668508287292819,0.008270026087786337,0.13169329401895324,0,36.24,0.994475138121547,0.0,0.18895027624309393,0.007666001807724485,0.1184800089855281
769,30.96,0,30.96,0.9016817593790427,0.0,0.5433376455368694,0.005931797663081588,0.05091065685050786,0,30.96,0.6468305304010349,0.0,0.6468305304010349,0.0066705032627402405,0.059030240727940796
770,22.84,0,22.84,0.9754385964912281,0.0,0.21929824561403508,0.006729964399405753,0.116352586531969,0,22.84,0.9771929824561404,0.0,0.32105263157894737,0.005437521356838537,0.08711221080506966
771,14.96,0,14.96,0.8739946380697051,0.0,0.7694369973190348,0.0033678757554695183,0.03177345526386301,0,14.96,0.9168900804289544,0.0,0.42359249329758714,0.005839194896861349,0.07504788421886055
772,7.88,0,7.88,1.0,0.0,0.10714285714285714,0.006819353594615763,0.15306139909995026,0,7.88,1.0,0.0,0.15306122448979592,0.006632015994386934,0.12621260107538507
773,21.2,0,21.2,0.9848771266540642,0.0,0.22495274102079396,0.007181376764672256,0.10780834093955083,0,21.2,0.9735349716446124,0.0,0.45368620037807184,0.006455713401289924,0.05547854145340724
774,39.88,0,39.88,0.998995983935743,0.0,0.11646586345381527,0.009442316968973047,0.20747730302050293,0,39.88,0.9919678714859438,0.0,0.25100401606425704,0.007243806436642495,0.08362927531325462
775,26.16,1,26.16,0.998468606431853,0.382262996941896,0.09494640122511486,0.013526695035193995,0.19120572149988432,1,26.16,1.0,0.382262996941896,0.09494640122511486,0.01210704472340396,0.17644290137689594
776,9.56,0,9.56,0.9453781512605042,0.0,0.28991596638655465,0.011701651546862979,0.16169233190829427,0,9.56,0.9621848739495799,0.0,0.3487394957983193,0.008863376798465815,0.08592392672585687
777,11.36,0,11.36,0.9752650176678446,0.0,0.36395759717314485,0.005735477621908796,0.06807526260089483,0,11.36,0.9893992932862191,0.0,0.3321554770318021,0.007451819349664282,0.1537847823192372
778,7.24,0,7.24,1.0,0.0,0.13333333333333333,0.007578290174071464,0.1776761848589677,0,7.24,1.0,0.0,0.26666666666666666,0.006326408804451119,0.10608606242082871
779,18.04,0,18.04,0.9844444444444445,0.0,0.16666666666666666,0.007201848555457901,0.08402778042544767,0,18.04,0.9733333333333334,0.0,0.25333333333333335,0.0064123920700737466,0.0785160033292306
780,32.88,0,32.88,0.8915956151035322,0.0,0.5030450669914738,0.005547747923573683,0.057596637253440205,0,32.88,0.42630937880633374,0.0,0.7271619975639464,0.004368023038291004,0.07136040750015257
781,14.0,0,14.0,0.8108882521489972,0.0,0.7048710601719198,0.004490887879893888,0.030990579286362258,0,14.0,0.9169054441260746,0.0,0.37249283667621774,0.005734491452153973,0.08735940744401213
782,23.24,0,23.24,0.9724137931034482,0.0,0.20862068965517241,0.006940977613930005,0.1416148659733379,0,23.24,0.9517241379310345,0.0,0.32241379310344825,0.005469827545158857,0.11429176478031947
783,11.88,0,11.88,0.9966216216216216,0.0,0.3581081081081081,0.006373134551757082,0.08440326797633471,0,11.88,0.9898648648648649,0.0,0.30405405405405406,0.008544213058473613,0.15847112935081129
784,10.28,0,10.28,0.95703125,0.0,0.25,0.012553396757198382,0.1933327024431055,0,10.28,0.953125,0.0,0.20703125,0.0076737779771657915,0.15806774862779333
785,19.04,0,19.04,0.9284210526315789,0.0,0.7789473684210526,0.006814746702480119,0.030252934648643662,0,19.04,0.9136842105263158,0.0,0.3726315789473684,0.008900785337395816,0.07988981520739036
786,43.24,0,43.24,0.9861111111111112,0.0,0.2351851851851852,0.0069781471515716256,0.104895749032715,0,43.24,0.9907407407407407,0.0,0.1675925925925926,0.007259884921689731,0.10787784324183441
787,38.2,0,38.2,0.9905660377358491,0.0,0.31027253668763105,0.006501628874880985,0.07157475115348888,0,38.2,0.9748427672955975,0.0,0.1792452830188679,0.008681618695219922,0.1864675481135233
788,18.0,0,18.0,0.9732739420935412,0.0,0.22494432071269488,0.007162361414210599,0.14798539892900847,0,18.0,0.9866369710467706,0.0,0.40757238307349664,0.007006058849089574,0.06529238185780062
789,11.48,0,11.48,0.958041958041958,0.0,0.1853146853146853,0.011719864868535062,0.16702636735129944,0,11.48,0.9895104895104895,0.0,0.2762237762237762,0.008649011703211999,0.16139995698076687
790,11.28,0,11.28,0.9786476868327402,0.0,0.3096085409252669,0.006206316534084229,0.1064998379447794,0,11.28,0.9644128113879004,0.0,0.3096085409252669,0.009115888876842644,0.18119900919488746
791,9.28,0,9.28,0.9783549783549783,0.0,0.3116883116883117,0.010718056326678523,0.10153827885270275,0,9.28,0.9653679653679653,0.0,0.42424242424242425,0.006927864958638382,0.07146093952993834
792,29.04,0,29.04,0.9282758620689655,0.0,0.2482758620689655,0.004109674395548004,0.1101039950262949,0,29.04,0.9710344827586207,0.0,0.27034482758620687,0.0038937927935032515,0.0863193895787846
793,30.36,0,30.36,0.8060686015831134,0.0,0.4894459102902375,0.006650860574897286,0.07151998743735519,0,30.36,0.4788918205804749,0.0,0.762532981530343,0.004790557678064948,0.04949294998534256
794,11.68,0,11.68,0.8384879725085911,0.0,0.3642611683848797,0.008425715245146898,0.14995872508455804,0,11.68,0.9312714776632303,0.0,0.44673539518900346,0.006119667960026781,0.11299482442436831
795,21.0,0,21.0,0.9599236641221374,0.0,0.5286259541984732,0.004116646827014427,0.04937313977944716,1,21.0,0.6965648854961832,0.47619047619047616,0.5992366412213741,0.00484481768499999,0.06867810735396612
796,8.48,0,8.48,0.981042654028436,0.0,0.20853080568720378,0.006171552523074009,0.1296402386474863,0,8.48,0.995260663507109,0.0,0.23222748815165878,0.005420455286164292,0.09225092212258018
797,13.64,0,13.64,0.9911764705882353,0.0,0.2529411764705882,0.008558759646238945,0.13355758726924655,0,13.64,0.9735294117647059,0.0,0.25,0.009265100195814174,0.1300749624729473
798,15.08,0,15.08,0.7340425531914894,0.0,0.7606382978723404,0.0033791805140792703,0.031248706358875417,0,15.08,0.875,0.0,0.4228723404255319,0.0046923017159417185,0.07979564897413907
799,18.08,0,18.08,0.8669623059866962,0.0,0.4722838137472284,0.0069053614622440985,0.06918358136524312,0,18.08,0.9157427937915743,0.0,0.6297117516629712,0.007256299536597561,0.03608725419651149
800,16.92,0,16.92,0.985781990521327,0.0,0.18009478672985782,0.009379867283398867,0.15040675768795705,0,16.92,0.976303317535545,0.0,0.36729857819905215,0.00846057071115969,0.08378081583350461
801,23.6,0,23.6,0.9898132427843803,0.0,0.20203735144312393,0.006858479733961881,0.12229191137899194,0,23.6,0.9796264855687606,0.0,0.3853989813242784,0.005512127062305931,0.08503691698930724
802,10.8,0,10.8,0.9182156133828996,0.0,0.3159851301115242,0.00954353454042758,0.1386799800069567,0,10.8,0.9070631970260223,0.0,0.4721189591078067,0.005777623670904924,0.0865810170816481
803,8.56,0,8.56,0.9812206572769953,0.0,0.3333333333333333,0.009226592968851022,0.11189447881549344,1,8.56,0.9671361502347418,1.1682242990654204,0.4507042253521127,0.006272476670377269,0.06164335881312638
804,44.36,0,44.36,0.9611913357400722,0.0,0.41787003610108303,0.005715203016220674,0.06195321030299196,0,44.36,0.9386281588447654,0.0,0.21028880866425992,0.007254676498718667,0.19381385902886034
805,22.28,0,22.28,0.9892086330935251,0.0,0.26258992805755393,0.007087813878896999,0.08970116757449813,0,22.28,0.987410071942446,0.0,0.41007194244604317,0.0067240923821246966,0.062512910707739
806,54.96,0,54.96,0.9839766933721777,0.0,0.2578295702840495,0.007512972230792454,0.08980433049954124,0,54.96,0.976693372177713,0.0,0.3022578295702841,0.006920426900135869,0.09654244188405925
807,7.88,0,7.88,1.0,0.0,0.20408163265306123,0.006156633305338222,0.1545315991960277,0,7.88,1.0,0.0,0.3112244897959184,0.0068800973245452205,0.09475220434966214
808,15.56,0,15.56,0.8144329896907216,0.0,0.8144329896907216,0.003644192805139686,0.02627934912258778,0,15.56,0.8711340206185567,0.0,0.4639175257731959,0.00466489626254924,0.09210743657926211
809,18.88,0,18.88,0.9978768577494692,0.0,0.25477707006369427,0.006730883727505679,0.07419024183294895,0,18.88,0.9915074309978769,0.0,0.2356687898089172,0.006318716548212273,0.06827236372231094
810,19.12,0,19.12,0.9350104821802935,0.0,0.519916142557652,0.007171747659096376,0.05072103196931067,1,19.12,0.9077568134171907,0.5230125523012552,0.6855345911949685,0.007366029814032681,0.03288852438482733
811,24.24,0,24.24,0.9884297520661157,0.0,0.2049586776859504,0.0069181962298621455,0.13910672873455038,0,24.24,0.9834710743801653,0.0,0.32231404958677684,0.00558161912460469,0.08246220739839957
812,8.32,0,8.32,0.9903381642512077,0.0,0.12560386473429952,0.006948484139028643,0.15344725011274807,0,8.32,0.9903381642512077,0.0,0.16908212560386474,0.00593075078878608,0.08884775639576518
813,13.44,0,13.44,0.9880597014925373,0.0,0.29850746268656714,0.010143790003099819,0.09737904745399228,0,13.44,0.9731343283582089,0.0,0.23582089552238805,0.009204595858291998,0.12523007726710314
814,8.8,0,8.8,0.9863013698630136,0.0,0.3378995433789954,0.00844534085703086,0.12232933823067652,0,8.8,0.9954337899543378,0.0,0.2511415525114155,0.012679014311559659,0.15103457223296332
815,30.52,0,30.52,0.9081364829396326,0.0,0.5144356955380578,0.006543267718434036,0.058031818204624885,0,30.52,0.6758530183727034,0.0,0.6338582677165354,0.0065662147562433795,0.05555405898509649
816,17.04,0,17.04,0.9929411764705882,0.0,0.16,0.010330988220205494,0.16520255388959593,0,17.04,0.9882352941176471,0.0,0.32,0.009693212434933223,0.07943251359772124
817,39.04,0,39.04,0.9907692307692307,0.0,0.1158974358974359,0.009456756708709938,0.2374121632956707,0,39.04,0.9887179487179487,0.0,0.26256410256410256,0.006834123260636551,0.0922208385665122
818,18.36,0,18.36,0.9541484716157205,0.0,0.2925764192139738,0.0051731928080340755,0.07021201535126606,0,18.36,0.7336244541484717,0.0,0.5698689956331878,0.0052606333566863304,0.07556985475222178
819,7.36,0,7.36,1.0,0.0,0.16393442622950818,0.00793624779924837,0.16298068727777767,0,7.36,0.9672131147540983,0.0,0.26229508196721313,0.006719718709731284,0.14406286774014648
820,17.8,0,17.8,0.7027027027027027,0.0,0.8265765765765766,0.0038066065615324413,0.022882795907579998,0,17.8,0.8738738738738738,0.0,0.3918918918918919,0.004804498580758206,0.0830871659888057
821,39.28,1,39.28,0.9877675840978594,0.2545824847250509,0.23751274209989806,0.006626195389188042,0.10442422467402837,0,39.28,0.9949031600407747,0.0,0.18042813455657492,0.007006677468989317,0.11255951071421769
822,10.92,0,10.92,0.9669117647058824,0.0,0.25735294117647056,0.007059126288130782,0.23057132531977945,0,10.92,0.9889705882352942,0.0,0.20955882352941177,0.007340347045273586,0.14761945590480677
823,21.36,0,21.36,0.949343339587242,0.0,0.2326454033771107,0.004787708101993812,0.13175360980410641,0,21.36,0.9587242026266416,0.0,0.24953095684803,0.004519122256405486,0.10992158014348667
824,30.52,0,30.52,0.9133858267716536,0.0,0.4343832020997375,0.007238672164322363,0.06436860133745907,0,30.52,0.6181102362204725,0.0,0.7020997375328084,0.00674261083335673,0.04632998316082495
825,16.0,0,16.0,0.9548872180451128,0.0,0.6942355889724311,0.005827472636184997,0.03181191695143209,0,16.0,0.9022556390977443,0.0,0.39097744360902253,0.008044613206437637,0.07692177033300007
826,8.56,0,8.56,0.9812206572769953,0.0,0.19718309859154928,0.0067732746736456,0.13770954318789916,0,8.56,0.9953051643192489,0.0,0.1784037558685446,0.005494376433897134,0.09837155837116159
827,26.16,0,26.16,0.996937212863706,0.0,0.36447166921898927,0.006743498931013469,0.06281138051183152,0,26.16,0.9877488514548239,0.0,0.5176110260336907,0.006862623990369153,0.048471302097517724
828,21.92,0,21.92,0.9579524680073126,0.0,0.22851919561243145,0.00676235352424173,0.13044113896821957,0,21.92,0.943327239488117,0.0,0.42047531992687387,0.005310661234681791,0.0702957259013118
829,6.08,0,6.08,1.0,0.0,0.026490066225165563,0.01654476480789938,0.2948354877339894,0,6.08,0.9933774834437086,0.0,0.0728476821192053,0.010247338477723661,0.18118962513667386
830,40.52,1,40.52,0.9940711462450593,0.24679170779861795,0.1067193675889328,0.007542820035026396,0.14533307510271243,0,40.52,0.991106719367589,0.0,0.18181818181818182,0.006828518319231661,0.12161686625657922
831,9.64,0,9.64,0.9708333333333333,0.0,0.45,0.006557111524043719,0.05882299651339951,0,9.64,0.975,0.0,0.3958333333333333,0.007538276206377202,0.07407526938152299
832,9.0,0,9.0,0.9642857142857143,0.0,0.25,0.005418586570034009,0.12202413171437156,0,9.0,0.9732142857142857,0.0,0.36160714285714285,0.005261272948535366,0.08677976297574994
833,15.92,0,15.92,0.9722921914357683,0.0,0.22921914357682618,0.010119387873929218,0.1476162844373249,0,15.92,0.9596977329974811,0.0,0.45591939546599497,0.007359543532584954,0.056857585619790325
834,19.48,0,19.48,0.9835390946502057,0.0,0.14609053497942387,0.006531802750886943,0.09257434111363974,0,19.48,0.9753086419753086,0.0,0.15637860082304528,0.00739876311481885,0.0903581706640128
835,11.48,0,11.48,0.9825174825174825,0.0,0.20279720279720279,0.0071926608161835045,0.13029605667172184,0,11.48,0.9755244755244755,0.0,0.1993006993006993,0.008291924574724496,0.11164408247418144
836,7.76,0,7.76,1.0,0.0,0.05181347150259067,0.01180525205262881,0.16585794060175443,0,7.76,1.0,0.0,0.06217616580310881,0.014216698207951114,0.24326581156107202
837,9.32,0,9.32,0.978448275862069,0.0,0.2629310344827586,0.010136967120261665,0.27513468099011734,0,9.32,0.9913793103448276,0.0,0.2025862068965517,0.009619939579680393,0.1594129055249317
838,27.48,0,27.48,0.9810495626822158,0.0,0.282798833819242,0.007326964423877758,0.09348237590944544,0,27.48,0.9708454810495627,0.0,0.3556851311953353,0.0072555321540789,0.0767622164154231
839,37.48,0,37.48,0.9957264957264957,0.0,0.10790598290598291,0.010346694404039656,0.22516711873242207,0,37.48,0.9871794871794872,0.0,0.2232905982905983,0.007666335493149741,0.11654913933963297
840,31.48,0,31.48,0.9910941475826972,0.0,0.1475826972010178,0.02104384586803766,0.20448889674142373,0,31.48,0.9872773536895675,0.0,0.21246819338422393,0.018676884773053883,0.2149889214982993
841,9.2,0,9.2,1.0,0.0,0.008733624454148471,0.0124327692902956,0.20530149505286377,0,9.2,0.9912663755458515,0.0,0.1615720524017467,0.009385076076597457,0.10580533214176334
842,30.32,0,30.32,0.8163804491413474,0.0,0.5416116248348745,0.005626213323008611,0.06038620546016003,0,30.32,0.6116248348745046,0.0,0.7173051519154557,0.005533912201611604,0.04330368502384858
843,18.88,0,18.88,0.8853503184713376,0.0,0.47770700636942676,0.006641697041084483,0.06532681976223492,0,18.88,0.9129511677282378,0.0,0.7239915074309978,0.005429249503758531,0.03009864223994039
844,9.68,0,9.68,0.966804979253112,0.0,0.38589211618257263,0.006457380764255152,0.07343927183728988,0,9.68,1.0,0.0,0.35269709543568467,0.007719589001870064,0.10199407026541854
845,9.84,0,9.84,0.9714285714285714,0.0,0.3836734693877551,0.00804805805427306,0.09965205512369485,0,9.84,0.9469387755102041,0.0,0.44081632653061226,0.005962571556819546,0.07850371442841025
846,6.64,0,6.64,1.0,0.0,0.06666666666666667,0.010953543931163814,0.2147853231347274,0,6.64,1.0,0.0,0.07878787878787878,0.012092602648026002,0.3055502059291658
847,16.92,0,16.92,0.7132701421800948,0.0,0.7962085308056872,0.0036709487865940974,0.02045814630232158,0,16.92,0.9052132701421801,0.0,0.3933649289099526,0.0049455537132737475,0.08153054830355055
848,50.88,2,50.88,0.989771833202203,0.3930817610062893,0.15814319433516916,0.008924090718390532,0.13678346811149705,0,50.88,0.982690794649882,0.0,0.22344610542879623,0.007727889880292099,0.11862436534217798
849,21.68,0,21.68,0.8927911275415896,0.0,0.7597042513863216,0.006052389958301193,0.029210252984211572,0,21.68,0.9796672828096118,0.0,0.49353049907578556,0.005118563481440856,0.05267362421666706
850,13.56,0,13.56,0.9763313609467456,0.0,0.2781065088757396,0.008241640680371087,0.10272815734223886,0,13.56,0.9585798816568047,0.0,0.27218934911242604,0.007486573254216908,0.11240327913661347
851,21.24,1,21.24,0.9962264150943396,0.47080979284369123,0.1641509433962264,0.01068777357947388,0.1524850331780923,3,21.24,0.9792452830188679,1.4124293785310738,0.19245283018867926,0.010010447701117675,0.14841388033220262
852,24.28,0,24.28,0.9801980198019802,0.0,0.18646864686468648,0.007384709746010325,0.12072013334551691,0,24.28,0.9867986798679867,0.0,0.3811881188118812,0.005938768480371668,0.08104361782848898
853,19.28,0,19.28,0.9501039501039501,0.0,0.27442827442827444,0.00526440956615183,0.06326608812037562,0,19.28,0.7214137214137214,0.0,0.5987525987525988,0.004636063992400099,0.06336101025252863
854,9.08,0,9.08,0.9911504424778761,0.0,0.23008849557522124,0.00926983177097218,0.235730687558609,0,9.08,0.9911504424778761,0.0,0.2345132743362832,0.010382038680157404,0.2840490597060017
855,30.52,0,30.52,0.8910761154855643,0.0,0.431758530183727,0.007293111797717166,0.07859175513605583,1,30.52,0.7519685039370079,0.327653997378768,0.6036745406824147,0.007369324063454138,0.05503911133430011
856,15.56,0,15.56,0.9458762886597938,0.0,0.41237113402061853,0.007842148486498918,0.06242753518760253,0,15.56,0.9458762886597938,0.0,0.6082474226804123,0.0061333595094467935,0.03760725130804271
857,39.36,0,39.36,0.9888097660223805,0.0,0.12207527975584945,0.008435386975237828,0.21707538435019907,0,39.36,0.9959308240081384,0.0,0.3021363173957274,0.006403914988851557,0.08223362974614105
858,17.2,0,17.2,0.9836829836829837,0.0,0.21678321678321677,0.009301202978115127,0.17262478090810407,0,17.2,0.9766899766899767,0.0,0.41025641025641024,0.00831213924194931,0.06257653344614403
859,6.4,0,6.4,1.0,0.0,0.025157232704402517,0.01744931529218823,0.29332978151755396,0,6.4,0.9874213836477987,0.0,0.1761006289308176,0.009863196411578653,0.12898149767561443
860,18.96,0,18.96,0.9365750528541226,0.0,0.2219873150105708,0.005449167659645908,0.12696007284415695,0,18.96,0.9830866807610994,0.0,0.2642706131078224,0.0047576990753053746,0.10635021154624656
861,9.12,0,9.12,0.9295154185022027,0.0,0.41409691629955947,0.007970715939525063,0.08115372494549516,0,9.12,0.9383259911894273,0.0,0.3303964757709251,0.008212918634249923,0.10488109590964416
862,23.04,0,23.04,0.9773913043478261,0.0,0.19478260869565217,0.00774062685348831,0.12635251603115794,0,23.04,0.9739130434782609,0.0,0.31130434782608696,0.006130413953750471,0.1024842194353984
863,5.52,0,5.52,1.0,0.0,0.014598540145985401,0.01767312886258087,0.30707355553875726,0,5.52,1.0,0.0,0.145985401459854,0.011347694269143177,0.1677866767670659
864,21.56,0,21.56,0.9944237918215614,0.0,0.2695167286245353,0.008773832310584468,0.10312075879067534,0,21.56,0.9776951672862454,0.0,0.43308550185873607,0.008196159687456878,0.06204227995138626
865,12.2,0,12.2,0.993421052631579,0.0,0.16447368421052633,0.00662848320615165,0.14991621961379953,0,12.2,0.9967105263157895,0.0,0.1611842105263158,0.007949658538784671,0.15040797151374652
866,32.04,1,32.04,0.945,0.31210986267166047,0.24,0.013617400922640781,0.16729194083772359,1,32.04,0.95375,0.31210986267166047,0.33,0.011273756934922073,0.11328331203973893
867,40.6,2,40.6,0.9921104536489151,0.4926108374384236,0.22386587771203156,0.007961257464357519,0.12276499707248949,0,40.6,0.9694280078895463,0.0,0.21203155818540434,0.007803821172920557,0.13624385456210658
868,19.64,0,19.64,0.9816326530612245,0.0,0.13673469387755102,0.0060825364847296864,0.08681295805993393,0,19.64,0.9857142857142858,0.0,0.18775510204081633,0.007082343084133939,0.07968795314665687
869,14.76,0,14.76,0.8125,0.0,0.7391304347826086,0.00396629352003933,0.033987899343184094,0,14.76,0.907608695652174,0.0,0.41847826086956524,0.00550331600098154,0.08176210542983689
870,9.28,1,9.28,1.0,1.0775862068965518,0.047619047619047616,0.014195944261917,0.23347912004687785,0,9.28,1.0,0.0,0.24242424242424243,0.00878224579904151,0.08475930631736243
871,10.12,0,10.12,0.9761904761904762,0.0,0.23015873015873015,0.0075579118867838465,0.22446081509370558,0,10.12,0.9880952380952381,0.0,0.1865079365079365,0.007812681173910138,0.1959505647652277
872,32.08,0,32.08,0.9962546816479401,0.0,0.13108614232209737,0.01049800493752876,0.23332141549441643,0,32.08,0.9975031210986267,0.0,0.14232209737827714,0.00783028496276653,0.10914745865932121
873,8.56,0,8.56,0.9812206572769953,0.0,0.26291079812206575,0.010849796067083039,0.11026591122131733,0,8.56,0.9061032863849765,0.0,0.4647887323943662,0.007299031496526127,0.06662394639195443
874,12.28,0,12.28,0.8562091503267973,0.0,0.5718954248366013,0.0058494971054105956,0.04953121593862993,0,12.28,0.8398692810457516,0.0,0.5392156862745098,0.005450932680305883,0.07491254597721025
875,10.12,0,10.12,1.0,0.0,0.051587301587301584,0.01189621447593974,0.1701518426455816,0,10.12,0.9801587301587301,0.0,0.29365079365079366,0.007687326334626184,0.0763417214312923
876,30.4,0,30.4,0.7628458498023716,0.0,0.5902503293807642,0.00556628824897617,0.056502776189929375,0,30.4,0.3952569169960474,0.0,0.7654808959156785,0.004576955114048549,0.07637400433663417
877,14.2,0,14.2,0.9096045197740112,0.0,0.3107344632768362,0.0059405807221882545,0.13342174292606818,0,14.2,0.9180790960451978,0.0,0.3220338983050847,0.0076618603968158115,0.12890004182105558
878,15.52,0,15.52,0.9870801033591732,0.0,0.22739018087855298,0.008657422898379492,0.14625015739390476,0,15.52,0.9948320413436692,0.0,0.39018087855297157,0.007737311103687647,0.06803943915091647
879,29.04,2,29.04,0.9917241379310345,0.6887052341597797,0.19310344827586207,0.012777413033481753,0.15997293449523048,2,29.04,0.9848275862068966,0.6887052341597797,0.2524137931034483,0.011259179939091658,0.12462205756379705
880,18.76,0,18.76,0.938034188034188,0.0,0.3418803418803419,0.004298382545077171,0.064667041887045,0,18.76,0.6965811965811965,0.0,0.5982905982905983,0.004213275668066644,0.07510305276809953
881,38.56,1,38.56,0.9989615784008308,0.2593360995850622,0.12045690550363447,0.009507201236984742,0.1469341782381339,0,38.56,0.9885773624091381,0.0,0.2523364485981308,0.006529488011959487,0.09925511414732213
882,19.24,0,19.24,0.95,0.0,0.74375,0.00794014365513987,0.031893968508375184,0,19.24,0.8479166666666667,0.0,0.4666666666666667,0.007492594055932823,0.07400836882893948
883,7.96,0,7.96,1.0,0.0,0.020202020202020204,0.01371223917743625,0.21277148687469694,0,7.96,0.9949494949494949,0.0,0.08080808080808081,0.009327548175115299,0.12191486439966386
884,19.0,0,19.0,0.9641350210970464,0.0,0.2468354430379747,0.007927332840480122,0.11550741610936079,0,19.0,0.9810126582278481,0.0,0.4177215189873418,0.0062589986583972594,0.06977675700962219
885,25.4,0,25.4,0.9747634069400631,0.0,0.24290220820189273,0.006701546825156739,0.1267365426825958,0,25.4,0.9652996845425867,0.0,0.38170347003154576,0.005286055501997901,0.08159898741056683
886,7.56,0,7.56,1.0,0.0,0.09574468085106383,0.013835369039792406,0.1446804877890544,0,7.56,1.0,0.0,0.03723404255319149,0.01634301065335405,0.23503704120975832
887,11.0,0,11.0,0.9233576642335767,0.0,0.3759124087591241,0.006574636974533655,0.11323161236803196,0,11.0,0.9452554744525548,0.0,0.4854014598540146,0.005891421395419089,0.06071867573920129
888,30.64,0,30.64,0.7607843137254902,0.0,0.5281045751633987,0.006336081576338086,0.08343285223481482,0,30.64,0.48366013071895425,0.0,0.6888888888888889,0.0049703382646324665,0.07963809917128772
889,44.72,0,44.72,0.9865711727842436,0.0,0.3106535362578335,0.00694762896312468,0.08895285626850086,0,44.72,0.991047448522829,0.0,0.12444046553267682,0.009579303989561123,0.20734613844873181
890,11.52,0,11.52,0.9128919860627178,0.0,0.289198606271777,0.008076438355612003,0.2514899136682631,0,11.52,1.0,0.0,0.25435540069686413,0.009279774880113414,0.13805053478700116
891,20.08,0,20.08,0.9520958083832335,0.0,0.7265469061876247,0.006680543970422264,0.02829737422460505,0,20.08,0.9860279441117764,0.0,0.42714570858283435,0.00510538578308232,0.07748842940062839
892,5.88,0,5.88,1.0,0.0,0.0547945205479452,0.015876962286581902,0.2908533047859195,0,5.88,1.0,0.0,0.07534246575342465,0.01070426162099657,0.19377023127130422
893,28.96,0,28.96,0.9889349930843707,0.0,0.1673582295988935,0.012811638960374808,0.1641023672123117,1,28.96,0.9944674965421854,0.3453038674033149,0.20885200553250347,0.011439348260851242,0.13713972811761174
894,12.68,0,12.68,0.9810126582278481,0.0,0.17405063291139242,0.007768906593409859,0.12809680070121854,1,12.68,0.990506329113924,0.7886435331230284,0.15822784810126583,0.008501887850268154,0.11259266708504989
895,20.08,0,20.08,0.9940119760479041,0.0,0.13972055888223553,0.006081743785693605,0.07982725106524666,0,20.08,0.9920159680638723,0.0,0.20359281437125748,0.006542953987287163,0.07307960849327547
896,30.04,0,30.04,0.948,0.0,0.192,0.00399972609806504,0.1362027520881789,0,30.04,0.9946666666666667,0.0,0.2693333333333333,0.00433312668179843,0.11128837404032232
897,6.28,0,6.28,1.0,0.0,0.07692307692307693,0.011304899496419052,0.2225486099672898,1,6.28,1.0,1.5923566878980893,0.057692307692307696,0.013610726118316723,0.3132116876436177
898,23.68,0,23.68,0.9729272419627749,0.0,0.24027072758037224,0.006262760329729042,0.13089508539468125,0,23.68,0.9441624365482234,0.0,0.3790186125211506,0.004939921470952779,0.0900202384336765
899,37.48,0,37.48,0.9818376068376068,0.0,0.19017094017094016,0.006335115552949702,0.11880684991557415,0,37.48,0.9925213675213675,0.0,0.21794871794871795,0.006013589563848501,0.10796625757967876
900,12.32,0,12.32,0.990228013029316,0.0,0.28338762214983715,0.007391954335263952,0.19112651961066826,0,12.32,1.0,0.0,0.2280130293159609,0.009133642753207454,0.12357432746618921
901,14.4,0,14.4,0.9777158774373259,0.0,0.2924791086350975,0.0070228292538376145,0.09120923316944873,0,14.4,0.9693593314763231,0.0,0.298050139275766,0.0066054211114205934,0.10639902595458198
902,29.88,0,29.88,0.9048257372654156,0.0,0.467828418230563,0.007123986990793134,0.06060307218328438,0,29.88,0.5402144772117963,0.0,0.7211796246648794,0.004785315768272496,0.05706032869178389
903,9.72,0,9.72,0.987603305785124,0.0,0.32231404958677684,0.006530550464981424,0.07522816285697995,0,9.72,0.9917355371900827,0.0,0.39669421487603307,0.006695569959736913,0.0875295474459373
904,8.84,0,8.84,0.9727272727272728,0.0,0.42727272727272725,0.007968815204103486,0.08942609615546418,0,8.84,0.9681818181818181,0.0,0.3090909090909091,0.009606984079959862,0.14388612668256082
905,17.16,0,17.16,0.9883177570093458,0.0,0.22429906542056074,0.007201746782613612,0.13899818381524298,0,17.16,0.9742990654205608,0.0,0.5794392523364486,0.0071025677069301045,0.04538217667467426
906,5.48,0,5.48,1.0,0.0,0.022058823529411766,0.0146152604053121,0.31817574692661027,1,5.48,1.0,1.824817518248175,0.08823529411764706,0.011335345974170121,0.2118846421862058
907,19.12,0,19.12,0.89937106918239,0.0,0.7232704402515723,0.00576433165188182,0.034230715131948745,0,19.12,0.8721174004192872,0.0,0.4591194968553459,0.007808219344358252,0.07108272277538882
908,40.6,0,40.6,0.9812623274161736,0.0,0.17751479289940827,0.009037817377539755,0.22219579356137956,0,40.6,0.9773175542406312,0.0,0.2564102564102564,0.007038339743199332,0.0902611692384716
909,7.0,0,7.0,1.0,0.0,0.017241379310344827,0.012813802093438131,0.16828058123055936,1,7.0,1.0,1.4285714285714286,0.022988505747126436,0.012491892525124268,0.2672164707195086
910,43.64,0,43.64,0.9899082568807339,0.0,0.24495412844036699,0.005587012920703228,0.0912405353218444,0,43.64,0.9834862385321101,0.0,0.20917431192660552,0.005778186005125627,0.09850745022298601
911,9.6,0,9.6,0.9623430962343096,0.0,0.28451882845188287,0.005758897899124391,0.09039264198303575,0,9.6,0.9707112970711297,0.0,0.33472803347280333,0.006441685604698869,0.11892243327717031
912,10.08,0,10.08,0.9601593625498008,0.0,0.21115537848605578,0.007541962746868617,0.2293208621805165,0,10.08,0.9800796812749004,0.0,0.24701195219123506,0.009479458944929776,0.14224006915035814
913,12.32,0,12.32,0.996742671009772,0.0,0.498371335504886,0.0069862965676370245,0.05267022816864015,0,12.32,0.9869706840390879,0.0,0.38436482084690554,0.008676810746011138,0.08675706492931871
914,30.6,1,30.6,0.9947643979057592,0.32679738562091504,0.16361256544502617,0.014341537735132083,0.1658964380133326,0,30.6,0.9947643979057592,0.0,0.15575916230366493,0.01316965485009303,0.13903906329584548
915,7.52,0,7.52,1.0,0.0,0.058823529411764705,0.012497255313710046,0.25513051686203886,0,7.52,0.9946524064171123,0.0,0.1657754010695187,0.010199862091217381,0.12420285006119286
916,24.84,0,24.84,0.9532258064516129,0.0,0.2967741935483871,0.007870580031333924,0.09449459849172646,0,24.84,0.9580645161290322,0.0,0.4806451612903226,0.007964827017127361,0.05654994183304938
917,12.56,0,12.56,1.0,0.0,0.22364217252396165,0.008125231269820269,0.12371167480284026,0,12.56,0.9808306709265175,0.0,0.19488817891373802,0.009493790716039967,0.12979734293730436
918,18.48,0,18.48,0.9262472885032538,0.0,0.720173535791757,0.006585058477597253,0.031069528840046663,0,18.48,0.9197396963123644,0.0,0.4316702819956616,0.007928618171534191,0.06335819196664172
919,15.96,0,15.96,0.9974874371859297,0.0,0.228643216080402,0.01006515837851326,0.14889064761167117,0,15.96,0.9974874371859297,0.0,0.41708542713567837,0.009526986567612073,0.06169215287319712
920,16.44,0,16.44,0.973170731707317,0.0,0.07804878048780488,0.006105243499952672,0.09405757393172476,0,16.44,0.973170731707317,0.0,0.1,0.006239473722693649,0.08996646849386496
921,24.4,0,24.4,0.9605911330049262,0.0,0.20689655172413793,0.00650050993524954,0.13821292746477618,0,24.4,0.9425287356321839,0.0,0.3185550082101806,0.005629650594404186,0.10158383072098409
922,7.8,0,7.8,1.0,0.0,0.005154639175257732,0.015776718377080307,0.24817119690038922,0,7.8,1.0,0.0,0.08762886597938144,0.011124667605795958,0.13357915632501685
923,7.64,0,7.64,0.9578947368421052,0.0,0.2578947368421053,0.0061595506477545026,0.12621902585632536,0,7.64,0.9842105263157894,0.0,0.26842105263157895,0.005693861965403266,0.10124169640683768
924,44.28,0,44.28,0.9873417721518988,0.0,0.3688969258589512,0.007256743990744877,0.06428309387567221,0,44.28,0.9755877034358047,0.0,0.14828209764918626,0.008732464663713305,0.17380842904031688
925,30.36,0,30.36,0.8970976253298153,0.0,0.47229551451187335,0.006378262950048144,0.06473074465508595,0,30.36,0.6609498680738787,0.0,0.6952506596306068,0.0057151201449692135,0.04255996565403638
926,10.88,0,10.88,0.8265682656826568,0.0,0.6789667896678967,0.003582884093486953,0.04070773394026793,0,10.88,0.940959409594096,0.0,0.3726937269372694,0.007034016075645605,0.07842382078370227
927,8.08,0,8.08,0.9751243781094527,0.0,0.27860696517412936,0.006385870329374563,0.09889705315617635,0,8.08,0.9751243781094527,0.0,0.2935323383084577,0.007426458349567052,0.11581457404361334
928,9.28,0,9.28,0.9956709956709957,0.0,0.20346320346320346,0.009680483663901722,0.13829255428009662,0,9.28,0.9956709956709957,0.0,0.1774891774891775,0.0123320999354275,0.1271003320545666
929,9.08,0,9.08,0.995575221238938,0.0,0.22123893805309736,0.009408331481240824,0.09056755681879977,1,9.08,1.0,1.1013215859030836,0.11061946902654868,0.011054497240021447,0.19210922832947172
930,24.56,0,24.56,0.9918433931484503,0.0,0.28548123980424145,0.008032389824414937,0.09129753240420838,0,24.56,0.9836867862969005,0.0,0.42251223491027734,0.008019114766003633,0.06083878727282754
931,11.64,0,11.64,0.993103448275862,0.0,0.40344827586206894,0.006602496139277391,0.06682595901328078,0,11.64,0.9793103448275862,0.0,0.30689655172413793,0.008741279858944363,0.10643059915316867
932,9.76,0,9.76,0.9012345679012346,0.0,0.5843621399176955,0.004710675740214206,0.04318925457561527,0,9.76,0.934156378600823,0.0,0.4156378600823045,0.0067459324251655595,0.07606834098625338
933,28.2,0,28.2,0.9261363636363636,0.0,0.22585227272727273,0.004686116202553735,0.12278533712185863,0,28.2,0.9730113636363636,0.0,0.2784090909090909,0.004537208792196888,0.10040756619603983
934,8.52,0,8.52,1.0,0.0,0.16981132075471697,0.007489150828480059,0.11511335191449526,0,8.52,1.0,0.0,0.3160377358490566,0.005283488973674388,0.07642068840788677
935,23.68,0,23.68,0.9712351945854484,0.0,0.24534686971235195,0.006642861553721666,0.1529166789672669,0,23.68,0.9796954314720813,0.0,0.3011844331641286,0.005837877231123991,0.09291155507681158
936,30.0,0,30.0,0.897196261682243,0.0,0.5594125500667557,0.006550990959172474,0.04932344431091329,0,30.0,0.6769025367156208,0.0,0.7249666221628839,0.005343318533196747,0.03645590019261162
937,41.12,0,41.12,0.9746835443037974,0.0,0.1733203505355404,0.005931514878785629,0.09746882491739581,1,41.12,0.9951314508276533,0.24319066147859922,0.15092502434274585,0.006302159115829143,0.11644019922102757
938,61.52,0,61.52,0.9947950553025374,0.0,0.1541964866623292,0.008716118374756932,0.14226345585793465,0,61.52,0.9934938191281718,0.0,0.2517891997397528,0.006487554463087754,0.10375400906943257
939,7.24,0,7.24,0.9777777777777777,0.0,0.21666666666666667,0.007649250180174068,0.12621017758222236,0,7.24,0.9888888888888889,0.0,0.28888888888888886,0.006477925576385402,0.10662862280805976
940,8.76,0,8.76,0.9954128440366973,0.0,0.045871559633027525,0.015663417968951605,0.22602772570159993,1,8.76,1.0,1.1415525114155252,0.20642201834862386,0.011260085988116226,0.0973096012459311
941,12.76,0,12.76,0.9874213836477987,0.0,0.13522012578616352,0.009559040118306222,0.14270979561602526,0,12.76,0.9811320754716981,0.0,0.1289308176100629,0.009216276240549643,0.15539161533994938
942,15.24,0,15.24,0.9763157894736842,0.0,0.20789473684210527,0.009415201377051579,0.17458805119498558,0,15.24,0.9868421052631579,0.0,0.4710526315789474,0.009369134055584523,0.05780919590288253
943,17.88,0,17.88,0.8766816143497758,0.0,0.4551569506726457,0.007773750758946133,0.06916920906328258,0,17.88,0.9013452914798207,0.0,0.6614349775784754,0.007957234542338446,0.03505033572787566
944,43.2,0,43.2,0.989805375347544,0.0,0.2798887859128823,0.008274723666905506,0.08574820799505509,1,43.2,0.9851714550509731,0.23148148148148145,0.1334569045412419,0.011401633996781988,0.20746533003520173
945,25.6,0,25.6,0.9608763693270735,0.0,0.28169014084507044,0.006652160484943461,0.11014547195060517,0,25.6,0.9389671361502347,0.0,0.405320813771518,0.00584568539716006,0.07675289122531676
946,11.32,0,11.32,0.9609929078014184,0.0,0.4432624113475177,0.007276726189073435,0.06097587036001203,0,11.32,0.9822695035460993,0.0,0.28368794326241137,0.008151369278287614,0.12498949846435349
947,13.2,0,13.2,0.9878419452887538,0.0,0.23100303951367782,0.007511250781098309,0.14913282360883628,0,13.2,0.9908814589665653,0.0,0.20364741641337386,0.007836781233864332,0.14202518853255472
948,16.72,0,16.72,0.935251798561151,0.0,0.38609112709832133,0.006748199710663917,0.08001789010210347,0,16.72,0.8657074340527577,0.0,0.5419664268585132,0.005738311985380724,0.05655825575697524
949,15.2,0,15.2,0.9920844327176781,0.0,0.1266490765171504,0.007362744448628991,0.11126695825765281,0,15.2,1.0,0.0,0.1266490765171504,0.00910766087046179,0.1031817698510204
950,8.72,0,8.72,0.9953917050691244,0.0,0.05069124423963134,0.010921347404386755,0.20244219857439444,0,8.72,1.0,0.0,0.2534562211981567,0.007124600777418955,0.09922868157956366
951,12.84,0,12.84,1.0,0.0,0.13125,0.009218081160179217,0.09416577202288975,0,12.84,0.984375,0.0,0.428125,0.005889467182891626,0.0579932050730629
952,9.0,0,9.0,1.0,0.0,0.12053571428571429,0.009236236632079798,0.15277608059364284,1,9.0,0.9955357142857143,1.1111111111111112,0.10714285714285714,0.011280915049054938,0.24093829153000756
953,12.4,0,12.4,0.8996763754045307,0.0,0.37540453074433655,0.01000117831200426,0.09281378597367737,0,12.4,0.912621359223301,0.0,0.42718446601941745,0.00634914614831155,0.06675351463455667
954,37.2,0,37.2,0.9956942949407965,0.0,0.23681377825618946,0.007750179287593491,0.08497250823109077,0,37.2,0.9913885898815931,0.0,0.11948331539289558,0.009227671384043295,0.2053770501262528
955,56.6,2,56.6,0.9915134370579916,0.35335689045936397,0.15770862800565771,0.008676197756294987,0.13035708335209129,0,56.6,0.9957567185289957,0.0,0.2524752475247525,0.0065786358761588375,0.09791177876542173
956,14.24,0,14.24,0.952112676056338,0.0,0.2647887323943662,0.007469935027936131,0.12292783333860083,0,14.24,0.9690140845070423,0.0,0.2676056338028169,0.007057539202720231,0.10928791579288633
957,7.2,0,7.2,0.994413407821229,0.0,0.13966480446927373,0.006016327418687482,0.1393831636076175,0,7.2,0.9888268156424581,0.0,0.21787709497206703,0.005242303387367258,0.0864477641364697
958,30.56,0,30.56,0.8781127129750983,0.0,0.48230668414154654,0.006579884856269701,0.061694619670476875,0,30.56,0.8335517693315858,0.0,0.8217562254259502,0.004882078862519903,0.023041216817174547
959,12.32,0,12.32,0.993485342019544,0.0,0.20846905537459284,0.009360388280717532,0.18680220247350166,0,12.32,0.9771986970684039,0.0,0.4201954397394137,0.00795647559469641,0.06075850788650594
960,19.8,1,19.8,0.9878542510121457,0.5050505050505051,0.19838056680161945,0.005344231818170936,0.13042678384298,1,19.8,0.9898785425101214,0.5050505050505051,0.21052631578947367,0.005456643748790811,0.11312542658728036
961,27.68,0,27.68,0.9956584659913169,0.0,0.15918958031837915,0.014209571020129437,0.1878848165632166,0,27.68,0.9898697539797395,0.0,0.28075253256150506,0.010842978961296329,0.10046718426119013
962,9.44,0,9.44,0.9914893617021276,0.0,0.3021276595744681,0.008137698508697456,0.11851779998936605,0,9.44,0.9957446808510638,0.0,0.2723404255319149,0.010828698248978114,0.1354792197813799
963,8.48,0,8.48,0.995260663507109,0.0,0.08530805687203792,0.01091240366098003,0.18727495227944832,0,8.48,1.0,0.0,0.20853080568720378,0.007757963957256063,0.09304578451554987
964,16.72,0,16.72,0.9496402877697842,0.0,0.6930455635491607,0.006935636338568182,0.033765846817814776,0,16.72,0.9328537170263789,0.0,0.41007194244604317,0.00798344173725731,0.07707532638537101
965,25.16,0,25.16,0.9331210191082803,0.0,0.2531847133757962,0.006345632001134488,0.12976786822534006,0,25.16,0.964968152866242,0.0,0.36942675159235666,0.005761079580430666,0.09046594713056494
966,9.64,0,9.64,1.0,0.0,0.09583333333333334,0.008107167119726241,0.10444260879977132,0,9.64,1.0,0.0,0.07083333333333333,0.012786398554637507,0.16633205122232328
967,11.16,1,11.16,1.0,0.8960573476702508,0.11870503597122302,0.00720217269346209,0.1276947852670708,0,11.16,0.9928057553956835,0.0,0.3237410071942446,0.005829766218371262,0.07537300774716854
968,12.2,0,12.2,0.9835526315789473,0.0,0.3256578947368421,0.007033214506890097,0.08656519693449236,0,12.2,0.9835526315789473,0.0,0.375,0.0083219238849363,0.07586373928677735
969,17.64,0,17.64,0.9863636363636363,0.0,0.17954545454545454,0.006009220367982984,0.0955439191203993,0,17.64,0.9977272727272727,0.0,0.17954545454545454,0.006505418386327424,0.09231431415387623
970,7.4,0,7.4,0.9782608695652174,0.0,0.2391304347826087,0.007440172167911178,0.15097648193444782,0,7.4,0.9945652173913043,0.0,0.2826086956521739,0.006236434316553369,0.10475357861397001
971,38.84,0,38.84,0.9855670103092784,0.0,0.36907216494845363,0.006089600802735013,0.06855224301806928,1,38.84,0.9814432989690721,0.2574665293511843,0.15463917525773196,0.00848451264580375,0.1898447256357311
972,8.44,0,8.44,1.0,0.0,0.10476190476190476,0.010499840031374195,0.20670034408040244,0,8.44,0.9952380952380953,0.0,0.19523809523809524,0.008619743421963593,0.12129682314325041
973,19.68,0,19.68,0.9592668024439919,0.0,0.7209775967413442,0.0074906740676168706,0.032438754577849505,1,19.68,0.9164969450101833,0.508130081300813,0.40325865580448067,0.008167847190045605,0.07475077211726183
974,29.24,0,29.24,0.852054794520548,0.0,0.49726027397260275,0.005641811846812507,0.06129682676060046,0,29.24,0.6232876712328768,0.0,0.7410958904109589,0.0047398201146985185,0.03690414207317692
975,10.52,0,10.52,0.9465648854961832,0.0,0.5267175572519084,0.005260022505290483,0.049600728706062205,0,10.52,0.950381679389313,0.0,0.4389312977099237,0.005583845123486737,0.08443501362298314
976,29.68,0,29.68,0.9892037786774629,0.0,0.13360323886639677,0.012913367792504599,0.19992830759679267,0,29.68,0.9932523616734144,0.0,0.21727395411605938,0.011747371694160885,0.14908772036255694
977,13.56,0,13.56,0.9733727810650887,0.0,0.26627218934911245,0.009114245162346048,0.1887877236781166,0,13.56,0.9822485207100592,0.0,0.34023668639053256,0.008646157400087243,0.06535022470716573
978,37.72,0,37.72,0.9925690021231423,0.0,0.11464968152866242,0.008059961607498951,0.12874626032436084,0,37.72,0.9978768577494692,0.0,0.17091295116772823,0.007468018002584892,0.12269601777907264
979,6.68,0,6.68,1.0,0.0,0.13253012048192772,0.010237027680310486,0.19201903234295345,0,6.68,1.0,0.0,0.25301204819277107,0.007604098543777827,0.09212469039305174
980,6.96,0,6.96,1.0,0.0,0.08670520231213873,0.012547522247849892,0.23262909533120327,0,6.96,1.0,0.0,0.07514450867052024,0.01085065265098552,0.17834167483424776
981,10.6,0,10.6,0.9962121212121212,0.0,0.32954545454545453,0.006984434265175624,0.14884503933782775,0,10.6,0.9772727272727273,0.0,0.2803030303030303,0.00743207631722446,0.1704462261045301
982,14.4,0,14.4,0.9415041782729805,0.0,0.3064066852367688,0.007590597415531173,0.12715779016564505,0,14.4,0.9665738161559888,0.0,0.27298050139275765,0.007544422866174758,0.13753044228356576
983,23.12,0,23.12,0.9584055459272097,0.0,0.19930675909878684,0.007212148437066036,0.1275854450915394,0,23.12,0.9740034662045061,0.0,0.2703639514731369,0.006226033631065809,0.11186961248478874
984,23.04,0,23.04,0.9930434782608696,0.0,0.1634782608695652,0.008226293373902472,0.11183328280039047,0,23.04,0.9652173913043478,0.0,0.48,0.0072170402861686305,0.05509268870832567
985,14.24,0,14.24,0.9408450704225352,0.0,0.36338028169014086,0.008734692660181143,0.10680360971434083,0,14.24,0.9605633802816902,0.0,0.323943661971831,0.007456887178174857,0.10077846450142838
986,10.28,0,10.28,0.94921875,0.0,0.37109375,0.005383081164377894,0.0712497984090886,0,10.28,0.9609375,0.0,0.3671875,0.0057296021821984355,0.07417260821544883
987,40.6,0,40.6,0.9940828402366864,0.0,0.13806706114398423,0.009137849714107246,0.21607170390362707,0,40.6,0.9891518737672583,0.0,0.31952662721893493,0.0064311832285238076,0.07620794737828303
988,28.44,1,28.44,0.9929577464788732,0.3516174402250351,0.1591549295774648,0.011471841453452657,0.16310046508178652,2,28.44,0.9901408450704225,0.7032348804500702,0.176056338028169,0.010376845538441364,0.13128955132677367
989,10.64,0,10.64,1.0,0.0,0.41132075471698115,0.006744203306414354,0.0593517668727083,0,10.64,1.0,0.0,0.24528301886792453,0.008854110859212703,0.1050459533780928
990,9.08,0,9.08,0.9867256637168141,0.0,0.2168141592920354,0.008220411286996035,0.23002825404020344,0,9.08,0.9646017699115044,0.0,0.23893805309734514,0.008914215895244784,0.14229418768149404
991,7.84,0,7.84,0.9743589743589743,0.0,0.21025641025641026,0.00795131591058603,0.11714911269544172,0,7.84,0.9897435897435898,0.0,0.3435897435897436,0.006313760460836642,0.10331827941121556
992,13.12,0,13.12,0.9541284403669725,0.0,0.24770642201834864,0.009781418999456743,0.14876124413496497,0,13.12,0.9541284403669725,0.0,0.36085626911314983,0.007091112825850953,0.11530547306254875
993,30.08,0,30.08,0.8428761651131824,0.0,0.5579227696404794,0.006067378560905164,0.05401063748159478,0,30.08,0.5579227696404794,0.0,0.7350199733688415,0.005135720525202961,0.04699734999949692
994,16.24,0,16.24,0.9901234567901235,0.0,0.14320987654320988,0.007671697994066815,0.11862343465462664,0,16.24,1.0,0.0,0.145679012345679,0.0070048498025511614,0.10499550073881808
995,18.12,1,18.12,0.9513274336283186,0.5518763796909492,0.7168141592920354,0.007779728832016325,0.033898041782657054,2,18.12,0.9402654867256637,1.1037527593818983,0.43805309734513276,0.008430327966185612,0.06076706025894224
996,20.64,0,20.64,0.9475728155339805,0.0,0.2757281553398058,0.004287871702143302,0.13295966449387903,0,20.64,0.9689320388349515,0.0,0.283495145631068,0.004142387649192775,0.11418712385496757
997,38.4,0,38.4,0.9739311783107404,0.0,0.2440041710114703,0.007682622282227215,0.16380882935644153,0,38.4,0.9478623566214807,0.0,0.2794577685088634,0.007331731307096083,0.14915241505304755
998,48.2,0,48.2,0.9867109634551495,0.0,0.19352159468438537,0.00831336307997987,0.11808334560183156,0,48.2,0.9908637873754153,0.0,0.132890365448505,0.008372281900877613,0.1251557779570022
999,8.84,0,8.84,0.9045454545454545,0.0,0.45,0.006131527508667343,0.08020868514363934,0,8.84,0.8454545454545455,0.0,0.39545454545454545,0.005882477344101468,0.10365027719423611
1000,12.92,0,12.92,0.9875776397515528,0.0,0.22981366459627328,0.008729977901244707,0.1215256067543115,0,12.92,0.9627329192546584,0.0,0.21428571428571427,0.008090386836967797,0.11327398955469009
1001,10.84,0,10.84,1.0,0.0,0.1037037037037037,0.008507685016997796,0.10427489434673334,0,10.84,0.9962962962962963,0.0,0.4185185185185185,0.00583549689403818,0.06270234063763638
1002,11.64,0,11.64,0.9862068965517241,0.0,0.13448275862068965,0.011390931970979769,0.19305559820000795,0,11.64,1.0,0.0,0.41379310344827586,0.010119078162981868,0.07374038502188777
1003,9.44,0,9.44,0.9914893617021276,0.0,0.33191489361702126,0.00504052854980617,0.10395623484003652,0,9.44,0.9957446808510638,0.0,0.251063829787234,0.009066174500810887,0.11043895683555016
1004,39.52,0,39.52,0.9929078014184397,0.0,0.12968591691995948,0.0095505766151066,0.19931132183499145,0,39.52,0.9888551165146909,0.0,0.3090172239108409,0.006820091135729411,0.0824996365529348
1005,7.92,0,7.92,1.0,0.0,0.14213197969543148,0.007798531555823768,0.13993020681183854,0,7.92,0.9847715736040609,0.0,0.26903553299492383,0.005705170192179238,0.08248800723063159
1006,25.48,0,25.48,0.9716981132075472,0.0,0.25,0.006515078330906674,0.10890100792708032,0,25.48,0.9465408805031447,0.0,0.3632075471698113,0.0057209957580638265,0.0785312714040158
1007,10.68,0,10.68,0.9962406015037594,0.0,0.19924812030075187,0.009259763797891741,0.25133984155990247,0,10.68,1.0,0.0,0.24060150375939848,0.00971080900249526,0.1725037921437531
1008,10.6,0,10.6,0.9772727272727273,0.0,0.25,0.009703597236811818,0.18018543785637434,0,10.6,0.9621212121212122,0.0,0.32954545454545453,0.0072178543076064396,0.09150448598718999
1009,37.6,1,37.6,0.9882854100106496,0.26595744680851063,0.22577209797657083,0.006934048826918093,0.11306722104059708,0,37.6,0.9968051118210862,0.0,0.1703940362087327,0.007890146879355046,0.11353802352248626
1010,30.64,0,30.64,0.9241830065359478,0.0,0.5137254901960784,0.0058475160391202015,0.0545580576333085,0,30.64,0.6248366013071895,0.0,0.7398692810457517,0.006376991045968626,0.04090469904671748
1011,13.8,0,13.8,0.9825581395348837,0.0,0.28488372093023256,0.007420419565019535,0.0987093951356008,0,13.8,0.9912790697674418,0.0,0.3081395348837209,0.007366872608751177,0.07938734668973092
1012,21.12,0,21.12,0.9905123339658444,0.0,0.21631878557874762,0.00934804029820449,0.12174714811475504,0,21.12,0.9848197343453511,0.0,0.4459203036053131,0.010560264068851076,0.06134627330752235
1013,8.92,0,8.92,0.954954954954955,0.0,0.43243243243243246,0.005743857565289981,0.07819610037675016,0,8.92,0.9774774774774775,0.0,0.3738738738738739,0.007996492523006602,0.09812394702083889
1014,25.8,0,25.8,0.922360248447205,0.0,0.3105590062111801,0.007232985859184422,0.1559017217124642,0,25.8,0.906832298136646,0.0,0.36180124223602483,0.006502177997507706,0.13565493343961255
1015,23.88,0,23.88,0.9765100671140939,0.0,0.24328859060402686,0.007687878217648286,0.1444711937483328,0,23.88,0.9563758389261745,0.0,0.348993288590604,0.006327245531685331,0.09150230533023335
1016,16.44,0,16.44,0.9682926829268292,0.0,0.11463414634146342,0.005977073782198109,0.12168731557069773,0,16.44,0.9682926829268292,0.0,0.11707317073170732,0.005901354091700565,0.10556065113182023
1017,25.2,0,25.2,0.9968203497615262,0.0,0.1685214626391097,0.01392476094569275,0.1668200575469854,2,25.2,0.9936406995230525,0.7936507936507936,0.18124006359300476,0.012926034721282086,0.132324522405029
1018,18.96,0,18.96,0.9175475687103594,0.0,0.3974630021141649,0.008261003255854039,0.07906392381726561,1,18.96,0.8879492600422833,0.5274261603375527,0.6871035940803383,0.007811406145474423,0.03534555752718957
1019,23.68,0,23.68,0.8527918781725888,0.0,0.6785109983079526,0.004055424624685862,0.028554821339743908,0,23.68,0.9796954314720813,0.0,0.4856175972927242,0.00542697646694096,0.0544008583542919
1020,37.92,0,37.92,0.9904963041182682,0.0,0.2713833157338965,0.00815890070297579,0.08912478488254777,1,37.92,0.989440337909187,0.26371308016877637,0.1573389651531151,0.011738744542916324,0.20840696148048496
1021,7.72,0,7.72,0.9947916666666666,0.0,0.18229166666666666,0.006889567223277658,0.13778924783682783,0,7.72,1.0,0.0,0.2760416666666667,0.005986818870859979,0.09627574665028109
1022,29.8,0,29.8,0.9516129032258065,0.0,0.43010752688172044,0.007135538766065888,0.06838089966916183,0,29.8,0.5510752688172043,0.0,0.7231182795698925,0.0056537072762773595,0.05086097935095616
1023,9.76,0,9.76,0.9794238683127572,0.0,0.4691358024691358,0.006730891011914293,0.05939512562928572,0,9.76,0.9835390946502057,0.0,0.345679012345679,0.0073342640788749665,0.08597218453586
1024,13.88,0,13.88,0.9624277456647399,0.0,0.3092485549132948,0.008054906037100334,0.11750143486534134,0,13.88,0.9479768786127167,0.0,0.6011560693641619,0.0065006562525042125,0.04207202248904348
1025,16.92,0,16.92,0.8886255924170616,0.0,0.4549763033175355,0.007657351784423059,0.07171702009173571,0,16.92,0.8886255924170616,0.0,0.7061611374407583,0.005912148659380081,0.03466500401555794
1026,35.04,0,35.04,0.984,0.0,0.21142857142857144,0.006272429880564968,0.10687230243452932,1,35.04,0.9874285714285714,0.2853881278538813,0.18857142857142858,0.006288174721149754,0.0944119753257475
1027,19.32,0,19.32,0.9439834024896265,0.0,0.2697095435684647,0.004176144955015195,0.12791998015106698,0,19.32,0.9771784232365145,0.0,0.2676348547717842,0.00410150389171695,0.11395530036872324
1028,11.36,0,11.36,0.9964664310954063,0.0,0.13427561837455831,0.00756707127029385,0.11795294698620401,0,11.36,0.9434628975265018,0.0,0.40636042402826855,0.006835166839704801,0.06957801888054069
1029,14.08,0,14.08,0.9430199430199431,0.0,0.24216524216524216,0.0071500121977132736,0.1339074073470073,0,14.08,0.9772079772079773,0.0,0.2621082621082621,0.007318562412525986,0.10070878429441155
1030,28.84,0,28.84,0.9777777777777777,0.0,0.19583333333333333,0.013706562004583898,0.1539618614251449,1,28.84,0.975,0.34674063800277394,0.2013888888888889,0.01302614542495454,0.15645936667427562
1031,10.84,0,10.84,0.9925925925925926,0.0,0.14814814814814814,0.008725119819197748,0.18000064802943955,0,10.84,0.9777777777777777,0.0,0.24074074074074073,0.011216849271026568,0.11957515358005327
1032,7.68,0,7.68,1.0,0.0,0.08376963350785341,0.011187917679397679,0.194758171843979,0,7.68,1.0,0.0,0.02617801047120419,0.012616432568346584,0.2550509155270297
1033,10.16,0,10.16,0.9881422924901185,0.0,0.3359683794466403,0.007373486634536327,0.0796165429536376,0,10.16,0.9960474308300395,0.0,0.31225296442687744,0.008747812089143353,0.09780597574171451
1034,31.64,0,31.64,0.9417721518987342,0.0,0.46329113924050636,0.006289429206783886,0.060527675956711116,0,31.64,0.7962025316455696,0.0,0.6708860759493671,0.005168858004233078,0.036411339549297074
1035,8.0,0,8.0,0.9849246231155779,0.0,0.1708542713567839,0.008357714010347472,0.14388935333533495,0,8.0,1.0,0.0,0.2562814070351759,0.007418606333103135,0.11709561371819509
1036,36.36,0,36.36,0.9933920704845814,0.0,0.14537444933920704,0.010384555976437393,0.2089470693315097,1,36.36,0.986784140969163,0.27502750275027504,0.2511013215859031,0.007776439635788928,0.09417588667665895
1037,8.72,0,8.72,1.0,0.0,0.059907834101382486,0.011957588332925493,0.23600398773667403,0,8.72,1.0,0.0,0.14285714285714285,0.008058576382820709,0.10530973028219241
1038,30.08,0,30.08,0.9853528628495339,0.0,0.18242343541944075,0.006387418521987041,0.10752822644535484,0,30.08,0.9747003994673769,0.0,0.17576564580559254,0.007010620911240234,0.13134253887447453
1039,10.76,0,10.76,0.996268656716418,0.0,0.22388059701492538,0.008386349889814623,0.16469861516526146,0,10.76,0.9850746268656716,0.0,0.20522388059701493,0.009166616340935062,0.14856417135457337
1040,15.52,0,15.52,0.9922480620155039,0.0,0.13695090439276486,0.007319240897827697,0.1084909489989428,0,15.52,1.0,0.0,0.14470284237726097,0.007058139409309685,0.09982290405695976
1041,22.68,0,22.68,0.9964664310954063,0.0,0.2862190812720848,0.009125746567749051,0.09952231546808546,0,22.68,0.9611307420494699,0.0,0.5459363957597173,0.008230135627310937,0.04622197847950095
1042,8.24,0,8.24,1.0,0.0,0.16585365853658537,0.011678891068627106,0.12464462905768468,0,8.24,1.0,0.0,0.11707317073170732,0.016342615992509864,0.25240773512466425
1043,12.68,0,12.68,0.9810126582278481,0.0,0.20253164556962025,0.010825788650341887,0.18944547611777662,1,12.68,0.9778481012658228,0.7886435331230284,0.560126582278481,0.007951536581405943,0.044995118946745016
1044,8.6,0,8.6,0.9906542056074766,0.0,0.14018691588785046,0.006844800298380744,0.14334142659665933,0,8.6,1.0,0.0,0.17289719626168223,0.006792502454314279,0.10839014687481469
1045,15.6,0,15.6,0.9820051413881749,0.0,0.20308483290488433,0.006850942771620318,0.1553915062844377,0,15.6,0.987146529562982,0.0,0.2365038560411311,0.007191012885426677,0.1305947002580637
1046,8.52,0,8.52,0.9575471698113207,0.0,0.38207547169811323,0.008429907317605737,0.09868090512059069,0,8.52,0.9386792452830188,0.0,0.28773584905660377,0.008227184082100762,0.1306149316062641
1047,15.6,0,15.6,0.9357326478149101,0.0,0.6580976863753213,0.007415684681149026,0.035793092958107696,0,15.6,0.9357326478149101,0.0,0.36246786632390743,0.007942897486784747,0.0814939235239122
1048,14.56,0,14.56,0.9807162534435262,0.0,0.1928374655647383,0.010333601471648223,0.211886484025458,0,14.56,0.9917355371900827,0.0,0.3140495867768595,0.008886273620551355,0.1267941966220495
1049,7.12,0,7.12,1.0,0.0,0.03389830508474576,0.0133164856388177,0.30321720309522365,0,7.12,1.0,0.0,0.062146892655367235,0.010319533674839317,0.1488713964175914
1050,37.68,1,37.68,0.9649309245483528,0.2653927813163482,0.21253985122210414,0.007967153647882093,0.13422468492800899,0,37.68,0.9851222104144527,0.0,0.1785334750265675,0.007908064942989828,0.15614245851539657
1051,9.6,0,9.6,0.9790794979079498,0.0,0.3263598326359833,0.00890814812684399,0.07234798222696288,0,9.6,0.9372384937238494,0.0,0.5146443514644351,0.006339653842091911,0.05094273444690829
1052,42.4,0,42.4,0.9886685552407932,0.0,0.18508026440037773,0.007202472006258477,0.0983308169732223,0,42.4,0.9896128423040604,0.0,0.11992445703493862,0.00963248463720907,0.21121214632216806
1053,14.76,0,14.76,0.967391304347826,0.0,0.27717391304347827,0.008105816735244875,0.1600548976452374,0,14.76,0.9809782608695652,0.0,0.3070652173913043,0.007528086013201326,0.11100317215561327
1054,12.16,0,12.16,0.9900990099009901,0.0,0.22772277227722773,0.007576844579983106,0.14579039648011893,0,12.16,0.9933993399339934,0.0,0.20132013201320131,0.007255380335768752,0.13144397468434324
1055,23.12,0,23.12,0.9896013864818024,0.0,0.21663778162911612,0.006878144429198118,0.10387879399877259,0,23.12,0.9792027729636048,0.0,0.31369150779896016,0.00592064688631417,0.09072745365646834
1056,30.04,1,30.04,0.7973333333333333,0.33288948069241014,0.5186666666666667,0.005673533960940041,0.0643730723814093,0,30.04,0.8626666666666667,0.0,0.8266666666666667,0.004741386492134087,0.023341027860430158
1057,13.56,0,13.56,0.9615384615384616,0.0,0.2455621301775148,0.008209782867174095,0.14838353980692287,0,13.56,0.9822485207100592,0.0,0.3431952662721893,0.0074366840848343885,0.09168034418895821
1058,7.64,0,7.64,0.9947368421052631,0.0,0.05263157894736842,0.016790953640517067,0.2545325339311412,0,7.64,1.0,0.0,0.07368421052631578,0.011968352812348782,0.17021767172355118
1059,8.08,0,8.08,1.0,0.0,0.14925373134328357,0.008411552140657011,0.1598251262858905,0,8.08,0.9950248756218906,0.0,0.25870646766169153,0.007776676024536202,0.1136882380032524
1060,20.16,0,20.16,0.9662027833001988,0.0,0.24055666003976142,0.004878272581167381,0.11593736493513487,0,20.16,0.9900596421471173,0.0,0.2485089463220676,0.004791418631469219,0.10604675359955767
1061,25.84,0,25.84,0.9984496124031008,0.0,0.12093023255813953,0.007132453181490648,0.14741607408480226,1,25.84,1.0,0.3869969040247678,0.14728682170542637,0.007420208249191,0.15958724980106942
1062,28.8,0,28.8,0.9485396383866481,0.0,0.29346314325452016,0.007164341328478182,0.16056588725290982,0,28.8,0.9248956884561892,0.0,0.3031988873435327,0.007024214261725171,0.14257225556111816
1063,10.84,0,10.84,0.9925925925925926,0.0,0.24814814814814815,0.00900713623691973,0.16810419935599724,0,10.84,0.9703703703703703,0.0,0.2851851851851852,0.008129153840269625,0.14905236732070243
1064,6.4,0,6.4,1.0,0.0,0.03773584905660377,0.012994759524822777,0.18843286099974096,0,6.4,1.0,0.0,0.006289308176100629,0.015351233402825822,0.3191493004343309
1065,19.64,0,19.64,0.9918367346938776,0.0,0.21020408163265306,0.007682198322730011,0.09580496611852354,0,19.64,0.9734693877551021,0.0,0.49795918367346936,0.007833526895773348,0.051503523759517056
1066,26.48,0,26.48,0.9712556732223904,0.0,0.22390317700453857,0.007025694963814678,0.1153075994796613,0,26.48,0.9803328290468987,0.0,0.32526475037821484,0.006136408487212744,0.08810973489787834
1067,10.04,0,10.04,0.912,0.0,0.436,0.006844870668127368,0.08951957055996884,0,10.04,0.952,0.0,0.42,0.007012841923084129,0.07685071017070527
1068,36.52,0,36.52,0.9956140350877193,0.0,0.14035087719298245,0.009818888949965607,0.22547534867856484,0,36.52,0.981359649122807,0.0,0.2817982456140351,0.007063402301917028,0.0913904844469331
1069,14.8,0,14.8,0.991869918699187,0.0,0.17615176151761516,0.007654329955174075,0.13227174284425855,0,14.8,0.997289972899729,0.0,0.2005420054200542,0.008040403632263673,0.14273205388718904
1070,30.44,0,30.44,0.8210526315789474,0.0,0.5355263157894737,0.006720204150332677,0.07068560535377791,0,30.44,0.8921052631578947,0.0,0.5894736842105263,0.0067468801134172775,0.04108670418452741
1071,10.92,0,10.92,0.9926470588235294,0.0,0.22794117647058823,0.00751029093343291,0.16559219873856668,0,10.92,0.9852941176470589,0.0,0.28308823529411764,0.005668252264449482,0.1532819066517696
1072,17.28,0,17.28,0.9814385150812065,0.0,0.1368909512761021,0.007840314544954456,0.12179347831089728,0,17.28,0.9791183294663574,0.0,0.16705336426914152,0.008765429190422348,0.11731167293421935
1073,12.68,0,12.68,0.9715189873417721,0.0,0.21835443037974683,0.010559240670975321,0.19510541448446334,0,12.68,0.9746835443037974,0.0,0.3512658227848101,0.009215991767384992,0.11678205856950895
1074,13.88,0,13.88,0.9479768786127167,0.0,0.34104046242774566,0.006862304349449009,0.08524162863088265,0,13.88,0.9450867052023122,0.0,0.36127167630057805,0.0064359864944245355,0.0813431196216354
1075,10.36,0,10.36,0.9922480620155039,0.0,0.2441860465116279,0.008060164938330979,0.14971076671992034,0,10.36,0.9612403100775194,0.0,0.31007751937984496,0.008248411667230407,0.12006073865696057
1076,14.48,0,14.48,0.9722991689750693,0.0,0.2742382271468144,0.006201730505294258,0.10727640175770045,0,14.48,0.9944598337950139,0.0,0.23545706371191136,0.006828202836590321,0.14001979235490603
1077,7.48,1,7.48,1.0,1.3368983957219251,0.06451612903225806,0.011973863181024336,0.22275601618370156,0,7.48,0.9838709677419355,0.0,0.23118279569892472,0.00834965976618171,0.10306574201057804
1078,26.28,0,26.28,0.9451219512195121,0.0,0.2728658536585366,0.007181375342699149,0.18361584222911012,0,26.28,0.9344512195121951,0.0,0.3307926829268293,0.007266334766145684,0.1457561838152496
1079,8.64,0,8.64,0.9488372093023256,0.0,0.37209302325581395,0.004922556713903542,0.07716933022848081,0,8.64,1.0,0.0,0.30697674418604654,0.006765603840724721,0.07187234883148694
1080,7.48,0,7.48,0.978494623655914,0.0,0.23655913978494625,0.008103986099453266,0.13556046541845673,0,7.48,0.9838709677419355,0.0,0.3064516129032258,0.006687959408409164,0.07996131969371306
1081,12.28,0,12.28,1.0,0.0,0.28431372549019607,0.008904903274516894,0.15252702562120102,0,12.28,0.9901960784313726,0.0,0.2549019607843137,0.008947091893812598,0.15777201159315982
1082,40.88,1,40.88,0.9911851126346719,0.2446183953033268,0.12732615083251714,0.008849084968416262,0.22154441900970429,1,40.88,0.970617042115573,0.2446183953033268,0.2801175318315377,0.0068419150690907996,0.08997541076183548
1083,9.44,0,9.44,0.9702127659574468,0.0,0.34893617021276596,0.008622229905535274,0.1016463094123403,0,9.44,0.9829787234042553,0.0,0.31063829787234043,0.009244809003282397,0.11642244803614077
1084,36.64,0,36.64,0.9693989071038251,0.0,0.24153005464480876,0.0063022195226902925,0.10072954610409163,0,36.64,0.9846994535519126,0.0,0.23060109289617486,0.006438925053973007,0.1149965048111589
1085,14.36,0,14.36,0.9972067039106145,0.0,0.13128491620111732,0.007599419156688322,0.10806504955979386,0,14.36,0.9916201117318436,0.0,0.4273743016759777,0.005349404780777252,0.0692985983856488
1086,21.2,0,21.2,0.996219281663516,0.0,0.23251417769376181,0.00967279124438634,0.12625711099053988,0,21.2,0.9867674858223062,0.0,0.2381852551984877,0.010115051032374417,0.1343757422181669
1087,15.52,0,15.52,0.9483204134366925,0.0,0.29198966408268734,0.006678468323052777,0.12227001014378377,0,15.52,0.8940568475452196,0.0,0.4935400516795866,0.006257051036197143,0.05504373058085521
1088,7.48,0,7.48,1.0,0.0,0.053763440860215055,0.014296069844645196,0.20332238975465852,0,7.48,1.0,0.0,0.24193548387096775,0.013600805735093965,0.07794843894901057
1089,10.24,0,10.24,0.9647058823529412,0.0,0.2901960784313726,0.008219777855654569,0.23226419544121862,0,10.24,0.9764705882352941,0.0,0.2627450980392157,0.009753011923794193,0.15124030521130463
1090,11.96,0,11.96,0.9697986577181208,0.0,0.174496644295302,0.011197076677828509,0.14824120225311108,0,11.96,0.9328859060402684,0.0,0.40268456375838924,0.008329461474627608,0.08267155881206635
1091,10.8,0,10.8,0.9479553903345725,0.0,0.379182156133829,0.006092031463839716,0.0736226048790077,0,10.8,0.9033457249070632,0.0,0.4275092936802974,0.007232457208729625,0.08608261086536233
1092,23.68,0,23.68,0.9796954314720813,0.0,0.22673434856175972,0.008327560215841209,0.1239127761302636,0,23.68,0.9509306260575296,0.0,0.5363790186125211,0.006183875671360029,0.04821694384291124
1093,17.88,0,17.88,0.9977578475336323,0.0,0.18385650224215247,0.006983643043031666,0.09951573657797416,0,17.88,0.9955156950672646,0.0,0.17713004484304934,0.007516161370293091,0.08990719056658969
1094,9.28,0,9.28,1.0,0.0,0.047619047619047616,0.011613769403994072,0.1936879874412481,0,9.28,1.0,0.0,0.36363636363636365,0.007851912774044196,0.08381677393286431
1095,10.2,0,10.2,0.9724409448818898,0.0,0.3228346456692913,0.009821795196790262,0.10384630082948045,0,10.2,0.984251968503937,0.0,0.2125984251968504,0.012041587523758255,0.15759340165576902
1096,8.72,0,8.72,0.9585253456221198,0.0,0.22580645161290322,0.008399339482514614,0.13031610520604858,2,8.72,0.9907834101382489,2.2935779816513757,0.2857142857142857,0.00660826698802784,0.08784196306559348
1097,45.32,0,45.32,0.9840989399293286,0.0,0.38957597173144876,0.0058574491079793995,0.06919001473053452,0,45.32,0.991166077738516,0.0,0.14575971731448764,0.007806155853148939,0.2093789178614366
1098,13.16,0,13.16,0.926829268292683,0.0,0.2926829268292683,0.007300880816895151,0.12713689530754396,0,13.16,0.926829268292683,0.0,0.4054878048780488,0.006215221951031616,0.07515770568521639
1099,17.16,0,17.16,1.0,0.0,0.12149532710280374,0.008108206639909948,0.08186929245155022,0,17.16,0.9813084112149533,0.0,0.544392523364486,0.00499224872795548,0.04610258994531488
1100,25.4,0,25.4,0.9810725552050473,0.0,0.2854889589905363,0.007243899320858694,0.08267044597623419,0,25.4,0.9526813880126183,0.0,0.43690851735015773,0.006059231654226839,0.06467919974590768
1101,27.92,0,27.92,0.9282639885222381,0.0,0.266857962697274,0.007135942027556025,0.15362758141625557,0,27.92,0.926829268292683,0.0,0.2984218077474892,0.006927752418991068,0.1408462634364346
1102,14.8,0,14.8,0.967479674796748,0.0,0.7317073170731707,0.006138881373754809,0.03510410194787247,0,14.8,0.924119241192412,0.0,0.4173441734417344,0.007995579909117059,0.08982543961591449
1103,19.8,0,19.8,0.9878542510121457,0.0,0.23279352226720648,0.010012481881002505,0.13963928258695918,0,19.8,0.9757085020242915,0.0,0.2793522267206478,0.009885814283276725,0.12686376381830006
1104,30.44,0,30.44,0.8421052631578947,0.0,0.5828947368421052,0.008427581162927422,0.04949382052050978,2,30.44,0.6631578947368421,0.657030223390276,0.7092105263157895,0.007008018214205186,0.03418259537096409
1105,7.2,0,7.2,0.994413407821229,0.0,0.01675977653631285,0.015143409289320429,0.2992746735094449,0,7.2,1.0,0.0,0.01675977653631285,0.010417252211940911,0.1705176811604247
1106,24.6,0,24.6,0.9739413680781759,0.0,0.26384364820846906,0.004105156405119779,0.11927269124366069,0,24.6,0.9804560260586319,0.0,0.2687296416938111,0.00441505892902706,0.1115843315498822
1107,32.96,0,32.96,0.9927095990279465,0.0,0.11421628189550426,0.008304321929454725,0.1109938534661153,0,32.96,0.9878493317132442,0.0,0.19441069258809235,0.007211555747910141,0.12626545919830293
1108,10.48,0,10.48,1.0,0.0,0.19923371647509577,0.008983090568105315,0.16637204680596873,0,10.48,1.0,0.0,0.21839080459770116,0.009322564110393934,0.14475762722576205
1109,8.0,0,8.0,0.9798994974874372,0.0,0.1708542713567839,0.007866603139540696,0.14663736581140466,0,8.0,1.0,0.0,0.2613065326633166,0.007162196979492583,0.12704040886883064
1110,24.16,1,24.16,0.9933665008291874,0.4139072847682119,0.25870646766169153,0.007620604304495462,0.10708699809309914,0,24.16,0.9684908789386402,0.0,0.37645107794361526,0.007278188554979456,0.08163071635486352
1111,14.04,0,14.04,0.9685714285714285,0.0,0.23142857142857143,0.007754138534312803,0.1546453126219467,0,14.04,0.9828571428571429,0.0,0.21714285714285714,0.00841688064342162,0.1402842449744826
1112,8.28,0,8.28,0.9902912621359223,0.0,0.32524271844660196,0.007422697618825239,0.09335307198931243,0,8.28,0.9854368932038835,0.0,0.3592233009708738,0.007328330447546605,0.11423555902813702
1113,8.08,0,8.08,0.9154228855721394,0.0,0.6019900497512438,0.005069332164141614,0.04108379980802532,0,8.08,0.9552238805970149,0.0,0.4129353233830846,0.008473794530007482,0.08686746307134108
1114,13.12,0,13.12,0.9541284403669725,0.0,0.3058103975535168,0.007192466341669769,0.14603322528225682,0,13.12,0.8990825688073395,0.0,0.3577981651376147,0.006277421895924619,0.11845892895911594
1115,7.6,0,7.6,1.0,0.0,0.05291005291005291,0.011680074511316139,0.22516951838386443,1,7.6,1.0,1.3157894736842106,0.037037037037037035,0.014096942685069147,0.29181944304830026
1116,25.56,0,25.56,0.9467084639498433,0.0,0.2006269592476489,0.006110512587565148,0.16570281095355238,2,25.56,0.9592476489028213,0.7824726134585289,0.2664576802507837,0.006342959018293665,0.14393128333291016
1117,13.08,0,13.08,0.9877300613496932,0.0,0.19325153374233128,0.012112932853643022,0.21997935099080065,0,13.08,1.0,0.0,0.2852760736196319,0.008249416640603543,0.18872207524328594
1118,30.84,0,30.84,0.9766233766233766,0.0,0.4038961038961039,0.009724181676749008,0.06805120023212682,0,30.84,0.8389610389610389,0.0,0.6935064935064935,0.007909923289343597,0.03398087935772773
1119,7.8,0,7.8,0.9896907216494846,0.0,0.13402061855670103,0.006221983435323528,0.13702189963601719,0,7.8,0.9896907216494846,0.0,0.18556701030927836,0.006577929625474775,0.07686419321163024
1120,39.88,0,39.88,0.9779116465863453,0.0,0.3684738955823293,0.006384978971063568,0.06972675695649214,0,39.88,0.9859437751004017,0.0,0.17269076305220885,0.009292329528186934,0.1885433422784461
1121,32.76,0,32.76,0.9902200488997555,0.0,0.17359413202933985,0.006838546686816934,0.11530241887325986,0,32.76,0.9841075794621027,0.0,0.14058679706601468,0.006823983616454421,0.11791134278113494
1122,7.32,0,7.32,1.0,0.0,0.01098901098901099,0.01394061550931144,0.17212178983445242,0,7.32,1.0,0.0,0.027472527472527472,0.01676315994387708,0.30399551494406835
1123,13.4,0,13.4,0.9850299401197605,0.0,0.16167664670658682,0.00705562543218235,0.11947650608065306,0,13.4,0.9790419161676647,0.0,0.47904191616766467,0.00480530813661694,0.05502766480970308
1124,10.96,0,10.96,0.9816849816849816,0.0,0.1978021978021978,0.00889819877891955,0.22353588056538887,0,10.96,0.9926739926739927,0.0,0.1575091575091575,0.0120566682837181,0.21467570084253923
