data_source,prompt,ability,reward_model,extra_info
SpatialCLI-Train,"[{'role': 'user', 'content': '<image><image>\nBased on the first image, which object is closer to the camera: the orange toy fighter jet or the white capsule-shaped case? Additionally, in what direction did the camera move and rotate to capture the second image?\nOptions:\nA: The orange toy fighter jet is closer; the camera moved forward-left and rotated down.\nB: The orange toy fighter jet is closer; the camera moved forward-left and rotated up.\nC: The white capsule-shaped case is closer; the camera moved forward-left and rotated down.\nD: The orange toy fighter jet is closer; the camera moved backward-right and rotated up.\nE: The white capsule-shaped case is closer; the camera moved backward-left and rotated down.\nF: The white capsule-shaped case is closer; the camera moved forward-right and rotated up.\nBefore choosing, briefly state the relevant facts and verify every clause of the selected option against all evidence available during solving. For any depth observations, smaller values mean closer; do not retain an earlier visual guess after receiving stronger evidence. Please show your choice in the answer field with only the choice letter, e.g., {""answer"": ""C""}.'}]",SpatialCLI-Train,"{'ground_truth': 'C', 'style': 'rule'}","{'index': 0, 'record_id': 'mindcube-bench-1cebdf678cb05bb5', 'source_dataset': 'mindcube', 'source_type': 'MindCubeBench', 'answer': 'C', 'required_capabilities': 'DP', 'difficulty_bucket': 'medium', 'num_images': 2, 'num_options': 6, 'question': 'Based on the first image, which object is closer to the camera: the orange toy fighter jet or the white capsule-shaped case? Additionally, in what direction did the camera move and rotate to capture the second image?\nOptions:\nA: The orange toy fighter jet is closer; the camera moved forward-left and rotated down.\nB: The orange toy fighter jet is closer; the camera moved forward-left and rotated up.\nC: The white capsule-shaped case is closer; the camera moved forward-left and rotated down.\nD: The orange toy fighter jet is closer; the camera moved backward-right and rotated up.\nE: The white capsule-shaped case is closer; the camera moved backward-left and rotated down.\nF: The white capsule-shaped case is closer; the camera moved forward-right and rotated up.\nBefore choosing, briefly state the relevant facts and verify every clause of the selected option against all evidence available during solving. For any depth observations, smaller values mean closer; do not retain an earlier visual guess after receiving stronger evidence. Please show your choice in the answer field with only the choice letter, e.g., {""answer"": ""C""}.', 'split': 'bench'}"
SpatialCLI-Train,"[{'role': 'user', 'content': '<image>\nWhere in the image is the white watering can located relative to the Soft Scrub bottle, and which of the two objects is closer to the camera?\nOptions:\nA: The watering can is higher and to the right in the image, and the watering can is closer to the camera.\nB: The watering can is lower and to the left in the image, and the Soft Scrub bottle is closer to the camera.\nC: The watering can is lower and to the left in the image, and the watering can is closer to the camera.\nD: The watering can is lower and to the right in the image, and the watering can is closer to the camera.\nE: The watering can is lower and to the right in the image, and the Soft Scrub bottle is closer to the camera.\nF: The watering can is higher and to the right in the image, and the Soft Scrub bottle is closer to the camera.\nBefore choosing, briefly state the relevant facts and verify every clause of the selected option against all evidence available during solving. For any depth observations, smaller values mean closer; do not retain an earlier visual guess after receiving stronger evidence. Please show your choice in the answer field with only the choice letter, e.g., {""answer"": ""C""}.'}]",SpatialCLI-Train,"{'ground_truth': 'E', 'style': 'rule'}","{'index': 1, 'record_id': 'bopask-object-rearrangement-e8c048940aec289b', 'source_dataset': 'bopask', 'source_type': 'Object-Rearrangement', 'answer': 'E', 'required_capabilities': 'GD', 'difficulty_bucket': 'medium', 'num_images': 1, 'num_options': 6, 'question': 'Where in the image is the white watering can located relative to the Soft Scrub bottle, and which of the two objects is closer to the camera?\nOptions:\nA: The watering can is higher and to the right in the image, and the watering can is closer to the camera.\nB: The watering can is lower and to the left in the image, and the Soft Scrub bottle is closer to the camera.\nC: The watering can is lower and to the left in the image, and the watering can is closer to the camera.\nD: The watering can is lower and to the right in the image, and the watering can is closer to the camera.\nE: The watering can is lower and to the right in the image, and the Soft Scrub bottle is closer to the camera.\nF: The watering can is higher and to the right in the image, and the Soft Scrub bottle is closer to the camera.\nBefore choosing, briefly state the relevant facts and verify every clause of the selected option against all evidence available during solving. For any depth observations, smaller values mean closer; do not retain an earlier visual guess after receiving stronger evidence. Please show your choice in the answer field with only the choice letter, e.g., {""answer"": ""C""}.', 'split': 'bench'}"
SpatialCLI-Train,"[{'role': 'user', 'content': '<image><image>\nIn the first image, consider the blue aerosol can and the red and blue athletic shoe. Based on their 2D center points, which object is located higher up (has a smaller y-coordinate), and what is the direction of the camera\'s translation from the first to the second view?\nOptions:\nA: The shoe is located higher up; the camera translates forward-right.\nB: The shoe is located higher up; the camera translates forward-left.\nC: The can is located higher up; the camera translates forward-right.\nD: The can is located higher up; the camera translates backward-left.\nE: The shoe is located higher up; the camera translates backward-left.\nF: The can is located higher up; the camera translates forward-left.\nBefore choosing, briefly state the relevant facts and verify every clause of the selected option against all evidence available during solving. For any depth observations, smaller values mean closer; do not retain an earlier visual guess after receiving stronger evidence. Please show your choice in the answer field with only the choice letter, e.g., {""answer"": ""C""}.'}]",SpatialCLI-Train,"{'ground_truth': 'A', 'style': 'rule'}","{'index': 2, 'record_id': 'mindcube-bench-ddbbfdfc0740ebe2', 'source_dataset': 'mindcube', 'source_type': 'MindCubeBench', 'answer': 'A', 'required_capabilities': 'GP', 'difficulty_bucket': 'medium', 'num_images': 2, 'num_options': 6, 'question': 'In the first image, consider the blue aerosol can and the red and blue athletic shoe. Based on their 2D center points, which object is located higher up (has a smaller y-coordinate), and what is the direction of the camera\'s translation from the first to the second view?\nOptions:\nA: The shoe is located higher up; the camera translates forward-right.\nB: The shoe is located higher up; the camera translates forward-left.\nC: The can is located higher up; the camera translates forward-right.\nD: The can is located higher up; the camera translates backward-left.\nE: The shoe is located higher up; the camera translates backward-left.\nF: The can is located higher up; the camera translates forward-left.\nBefore choosing, briefly state the relevant facts and verify every clause of the selected option against all evidence available during solving. For any depth observations, smaller values mean closer; do not retain an earlier visual guess after receiving stronger evidence. Please show your choice in the answer field with only the choice letter, e.g., {""answer"": ""C""}.', 'split': 'bench'}"
SpatialCLI-Train,"[{'role': 'user', 'content': '<image><image>\nBetween the first and second images, how does the camera\'s distance to the yellow toy helicopter change, and in which direction does the camera rotate its view?\nOptions:\nA: The distance to the yellow toy helicopter decreases, and the camera rotates its view to the left.\nB: The distance to the yellow toy helicopter increases, and the camera rotates its view to the right.\nC: The distance to the yellow toy helicopter decreases, and the camera rotates its view upward.\nD: The distance to the yellow toy helicopter increases, and the camera rotates its view to the left.\nE: The distance to the yellow toy helicopter increases, and the camera rotates its view upward.\nF: The distance to the yellow toy helicopter decreases, and the camera rotates its view to the right.\nBefore choosing, briefly state the relevant facts and verify every clause of the selected option against all evidence available during solving. For any depth observations, smaller values mean closer; do not retain an earlier visual guess after receiving stronger evidence. Please show your choice in the answer field with only the choice letter, e.g., {""answer"": ""C""}.'}]",SpatialCLI-Train,"{'ground_truth': 'F', 'style': 'rule'}","{'index': 3, 'record_id': 'mindcube-bench-d38b78e3e7ed70e0', 'source_dataset': 'mindcube', 'source_type': 'MindCubeBench', 'answer': 'F', 'required_capabilities': 'DP', 'difficulty_bucket': 'hard', 'num_images': 2, 'num_options': 6, 'question': 'Between the first and second images, how does the camera\'s distance to the yellow toy helicopter change, and in which direction does the camera rotate its view?\nOptions:\nA: The distance to the yellow toy helicopter decreases, and the camera rotates its view to the left.\nB: The distance to the yellow toy helicopter increases, and the camera rotates its view to the right.\nC: The distance to the yellow toy helicopter decreases, and the camera rotates its view upward.\nD: The distance to the yellow toy helicopter increases, and the camera rotates its view to the left.\nE: The distance to the yellow toy helicopter increases, and the camera rotates its view upward.\nF: The distance to the yellow toy helicopter decreases, and the camera rotates its view to the right.\nBefore choosing, briefly state the relevant facts and verify every clause of the selected option against all evidence available during solving. For any depth observations, smaller values mean closer; do not retain an earlier visual guess after receiving stronger evidence. Please show your choice in the answer field with only the choice letter, e.g., {""answer"": ""C""}.', 'split': 'bench'}"
SpatialCLI-Train,"[{'role': 'user', 'content': '<image>\nConsider the ceiling light fixture and the silver range hood. Which object is located higher in the image, which one is closer to the camera, and which side of the range hood is visible?\nOptions:\nA: The ceiling light fixture is higher in the image, the range hood is closer to the camera, and the back of the range hood is visible.\nB: The range hood is higher in the image, the ceiling light fixture is closer to the camera, and the front of the range hood is visible.\nC: The ceiling light fixture is higher in the image, the range hood is closer to the camera, and the front of the range hood is visible.\nD: The range hood is higher in the image and closer to the camera, and the front of the range hood is visible.\nE: The ceiling light fixture is higher in the image and closer to the camera, and the back of the range hood is visible.\nF: The ceiling light fixture is higher in the image and closer to the camera, and the front of the range hood is visible.\nBefore choosing, briefly state the relevant facts and verify every clause of the selected option against all evidence available during solving. For any depth observations, smaller values mean closer; do not retain an earlier visual guess after receiving stronger evidence. Please show your choice in the answer field with only the choice letter, e.g., {""answer"": ""C""}.'}]",SpatialCLI-Train,"{'ground_truth': 'F', 'style': 'rule'}","{'index': 4, 'record_id': 'refspatial-3D-reasoning_template_qa-2b0cc7cedd202e66', 'source_dataset': 'refspatial', 'source_type': '3D/reasoning_template_qa', 'answer': 'F', 'required_capabilities': 'GDP', 'difficulty_bucket': 'medium', 'num_images': 1, 'num_options': 6, 'question': 'Consider the ceiling light fixture and the silver range hood. Which object is located higher in the image, which one is closer to the camera, and which side of the range hood is visible?\nOptions:\nA: The ceiling light fixture is higher in the image, the range hood is closer to the camera, and the back of the range hood is visible.\nB: The range hood is higher in the image, the ceiling light fixture is closer to the camera, and the front of the range hood is visible.\nC: The ceiling light fixture is higher in the image, the range hood is closer to the camera, and the front of the range hood is visible.\nD: The range hood is higher in the image and closer to the camera, and the front of the range hood is visible.\nE: The ceiling light fixture is higher in the image and closer to the camera, and the back of the range hood is visible.\nF: The ceiling light fixture is higher in the image and closer to the camera, and the front of the range hood is visible.\nBefore choosing, briefly state the relevant facts and verify every clause of the selected option against all evidence available during solving. For any depth observations, smaller values mean closer; do not retain an earlier visual guess after receiving stronger evidence. Please show your choice in the answer field with only the choice letter, e.g., {""answer"": ""C""}.', 'split': 'bench'}"
SpatialCLI-Train,"[{'role': 'user', 'content': '<image><image>\nConsider the first image. Comparing the 2D image-plane centers of the bright pink ball and the black backpack, which object is located higher (closer to the top edge of the image)? Additionally, what is the position direction of the camera\'s motion from the first image to the second?\nOptions:\nA: The black backpack is higher; the camera\'s position direction is backward-left.\nB: The bright pink ball is higher; the camera\'s position direction is backward-left.\nC: The black backpack is higher; the camera\'s position direction is forward-left.\nD: The bright pink ball is higher; the camera\'s position direction is forward-right.\nE: The bright pink ball is higher; the camera\'s position direction is forward-left.\nF: The black backpack is higher; the camera\'s position direction is forward-right.\nBefore choosing, briefly state the relevant facts and verify every clause of the selected option against all evidence available during solving. For any depth observations, smaller values mean closer; do not retain an earlier visual guess after receiving stronger evidence. Please show your choice in the answer field with only the choice letter, e.g., {""answer"": ""C""}.'}]",SpatialCLI-Train,"{'ground_truth': 'C', 'style': 'rule'}","{'index': 5, 'record_id': 'mindcube-bench-32702c89ff4b9fba', 'source_dataset': 'mindcube', 'source_type': 'MindCubeBench', 'answer': 'C', 'required_capabilities': 'GP', 'difficulty_bucket': 'medium', 'num_images': 2, 'num_options': 6, 'question': 'Consider the first image. Comparing the 2D image-plane centers of the bright pink ball and the black backpack, which object is located higher (closer to the top edge of the image)? Additionally, what is the position direction of the camera\'s motion from the first image to the second?\nOptions:\nA: The black backpack is higher; the camera\'s position direction is backward-left.\nB: The bright pink ball is higher; the camera\'s position direction is backward-left.\nC: The black backpack is higher; the camera\'s position direction is forward-left.\nD: The bright pink ball is higher; the camera\'s position direction is forward-right.\nE: The bright pink ball is higher; the camera\'s position direction is forward-left.\nF: The black backpack is higher; the camera\'s position direction is forward-right.\nBefore choosing, briefly state the relevant facts and verify every clause of the selected option against all evidence available during solving. For any depth observations, smaller values mean closer; do not retain an earlier visual guess after receiving stronger evidence. Please show your choice in the answer field with only the choice letter, e.g., {""answer"": ""C""}.', 'split': 'bench'}"
SpatialCLI-Train,"[{'role': 'user', 'content': '<image>\nBetween the toy cow and the orange juice carton, which object is located further to the right in the image, which one is closer to the camera, and which side of the toy cow is visible?\nOptions:\nA: Further right: orange juice carton; Closer: toy cow; Cow\'s visible side: front-right\nB: Further right: toy cow; Closer: orange juice carton; Cow\'s visible side: front-right\nC: Further right: orange juice carton; Closer: toy cow; Cow\'s visible side: front-left\nD: Further right: toy cow; Closer: toy cow; Cow\'s visible side: front-left\nE: Further right: orange juice carton; Closer: orange juice carton; Cow\'s visible side: front-right\nF: Further right: orange juice carton; Closer: orange juice carton; Cow\'s visible side: front-left\nBefore choosing, briefly state the relevant facts and verify every clause of the selected option against all evidence available during solving. For any depth observations, smaller values mean closer; do not retain an earlier visual guess after receiving stronger evidence. Please show your choice in the answer field with only the choice letter, e.g., {""answer"": ""C""}.'}]",SpatialCLI-Train,"{'ground_truth': 'E', 'style': 'rule'}","{'index': 6, 'record_id': 'bopask-object-rearrangement-fc7a4356118224dc', 'source_dataset': 'bopask', 'source_type': 'Object-Rearrangement', 'answer': 'E', 'required_capabilities': 'GDP', 'difficulty_bucket': 'easy', 'num_images': 1, 'num_options': 6, 'question': 'Between the toy cow and the orange juice carton, which object is located further to the right in the image, which one is closer to the camera, and which side of the toy cow is visible?\nOptions:\nA: Further right: orange juice carton; Closer: toy cow; Cow\'s visible side: front-right\nB: Further right: toy cow; Closer: orange juice carton; Cow\'s visible side: front-right\nC: Further right: orange juice carton; Closer: toy cow; Cow\'s visible side: front-left\nD: Further right: toy cow; Closer: toy cow; Cow\'s visible side: front-left\nE: Further right: orange juice carton; Closer: orange juice carton; Cow\'s visible side: front-right\nF: Further right: orange juice carton; Closer: orange juice carton; Cow\'s visible side: front-left\nBefore choosing, briefly state the relevant facts and verify every clause of the selected option against all evidence available during solving. For any depth observations, smaller values mean closer; do not retain an earlier visual guess after receiving stronger evidence. Please show your choice in the answer field with only the choice letter, e.g., {""answer"": ""C""}.', 'split': 'bench'}"
SpatialCLI-Train,"[{'role': 'user', 'content': '<image>\nAmong the wooden podium, the man speaking at the podium, and the woman clapping in the tan jacket, which appears lowest in the image (closest to the bottom edge), and which is furthest from the camera?\nOptions:\nA: Lowest is the woman in the tan jacket; furthest is the wooden podium.\nB: Lowest is the man speaking; furthest is the woman in the tan jacket.\nC: Lowest is the wooden podium; furthest is the wooden podium.\nD: Lowest is the wooden podium; furthest is the man speaking.\nE: Lowest is the man speaking; furthest is the wooden podium.\nF: Lowest is the woman in the tan jacket; furthest is the man speaking.\nBefore choosing, briefly state the relevant facts and verify every clause of the selected option against all evidence available during solving. For any depth observations, smaller values mean closer; do not retain an earlier visual guess after receiving stronger evidence. Please show your choice in the answer field with only the choice letter, e.g., {""answer"": ""C""}.'}]",SpatialCLI-Train,"{'ground_truth': 'D', 'style': 'rule'}","{'index': 7, 'record_id': 'refspatial-2D-choice_qa-69c87efc98d828fb', 'source_dataset': 'refspatial', 'source_type': '2D/choice_qa', 'answer': 'D', 'required_capabilities': 'GD', 'difficulty_bucket': 'medium', 'num_images': 1, 'num_options': 6, 'question': 'Among the wooden podium, the man speaking at the podium, and the woman clapping in the tan jacket, which appears lowest in the image (closest to the bottom edge), and which is furthest from the camera?\nOptions:\nA: Lowest is the woman in the tan jacket; furthest is the wooden podium.\nB: Lowest is the man speaking; furthest is the woman in the tan jacket.\nC: Lowest is the wooden podium; furthest is the wooden podium.\nD: Lowest is the wooden podium; furthest is the man speaking.\nE: Lowest is the man speaking; furthest is the wooden podium.\nF: Lowest is the woman in the tan jacket; furthest is the man speaking.\nBefore choosing, briefly state the relevant facts and verify every clause of the selected option against all evidence available during solving. For any depth observations, smaller values mean closer; do not retain an earlier visual guess after receiving stronger evidence. Please show your choice in the answer field with only the choice letter, e.g., {""answer"": ""C""}.', 'split': 'bench'}"
SpatialCLI-Train,"[{'role': 'user', 'content': '<image><image>\nBased on the two images, consider the cylindrical wooden side table and the blue glove on the floor in the first image. Which of these two objects is closer to the camera, which object appears further to the right in the image, and in which direction did the camera change position to capture the second image?\nOptions:\nA: Closer: blue glove; Further right: blue glove; Camera position moved: right\nB: Closer: side table; Further right: blue glove; Camera position moved: down\nC: Closer: side table; Further right: blue glove; Camera position moved: right\nD: Closer: side table; Further right: blue glove; Camera position moved: up\nE: Closer: side table; Further right: blue glove; Camera position moved: left\nF: Closer: side table; Further right: side table; Camera position moved: right\nBefore choosing, briefly state the relevant facts and verify every clause of the selected option against all evidence available during solving. For any depth observations, smaller values mean closer; do not retain an earlier visual guess after receiving stronger evidence. Please show your choice in the answer field with only the choice letter, e.g., {""answer"": ""C""}.'}]",SpatialCLI-Train,"{'ground_truth': 'C', 'style': 'rule'}","{'index': 8, 'record_id': 'refspatial-3D-multi_view_qa-670e16663a2c5a42', 'source_dataset': 'refspatial', 'source_type': '3D/multi_view_qa', 'answer': 'C', 'required_capabilities': 'GDP', 'difficulty_bucket': 'medium', 'num_images': 2, 'num_options': 6, 'question': 'Based on the two images, consider the cylindrical wooden side table and the blue glove on the floor in the first image. Which of these two objects is closer to the camera, which object appears further to the right in the image, and in which direction did the camera change position to capture the second image?\nOptions:\nA: Closer: blue glove; Further right: blue glove; Camera position moved: right\nB: Closer: side table; Further right: blue glove; Camera position moved: down\nC: Closer: side table; Further right: blue glove; Camera position moved: right\nD: Closer: side table; Further right: blue glove; Camera position moved: up\nE: Closer: side table; Further right: blue glove; Camera position moved: left\nF: Closer: side table; Further right: side table; Camera position moved: right\nBefore choosing, briefly state the relevant facts and verify every clause of the selected option against all evidence available during solving. For any depth observations, smaller values mean closer; do not retain an earlier visual guess after receiving stronger evidence. Please show your choice in the answer field with only the choice letter, e.g., {""answer"": ""C""}.', 'split': 'bench'}"
SpatialCLI-Train,"[{'role': 'user', 'content': '<image>\nConsider the closed wooden door with glass panels in the background and the white square light switch on the wall. Which object is located further to the right in the image, which object is physically closer to the camera, and which side of the closed wooden door is visible?\nOptions:\nA: The light switch is further right, the closed door is closer, and the front side of the door is visible\nB: The closed door is further right, the closed door is closer, and the front side of the door is visible\nC: The light switch is further right, the light switch is closer, and the front side of the door is visible\nD: The light switch is further right, the closed door is closer, and the back side of the door is visible\nE: The closed door is further right, the light switch is closer, and the front side of the door is visible\nF: The light switch is further right, the light switch is closer, and the back side of the door is visible\nBefore choosing, briefly state the relevant facts and verify every clause of the selected option against all evidence available during solving. For any depth observations, smaller values mean closer; do not retain an earlier visual guess after receiving stronger evidence. Please show your choice in the answer field with only the choice letter, e.g., {""answer"": ""C""}.'}]",SpatialCLI-Train,"{'ground_truth': 'C', 'style': 'rule'}","{'index': 9, 'record_id': 'refspatial-3D-vacant_qa-eed7b1d244240a7f', 'source_dataset': 'refspatial', 'source_type': '3D/vacant_qa', 'answer': 'C', 'required_capabilities': 'GDP', 'difficulty_bucket': 'medium', 'num_images': 1, 'num_options': 6, 'question': 'Consider the closed wooden door with glass panels in the background and the white square light switch on the wall. Which object is located further to the right in the image, which object is physically closer to the camera, and which side of the closed wooden door is visible?\nOptions:\nA: The light switch is further right, the closed door is closer, and the front side of the door is visible\nB: The closed door is further right, the closed door is closer, and the front side of the door is visible\nC: The light switch is further right, the light switch is closer, and the front side of the door is visible\nD: The light switch is further right, the closed door is closer, and the back side of the door is visible\nE: The closed door is further right, the light switch is closer, and the front side of the door is visible\nF: The light switch is further right, the light switch is closer, and the back side of the door is visible\nBefore choosing, briefly state the relevant facts and verify every clause of the selected option against all evidence available during solving. For any depth observations, smaller values mean closer; do not retain an earlier visual guess after receiving stronger evidence. Please show your choice in the answer field with only the choice letter, e.g., {""answer"": ""C""}.', 'split': 'bench'}"
SpatialCLI-Train,"[{'role': 'user', 'content': '<image>\nConsider the wooden side table and the large beige armchair. Which side of the wooden side table is visible to the camera, which of the two objects is closer to the camera, and do their 2D bounding boxes overlap horizontally in the image?\nOptions:\nA: The left side is visible, the armchair is closer, and their 2D bounding boxes overlap horizontally.\nB: The left side is visible, the side table is closer, and their 2D bounding boxes overlap horizontally.\nC: The right side is visible, the armchair is closer, and their 2D bounding boxes overlap horizontally.\nD: The front side is visible, the side table is closer, and their 2D bounding boxes do not overlap horizontally.\nE: The front side is visible, the armchair is closer, and their 2D bounding boxes overlap horizontally.\nF: The left side is visible, the armchair is closer, and their 2D bounding boxes do not overlap horizontally.\nBefore choosing, briefly state the relevant facts and verify every clause of the selected option against all evidence available during solving. For any depth observations, smaller values mean closer; do not retain an earlier visual guess after receiving stronger evidence. Please show your choice in the answer field with only the choice letter, e.g., {""answer"": ""C""}.'}]",SpatialCLI-Train,"{'ground_truth': 'A', 'style': 'rule'}","{'index': 10, 'record_id': 'refspatial-3D-vacant_qa-1e821283eaeb43e0', 'source_dataset': 'refspatial', 'source_type': '3D/vacant_qa', 'answer': 'A', 'required_capabilities': 'GDP', 'difficulty_bucket': 'medium', 'num_images': 1, 'num_options': 6, 'question': 'Consider the wooden side table and the large beige armchair. Which side of the wooden side table is visible to the camera, which of the two objects is closer to the camera, and do their 2D bounding boxes overlap horizontally in the image?\nOptions:\nA: The left side is visible, the armchair is closer, and their 2D bounding boxes overlap horizontally.\nB: The left side is visible, the side table is closer, and their 2D bounding boxes overlap horizontally.\nC: The right side is visible, the armchair is closer, and their 2D bounding boxes overlap horizontally.\nD: The front side is visible, the side table is closer, and their 2D bounding boxes do not overlap horizontally.\nE: The front side is visible, the armchair is closer, and their 2D bounding boxes overlap horizontally.\nF: The left side is visible, the armchair is closer, and their 2D bounding boxes do not overlap horizontally.\nBefore choosing, briefly state the relevant facts and verify every clause of the selected option against all evidence available during solving. For any depth observations, smaller values mean closer; do not retain an earlier visual guess after receiving stronger evidence. Please show your choice in the answer field with only the choice letter, e.g., {""answer"": ""C""}.', 'split': 'bench'}"
SpatialCLI-Train,"[{'role': 'user', 'content': '<image><image>\nBased on the provided images, which object is closer to the camera in the first image, and what was the camera\'s movement to capture the second image?\nOptions:\nA: The light green slide sandal is closer; the camera moved forward-left and its view rotated right.\nB: The black remote control is closer; the camera moved forward-left and its view rotated right.\nC: The light green slide sandal is closer; the camera moved forward-right and its view rotated left.\nD: The black remote control is closer; the camera moved forward-left and its view rotated left.\nE: The black remote control is closer; the camera moved forward-right and its view rotated left.\nF: The light green slide sandal is closer; the camera moved forward-left and its view rotated left.\nBefore choosing, briefly state the relevant facts and verify every clause of the selected option against all evidence available during solving. For any depth observations, smaller values mean closer; do not retain an earlier visual guess after receiving stronger evidence. Please show your choice in the answer field with only the choice letter, e.g., {""answer"": ""C""}.'}]",SpatialCLI-Train,"{'ground_truth': 'F', 'style': 'rule'}","{'index': 11, 'record_id': 'mindcube-bench-475bb7aee20e2683', 'source_dataset': 'mindcube', 'source_type': 'MindCubeBench', 'answer': 'F', 'required_capabilities': 'DP', 'difficulty_bucket': 'hard', 'num_images': 2, 'num_options': 6, 'question': 'Based on the provided images, which object is closer to the camera in the first image, and what was the camera\'s movement to capture the second image?\nOptions:\nA: The light green slide sandal is closer; the camera moved forward-left and its view rotated right.\nB: The black remote control is closer; the camera moved forward-left and its view rotated right.\nC: The light green slide sandal is closer; the camera moved forward-right and its view rotated left.\nD: The black remote control is closer; the camera moved forward-left and its view rotated left.\nE: The black remote control is closer; the camera moved forward-right and its view rotated left.\nF: The light green slide sandal is closer; the camera moved forward-left and its view rotated left.\nBefore choosing, briefly state the relevant facts and verify every clause of the selected option against all evidence available during solving. For any depth observations, smaller values mean closer; do not retain an earlier visual guess after receiving stronger evidence. Please show your choice in the answer field with only the choice letter, e.g., {""answer"": ""C""}.', 'split': 'bench'}"
SpatialCLI-Train,"[{'role': 'user', 'content': '<image><image>\nBetween the white TV cabinet in the first image and the brown sofa in the second image, which object is located closer to the camera, and in what direction did the camera translate from the first view to the second?\nOptions:\nA: The white TV cabinet is closer, and the camera translated backward-right.\nB: The brown sofa is closer, and the camera translated backward-right.\nC: The white TV cabinet is closer, and the camera translated forward-right.\nD: The brown sofa is closer, and the camera translated forward-right.\nE: The white TV cabinet is closer, and the camera translated forward-left.\nF: The brown sofa is closer, and the camera translated forward-left.\nBefore choosing, briefly state the relevant facts and verify every clause of the selected option against all evidence available during solving. For any depth observations, smaller values mean closer; do not retain an earlier visual guess after receiving stronger evidence. Please show your choice in the answer field with only the choice letter, e.g., {""answer"": ""C""}.'}]",SpatialCLI-Train,"{'ground_truth': 'C', 'style': 'rule'}","{'index': 12, 'record_id': 'mindcube-bench-bb3fee29a0d09c24', 'source_dataset': 'mindcube', 'source_type': 'MindCubeBench', 'answer': 'C', 'required_capabilities': 'DP', 'difficulty_bucket': 'easy', 'num_images': 2, 'num_options': 6, 'question': 'Between the white TV cabinet in the first image and the brown sofa in the second image, which object is located closer to the camera, and in what direction did the camera translate from the first view to the second?\nOptions:\nA: The white TV cabinet is closer, and the camera translated backward-right.\nB: The brown sofa is closer, and the camera translated backward-right.\nC: The white TV cabinet is closer, and the camera translated forward-right.\nD: The brown sofa is closer, and the camera translated forward-right.\nE: The white TV cabinet is closer, and the camera translated forward-left.\nF: The brown sofa is closer, and the camera translated forward-left.\nBefore choosing, briefly state the relevant facts and verify every clause of the selected option against all evidence available during solving. For any depth observations, smaller values mean closer; do not retain an earlier visual guess after receiving stronger evidence. Please show your choice in the answer field with only the choice letter, e.g., {""answer"": ""C""}.', 'split': 'bench'}"
SpatialCLI-Train,"[{'role': 'user', 'content': '<image><image>\nComparing the white sneaker shown in both images, in which image is it closer to the camera, and what was the camera\'s position translation direction from the first image to the second?\nOptions:\nA: Closer in the second image; backward-left\nB: Closer in the second image; forward-right\nC: Closer in the first image; forward-left\nD: Closer in the second image; forward-left\nE: Closer in the first image; forward-right\nF: Closer in the first image; backward-left\nBefore choosing, briefly state the relevant facts and verify every clause of the selected option against all evidence available during solving. For any depth observations, smaller values mean closer; do not retain an earlier visual guess after receiving stronger evidence. Please show your choice in the answer field with only the choice letter, e.g., {""answer"": ""C""}.'}]",SpatialCLI-Train,"{'ground_truth': 'D', 'style': 'rule'}","{'index': 13, 'record_id': 'mindcube-bench-97180f3337222a64', 'source_dataset': 'mindcube', 'source_type': 'MindCubeBench', 'answer': 'D', 'required_capabilities': 'DP', 'difficulty_bucket': 'hard', 'num_images': 2, 'num_options': 6, 'question': 'Comparing the white sneaker shown in both images, in which image is it closer to the camera, and what was the camera\'s position translation direction from the first image to the second?\nOptions:\nA: Closer in the second image; backward-left\nB: Closer in the second image; forward-right\nC: Closer in the first image; forward-left\nD: Closer in the second image; forward-left\nE: Closer in the first image; forward-right\nF: Closer in the first image; backward-left\nBefore choosing, briefly state the relevant facts and verify every clause of the selected option against all evidence available during solving. For any depth observations, smaller values mean closer; do not retain an earlier visual guess after receiving stronger evidence. Please show your choice in the answer field with only the choice letter, e.g., {""answer"": ""C""}.', 'split': 'bench'}"
SpatialCLI-Train,"[{'role': 'user', 'content': '<image><image>\nBased on the first image, which object is closer to the camera: the round black container or the small bottle with purple liquid? Additionally, in what direction did the camera\'s position translate to capture the second image?\nOptions:\nA: The round black container is closer, and the camera translated forward-right.\nB: The small bottle with purple liquid is closer, and the camera translated forward-right.\nC: The small bottle with purple liquid is closer, and the camera translated backward-left.\nD: The round black container is closer, and the camera translated backward-left.\nE: The round black container is closer, and the camera translated forward-left.\nF: The small bottle with purple liquid is closer, and the camera translated forward-left.\nBefore choosing, briefly state the relevant facts and verify every clause of the selected option against all evidence available during solving. For any depth observations, smaller values mean closer; do not retain an earlier visual guess after receiving stronger evidence. Please show your choice in the answer field with only the choice letter, e.g., {""answer"": ""C""}.'}]",SpatialCLI-Train,"{'ground_truth': 'A', 'style': 'rule'}","{'index': 14, 'record_id': 'mindcube-bench-371d237d5bc1bd36', 'source_dataset': 'mindcube', 'source_type': 'MindCubeBench', 'answer': 'A', 'required_capabilities': 'DP', 'difficulty_bucket': 'medium', 'num_images': 2, 'num_options': 6, 'question': 'Based on the first image, which object is closer to the camera: the round black container or the small bottle with purple liquid? Additionally, in what direction did the camera\'s position translate to capture the second image?\nOptions:\nA: The round black container is closer, and the camera translated forward-right.\nB: The small bottle with purple liquid is closer, and the camera translated forward-right.\nC: The small bottle with purple liquid is closer, and the camera translated backward-left.\nD: The round black container is closer, and the camera translated backward-left.\nE: The round black container is closer, and the camera translated forward-left.\nF: The small bottle with purple liquid is closer, and the camera translated forward-left.\nBefore choosing, briefly state the relevant facts and verify every clause of the selected option against all evidence available during solving. For any depth observations, smaller values mean closer; do not retain an earlier visual guess after receiving stronger evidence. Please show your choice in the answer field with only the choice letter, e.g., {""answer"": ""C""}.', 'split': 'bench'}"
SpatialCLI-Train,"[{'role': 'user', 'content': '<image>\nWhich of the following statements correctly describes the relative position and distance of the blue metal clamp and the red and white milk carton?\nOptions:\nA: The blue metal clamp is higher in the image and closer to the camera.\nB: The red and white milk carton is higher in the image and further from the camera.\nC: The red and white milk carton is lower in the image and further from the camera.\nD: The blue metal clamp is higher in the image and further from the camera.\nE: The red and white milk carton is higher in the image and closer to the camera.\nF: The blue metal clamp is lower in the image and further from the camera.\nBefore choosing, briefly state the relevant facts and verify every clause of the selected option against all evidence available during solving. For any depth observations, smaller values mean closer; do not retain an earlier visual guess after receiving stronger evidence. Please show your choice in the answer field with only the choice letter, e.g., {""answer"": ""C""}.'}]",SpatialCLI-Train,"{'ground_truth': 'D', 'style': 'rule'}","{'index': 15, 'record_id': 'bopask-trajectory-fac5b10622801d48', 'source_dataset': 'bopask', 'source_type': 'Trajectory', 'answer': 'D', 'required_capabilities': 'GD', 'difficulty_bucket': 'easy', 'num_images': 1, 'num_options': 6, 'question': 'Which of the following statements correctly describes the relative position and distance of the blue metal clamp and the red and white milk carton?\nOptions:\nA: The blue metal clamp is higher in the image and closer to the camera.\nB: The red and white milk carton is higher in the image and further from the camera.\nC: The red and white milk carton is lower in the image and further from the camera.\nD: The blue metal clamp is higher in the image and further from the camera.\nE: The red and white milk carton is higher in the image and closer to the camera.\nF: The blue metal clamp is lower in the image and further from the camera.\nBefore choosing, briefly state the relevant facts and verify every clause of the selected option against all evidence available during solving. For any depth observations, smaller values mean closer; do not retain an earlier visual guess after receiving stronger evidence. Please show your choice in the answer field with only the choice letter, e.g., {""answer"": ""C""}.', 'split': 'bench'}"
SpatialCLI-Train,"[{'role': 'user', 'content': '<image><image>\nBased on the first image, where is the grey refrigerator located relative to the white computer mouse, and in which direction does the camera move to capture the second image?\nOptions:\nA: The refrigerator is to the left of the mouse; the camera moves forward-left.\nB: The refrigerator is to the right of the mouse; the camera moves forward-left.\nC: The refrigerator is to the left of the mouse; the camera moves backward-right.\nD: The refrigerator is to the left of the mouse; the camera moves forward-right.\nE: The refrigerator is to the right of the mouse; the camera moves forward-right.\nF: The refrigerator is to the right of the mouse; the camera moves backward-right.\nBefore choosing, briefly state the relevant facts and verify every clause of the selected option against all evidence available during solving. For any depth observations, smaller values mean closer; do not retain an earlier visual guess after receiving stronger evidence. Please show your choice in the answer field with only the choice letter, e.g., {""answer"": ""C""}.'}]",SpatialCLI-Train,"{'ground_truth': 'A', 'style': 'rule'}","{'index': 16, 'record_id': 'mindcube-bench-b01f78a4a8b6d8ef', 'source_dataset': 'mindcube', 'source_type': 'MindCubeBench', 'answer': 'A', 'required_capabilities': 'GP', 'difficulty_bucket': 'easy', 'num_images': 2, 'num_options': 6, 'question': 'Based on the first image, where is the grey refrigerator located relative to the white computer mouse, and in which direction does the camera move to capture the second image?\nOptions:\nA: The refrigerator is to the left of the mouse; the camera moves forward-left.\nB: The refrigerator is to the right of the mouse; the camera moves forward-left.\nC: The refrigerator is to the left of the mouse; the camera moves backward-right.\nD: The refrigerator is to the left of the mouse; the camera moves forward-right.\nE: The refrigerator is to the right of the mouse; the camera moves forward-right.\nF: The refrigerator is to the right of the mouse; the camera moves backward-right.\nBefore choosing, briefly state the relevant facts and verify every clause of the selected option against all evidence available during solving. For any depth observations, smaller values mean closer; do not retain an earlier visual guess after receiving stronger evidence. Please show your choice in the answer field with only the choice letter, e.g., {""answer"": ""C""}.', 'split': 'bench'}"
SpatialCLI-Train,"[{'role': 'user', 'content': '<image><image>\nWhen comparing the camera\'s pose in the first image to its pose in the second image, what is its translation and view rotation direction, and in the first image, which object is closer to the camera: the cardboard box with the Amazon logo or the black office chair?\nOptions:\nA: The camera translation was backward-left and its rotation was left; the cardboard box is closer.\nB: The camera translation was forward-left and its rotation was left; the cardboard box is closer.\nC: The camera translation was backward-left and its rotation was left; the office chair is closer.\nD: The camera translation was forward-right and its rotation was right; the office chair is closer.\nE: The camera translation was forward-right and its rotation was right; the cardboard box is closer.\nF: The camera translation was forward-left and its rotation was left; the office chair is closer.\nBefore choosing, briefly state the relevant facts and verify every clause of the selected option against all evidence available during solving. For any depth observations, smaller values mean closer; do not retain an earlier visual guess after receiving stronger evidence. Please show your choice in the answer field with only the choice letter, e.g., {""answer"": ""C""}.'}]",SpatialCLI-Train,"{'ground_truth': 'E', 'style': 'rule'}","{'index': 17, 'record_id': 'mindcube-bench-acfa102b7255f8f8', 'source_dataset': 'mindcube', 'source_type': 'MindCubeBench', 'answer': 'E', 'required_capabilities': 'DP', 'difficulty_bucket': 'medium', 'num_images': 2, 'num_options': 6, 'question': 'When comparing the camera\'s pose in the first image to its pose in the second image, what is its translation and view rotation direction, and in the first image, which object is closer to the camera: the cardboard box with the Amazon logo or the black office chair?\nOptions:\nA: The camera translation was backward-left and its rotation was left; the cardboard box is closer.\nB: The camera translation was forward-left and its rotation was left; the cardboard box is closer.\nC: The camera translation was backward-left and its rotation was left; the office chair is closer.\nD: The camera translation was forward-right and its rotation was right; the office chair is closer.\nE: The camera translation was forward-right and its rotation was right; the cardboard box is closer.\nF: The camera translation was forward-left and its rotation was left; the office chair is closer.\nBefore choosing, briefly state the relevant facts and verify every clause of the selected option against all evidence available during solving. For any depth observations, smaller values mean closer; do not retain an earlier visual guess after receiving stronger evidence. Please show your choice in the answer field with only the choice letter, e.g., {""answer"": ""C""}.', 'split': 'bench'}"
SpatialCLI-Train,"[{'role': 'user', 'content': '<image><image>\nBased on the first image, compare the black bag with white text and the black leather couch. Which object is closer to the camera, which object is located further to the left in the image, and what is the direction of the camera\'s translation from the first to the second image?\nOptions:\nA: The black leather couch is closer, the black leather couch is further to the left, and the camera moved forward-right.\nB: The black bag with white text is closer, the black leather couch is further to the left, and the camera moved backward-right.\nC: The black bag with white text is closer, the black bag with white text is further to the left, and the camera moved forward-right.\nD: The black bag with white text is closer, the black leather couch is further to the left, and the camera moved forward-left.\nE: The black leather couch is closer, the black bag with white text is further to the left, and the camera moved forward-left.\nF: The black bag with white text is closer, the black leather couch is further to the left, and the camera moved forward-right.\nBefore choosing, briefly state the relevant facts and verify every clause of the selected option against all evidence available during solving. For any depth observations, smaller values mean closer; do not retain an earlier visual guess after receiving stronger evidence. Please show your choice in the answer field with only the choice letter, e.g., {""answer"": ""C""}.'}]",SpatialCLI-Train,"{'ground_truth': 'F', 'style': 'rule'}","{'index': 18, 'record_id': 'mindcube-bench-07112252dd6431c0', 'source_dataset': 'mindcube', 'source_type': 'MindCubeBench', 'answer': 'F', 'required_capabilities': 'GDP', 'difficulty_bucket': 'hard', 'num_images': 2, 'num_options': 6, 'question': 'Based on the first image, compare the black bag with white text and the black leather couch. Which object is closer to the camera, which object is located further to the left in the image, and what is the direction of the camera\'s translation from the first to the second image?\nOptions:\nA: The black leather couch is closer, the black leather couch is further to the left, and the camera moved forward-right.\nB: The black bag with white text is closer, the black leather couch is further to the left, and the camera moved backward-right.\nC: The black bag with white text is closer, the black bag with white text is further to the left, and the camera moved forward-right.\nD: The black bag with white text is closer, the black leather couch is further to the left, and the camera moved forward-left.\nE: The black leather couch is closer, the black bag with white text is further to the left, and the camera moved forward-left.\nF: The black bag with white text is closer, the black leather couch is further to the left, and the camera moved forward-right.\nBefore choosing, briefly state the relevant facts and verify every clause of the selected option against all evidence available during solving. For any depth observations, smaller values mean closer; do not retain an earlier visual guess after receiving stronger evidence. Please show your choice in the answer field with only the choice letter, e.g., {""answer"": ""C""}.', 'split': 'bench'}"
SpatialCLI-Train,"[{'role': 'user', 'content': '<image><image>\nExamine the first image and find the glass bottle with yellow liquid and the red and metal ashtray. Identify which of these two objects is located further to the left. Compared to the other object, is this leftmost object closer to or further from the camera, and in what direction did the camera translate to capture the second image?\nOptions:\nA: Closer to the camera; the camera translated backward-right.\nB: Closer to the camera; the camera translated forward-right.\nC: Further from the camera; the camera translated forward-right.\nD: Closer to the camera; the camera translated forward-left.\nE: Further from the camera; the camera translated forward-left.\nF: Further from the camera; the camera translated backward-right.\nBefore choosing, briefly state the relevant facts and verify every clause of the selected option against all evidence available during solving. For any depth observations, smaller values mean closer; do not retain an earlier visual guess after receiving stronger evidence. Please show your choice in the answer field with only the choice letter, e.g., {""answer"": ""C""}.'}]",SpatialCLI-Train,"{'ground_truth': 'C', 'style': 'rule'}","{'index': 19, 'record_id': 'mindcube-bench-c5e2915692409b93', 'source_dataset': 'mindcube', 'source_type': 'MindCubeBench', 'answer': 'C', 'required_capabilities': 'GDP', 'difficulty_bucket': 'easy', 'num_images': 2, 'num_options': 6, 'question': 'Examine the first image and find the glass bottle with yellow liquid and the red and metal ashtray. Identify which of these two objects is located further to the left. Compared to the other object, is this leftmost object closer to or further from the camera, and in what direction did the camera translate to capture the second image?\nOptions:\nA: Closer to the camera; the camera translated backward-right.\nB: Closer to the camera; the camera translated forward-right.\nC: Further from the camera; the camera translated forward-right.\nD: Closer to the camera; the camera translated forward-left.\nE: Further from the camera; the camera translated forward-left.\nF: Further from the camera; the camera translated backward-right.\nBefore choosing, briefly state the relevant facts and verify every clause of the selected option against all evidence available during solving. For any depth observations, smaller values mean closer; do not retain an earlier visual guess after receiving stronger evidence. Please show your choice in the answer field with only the choice letter, e.g., {""answer"": ""C""}.', 'split': 'bench'}"
SpatialCLI-Train,"[{'role': 'user', 'content': '<image>\nConsidering the grey cap and the child in the yellow skirt, which object is closer to the camera, which is located further to the right in the image, and which side of the child is visible?\nOptions:\nA: The grey cap is closer, the child is further to the right, and the child\'s left side is visible.\nB: The child is closer, the grey cap is further to the right, and the child\'s left side is visible.\nC: The child is closer, the grey cap is further to the right, and the child\'s right side is visible.\nD: The child is closer, the child is further to the right, and the child\'s left side is visible.\nE: The grey cap is closer, the grey cap is further to the right, and the child\'s right side is visible.\nF: The grey cap is closer, the grey cap is further to the right, and the child\'s left side is visible.\nBefore choosing, briefly state the relevant facts and verify every clause of the selected option against all evidence available during solving. For any depth observations, smaller values mean closer; do not retain an earlier visual guess after receiving stronger evidence. Please show your choice in the answer field with only the choice letter, e.g., {""answer"": ""C""}.'}]",SpatialCLI-Train,"{'ground_truth': 'F', 'style': 'rule'}","{'index': 20, 'record_id': 'refspatial-2D-reasoning_template_qa-72ed0d1315fbfd96', 'source_dataset': 'refspatial', 'source_type': '2D/reasoning_template_qa', 'answer': 'F', 'required_capabilities': 'GDP', 'difficulty_bucket': 'medium', 'num_images': 1, 'num_options': 6, 'question': 'Considering the grey cap and the child in the yellow skirt, which object is closer to the camera, which is located further to the right in the image, and which side of the child is visible?\nOptions:\nA: The grey cap is closer, the child is further to the right, and the child\'s left side is visible.\nB: The child is closer, the grey cap is further to the right, and the child\'s left side is visible.\nC: The child is closer, the grey cap is further to the right, and the child\'s right side is visible.\nD: The child is closer, the child is further to the right, and the child\'s left side is visible.\nE: The grey cap is closer, the grey cap is further to the right, and the child\'s right side is visible.\nF: The grey cap is closer, the grey cap is further to the right, and the child\'s left side is visible.\nBefore choosing, briefly state the relevant facts and verify every clause of the selected option against all evidence available during solving. For any depth observations, smaller values mean closer; do not retain an earlier visual guess after receiving stronger evidence. Please show your choice in the answer field with only the choice letter, e.g., {""answer"": ""C""}.', 'split': 'bench'}"
SpatialCLI-Train,"[{'role': 'user', 'content': '<image><image>\nBased on the first image, which object is situated lower in the frame: the silver lever door handle or the wooden knife block? Additionally, in what direction does the camera\'s position translate when transitioning from the first image to the second image?\nOptions:\nA: The silver lever door handle is lower; the camera translates backward-right.\nB: The wooden knife block is lower; the camera translates forward-right.\nC: The wooden knife block is lower; the camera translates forward-left.\nD: The silver lever door handle is lower; the camera translates forward-right.\nE: The wooden knife block is lower; the camera translates backward-right.\nF: The silver lever door handle is lower; the camera translates forward-left.\nBefore choosing, briefly state the relevant facts and verify every clause of the selected option against all evidence available during solving. For any depth observations, smaller values mean closer; do not retain an earlier visual guess after receiving stronger evidence. Please show your choice in the answer field with only the choice letter, e.g., {""answer"": ""C""}.'}]",SpatialCLI-Train,"{'ground_truth': 'D', 'style': 'rule'}","{'index': 21, 'record_id': 'refspatial-3D-multi_view_qa-0d8cbfb7326269bf', 'source_dataset': 'refspatial', 'source_type': '3D/multi_view_qa', 'answer': 'D', 'required_capabilities': 'GP', 'difficulty_bucket': 'hard', 'num_images': 2, 'num_options': 6, 'question': 'Based on the first image, which object is situated lower in the frame: the silver lever door handle or the wooden knife block? Additionally, in what direction does the camera\'s position translate when transitioning from the first image to the second image?\nOptions:\nA: The silver lever door handle is lower; the camera translates backward-right.\nB: The wooden knife block is lower; the camera translates forward-right.\nC: The wooden knife block is lower; the camera translates forward-left.\nD: The silver lever door handle is lower; the camera translates forward-right.\nE: The wooden knife block is lower; the camera translates backward-right.\nF: The silver lever door handle is lower; the camera translates forward-left.\nBefore choosing, briefly state the relevant facts and verify every clause of the selected option against all evidence available during solving. For any depth observations, smaller values mean closer; do not retain an earlier visual guess after receiving stronger evidence. Please show your choice in the answer field with only the choice letter, e.g., {""answer"": ""C""}.', 'split': 'bench'}"
SpatialCLI-Train,"[{'role': 'user', 'content': '<image><image>\nIn the first image, which object is positioned closer to the bottom edge of the frame, and what is the camera\'s translation direction from the first image to the second image?\nOptions:\nA: The blue toy jet; forward-left\nB: The white pill-shaped case; forward-left\nC: The blue toy jet; backward-left\nD: The white pill-shaped case; backward-left\nE: The white pill-shaped case; forward-right\nF: The blue toy jet; forward-right\nBefore choosing, briefly state the relevant facts and verify every clause of the selected option against all evidence available during solving. For any depth observations, smaller values mean closer; do not retain an earlier visual guess after receiving stronger evidence. Please show your choice in the answer field with only the choice letter, e.g., {""answer"": ""C""}.'}]",SpatialCLI-Train,"{'ground_truth': 'E', 'style': 'rule'}","{'index': 22, 'record_id': 'mindcube-bench-7654b677b7773656', 'source_dataset': 'mindcube', 'source_type': 'MindCubeBench', 'answer': 'E', 'required_capabilities': 'GP', 'difficulty_bucket': 'easy', 'num_images': 2, 'num_options': 6, 'question': 'In the first image, which object is positioned closer to the bottom edge of the frame, and what is the camera\'s translation direction from the first image to the second image?\nOptions:\nA: The blue toy jet; forward-left\nB: The white pill-shaped case; forward-left\nC: The blue toy jet; backward-left\nD: The white pill-shaped case; backward-left\nE: The white pill-shaped case; forward-right\nF: The blue toy jet; forward-right\nBefore choosing, briefly state the relevant facts and verify every clause of the selected option against all evidence available during solving. For any depth observations, smaller values mean closer; do not retain an earlier visual guess after receiving stronger evidence. Please show your choice in the answer field with only the choice letter, e.g., {""answer"": ""C""}.', 'split': 'bench'}"
SpatialCLI-Train,"[{'role': 'user', 'content': '<image>\nBetween the digital camera and the white desk lamp, which object is located lower in the image, is it closer to or further from the viewer than the other object, and which side of this lower object is visible?\nOptions:\nA: The white desk lamp is lower, further from the viewer, and its right side is visible.\nB: The digital camera is lower, closer to the viewer, and its left side is visible.\nC: The white desk lamp is lower, closer to the viewer, and its right side is visible.\nD: The digital camera is lower, further from the viewer, and its right side is visible.\nE: The digital camera is lower, closer to the viewer, and its right side is visible.\nF: The white desk lamp is lower, further from the viewer, and its left side is visible.\nBefore choosing, briefly state the relevant facts and verify every clause of the selected option against all evidence available during solving. For any depth observations, smaller values mean closer; do not retain an earlier visual guess after receiving stronger evidence. Please show your choice in the answer field with only the choice letter, e.g., {""answer"": ""C""}.'}]",SpatialCLI-Train,"{'ground_truth': 'E', 'style': 'rule'}","{'index': 23, 'record_id': 'bopask-trajectory-2ce5066210702513', 'source_dataset': 'bopask', 'source_type': 'Trajectory', 'answer': 'E', 'required_capabilities': 'GDP', 'difficulty_bucket': 'easy', 'num_images': 1, 'num_options': 6, 'question': 'Between the digital camera and the white desk lamp, which object is located lower in the image, is it closer to or further from the viewer than the other object, and which side of this lower object is visible?\nOptions:\nA: The white desk lamp is lower, further from the viewer, and its right side is visible.\nB: The digital camera is lower, closer to the viewer, and its left side is visible.\nC: The white desk lamp is lower, closer to the viewer, and its right side is visible.\nD: The digital camera is lower, further from the viewer, and its right side is visible.\nE: The digital camera is lower, closer to the viewer, and its right side is visible.\nF: The white desk lamp is lower, further from the viewer, and its left side is visible.\nBefore choosing, briefly state the relevant facts and verify every clause of the selected option against all evidence available during solving. For any depth observations, smaller values mean closer; do not retain an earlier visual guess after receiving stronger evidence. Please show your choice in the answer field with only the choice letter, e.g., {""answer"": ""C""}.', 'split': 'bench'}"
SpatialCLI-Train,"[{'role': 'user', 'content': '<image><image>\nBased on the first image, which object is closer to the camera: the toothbrush or the yellow balloon with a drawn face? Additionally, between the first and second images, what are the directions of the camera\'s translation and view rotation?\nOptions:\nA: The yellow balloon is closer; the camera translated forward-right and rotated its view to the right.\nB: The yellow balloon is closer; the camera translated forward-left and rotated its view to the left.\nC: The toothbrush is closer; the camera translated forward-right and rotated its view to the right.\nD: The yellow balloon is closer; the camera translated backward-right and rotated its view to the left.\nE: The toothbrush is closer; the camera translated forward-left and rotated its view to the left.\nF: The toothbrush is closer; the camera translated backward-right and rotated its view to the left.\nBefore choosing, briefly state the relevant facts and verify every clause of the selected option against all evidence available during solving. For any depth observations, smaller values mean closer; do not retain an earlier visual guess after receiving stronger evidence. Please show your choice in the answer field with only the choice letter, e.g., {""answer"": ""C""}.'}]",SpatialCLI-Train,"{'ground_truth': 'E', 'style': 'rule'}","{'index': 24, 'record_id': 'mindcube-bench-256ef6dc01b25ccd', 'source_dataset': 'mindcube', 'source_type': 'MindCubeBench', 'answer': 'E', 'required_capabilities': 'DP', 'difficulty_bucket': 'hard', 'num_images': 2, 'num_options': 6, 'question': 'Based on the first image, which object is closer to the camera: the toothbrush or the yellow balloon with a drawn face? Additionally, between the first and second images, what are the directions of the camera\'s translation and view rotation?\nOptions:\nA: The yellow balloon is closer; the camera translated forward-right and rotated its view to the right.\nB: The yellow balloon is closer; the camera translated forward-left and rotated its view to the left.\nC: The toothbrush is closer; the camera translated forward-right and rotated its view to the right.\nD: The yellow balloon is closer; the camera translated backward-right and rotated its view to the left.\nE: The toothbrush is closer; the camera translated forward-left and rotated its view to the left.\nF: The toothbrush is closer; the camera translated backward-right and rotated its view to the left.\nBefore choosing, briefly state the relevant facts and verify every clause of the selected option against all evidence available during solving. For any depth observations, smaller values mean closer; do not retain an earlier visual guess after receiving stronger evidence. Please show your choice in the answer field with only the choice letter, e.g., {""answer"": ""C""}.', 'split': 'bench'}"
SpatialCLI-Train,"[{'role': 'user', 'content': '<image>\nBetween the straw hat and the black horn gramophone on the table, which object is positioned lower in the image, and which one is closer to the camera?\nOptions:\nA: Both objects appear at the same vertical height in the image, but the black horn gramophone is closer to the camera.\nB: The black horn gramophone is positioned lower in the image and is closer to the camera.\nC: The black horn gramophone is positioned lower in the image, but the straw hat is closer to the camera.\nD: The straw hat is positioned lower in the image and is closer to the camera.\nE: Both objects appear at the same vertical height in the image, but the straw hat is closer to the camera.\nF: The straw hat is positioned lower in the image, but the black horn gramophone is closer to the camera.\nBefore choosing, briefly state the relevant facts and verify every clause of the selected option against all evidence available during solving. For any depth observations, smaller values mean closer; do not retain an earlier visual guess after receiving stronger evidence. Please show your choice in the answer field with only the choice letter, e.g., {""answer"": ""C""}.'}]",SpatialCLI-Train,"{'ground_truth': 'D', 'style': 'rule'}","{'index': 25, 'record_id': 'refspatial-Simulator-metadata-6f8a589a115dd76a', 'source_dataset': 'refspatial', 'source_type': 'Simulator/metadata', 'answer': 'D', 'required_capabilities': 'GD', 'difficulty_bucket': 'medium', 'num_images': 1, 'num_options': 6, 'question': 'Between the straw hat and the black horn gramophone on the table, which object is positioned lower in the image, and which one is closer to the camera?\nOptions:\nA: Both objects appear at the same vertical height in the image, but the black horn gramophone is closer to the camera.\nB: The black horn gramophone is positioned lower in the image and is closer to the camera.\nC: The black horn gramophone is positioned lower in the image, but the straw hat is closer to the camera.\nD: The straw hat is positioned lower in the image and is closer to the camera.\nE: Both objects appear at the same vertical height in the image, but the straw hat is closer to the camera.\nF: The straw hat is positioned lower in the image, but the black horn gramophone is closer to the camera.\nBefore choosing, briefly state the relevant facts and verify every clause of the selected option against all evidence available during solving. For any depth observations, smaller values mean closer; do not retain an earlier visual guess after receiving stronger evidence. Please show your choice in the answer field with only the choice letter, e.g., {""answer"": ""C""}.', 'split': 'bench'}"
SpatialCLI-Train,"[{'role': 'user', 'content': '<image>\nBased on their axis-aligned 2D bounding boxes in the image, how do the vertical extents (y-coordinate ranges) of the tall wooden block and the pink animal figurine compare, and which object is closer to the camera?\nOptions:\nA: The vertical extents of their bounding boxes partially overlap without either enclosing the other, and the block is closer to the camera.\nB: The vertical extent of the block\'s bounding box completely encloses the vertical extent of the figurine\'s bounding box, and the figurine is closer to the camera.\nC: The vertical extent of the figurine\'s bounding box completely encloses the vertical extent of the block\'s bounding box, and the block is closer to the camera.\nD: The vertical extents of their bounding boxes partially overlap without either enclosing the other, and the figurine is closer to the camera.\nE: The vertical extent of the figurine\'s bounding box completely encloses the vertical extent of the block\'s bounding box, and the figurine is closer to the camera.\nF: The vertical extent of the block\'s bounding box completely encloses the vertical extent of the figurine\'s bounding box, and the block is closer to the camera.\nBefore choosing, briefly state the relevant facts and verify every clause of the selected option against all evidence available during solving. For any depth observations, smaller values mean closer; do not retain an earlier visual guess after receiving stronger evidence. Please show your choice in the answer field with only the choice letter, e.g., {""answer"": ""C""}.'}]",SpatialCLI-Train,"{'ground_truth': 'B', 'style': 'rule'}","{'index': 26, 'record_id': 'bopask-object-rearrangement-d0c08b8c706fdf96', 'source_dataset': 'bopask', 'source_type': 'Object-Rearrangement', 'answer': 'B', 'required_capabilities': 'GD', 'difficulty_bucket': 'medium', 'num_images': 1, 'num_options': 6, 'question': 'Based on their axis-aligned 2D bounding boxes in the image, how do the vertical extents (y-coordinate ranges) of the tall wooden block and the pink animal figurine compare, and which object is closer to the camera?\nOptions:\nA: The vertical extents of their bounding boxes partially overlap without either enclosing the other, and the block is closer to the camera.\nB: The vertical extent of the block\'s bounding box completely encloses the vertical extent of the figurine\'s bounding box, and the figurine is closer to the camera.\nC: The vertical extent of the figurine\'s bounding box completely encloses the vertical extent of the block\'s bounding box, and the block is closer to the camera.\nD: The vertical extents of their bounding boxes partially overlap without either enclosing the other, and the figurine is closer to the camera.\nE: The vertical extent of the figurine\'s bounding box completely encloses the vertical extent of the block\'s bounding box, and the figurine is closer to the camera.\nF: The vertical extent of the block\'s bounding box completely encloses the vertical extent of the figurine\'s bounding box, and the block is closer to the camera.\nBefore choosing, briefly state the relevant facts and verify every clause of the selected option against all evidence available during solving. For any depth observations, smaller values mean closer; do not retain an earlier visual guess after receiving stronger evidence. Please show your choice in the answer field with only the choice letter, e.g., {""answer"": ""C""}.', 'split': 'bench'}"
SpatialCLI-Train,"[{'role': 'user', 'content': '<image>\nConsider the orange soda can and the blue teapot. Which statement accurately describes the 2D position of the soda can relative to the teapot in the image, and which of the two objects is closer to the camera?\nOptions:\nA: The soda can is to the right of the teapot, and the teapot is closer to the camera.\nB: The soda can is to the left of the teapot, and the teapot is closer to the camera.\nC: The soda can is to the right of the teapot, and the soda can is closer to the camera.\nD: The soda can is to the left of the teapot, and the soda can is closer to the camera.\nE: The soda can is directly above the teapot, and the teapot is closer to the camera.\nF: The soda can is directly below the teapot, and the soda can is closer to the camera.\nBefore choosing, briefly state the relevant facts and verify every clause of the selected option against all evidence available during solving. For any depth observations, smaller values mean closer; do not retain an earlier visual guess after receiving stronger evidence. Please show your choice in the answer field with only the choice letter, e.g., {""answer"": ""C""}.'}]",SpatialCLI-Train,"{'ground_truth': 'A', 'style': 'rule'}","{'index': 27, 'record_id': 'bopask-trajectory-b13aee5e143676a1', 'source_dataset': 'bopask', 'source_type': 'Trajectory', 'answer': 'A', 'required_capabilities': 'GD', 'difficulty_bucket': 'medium', 'num_images': 1, 'num_options': 6, 'question': 'Consider the orange soda can and the blue teapot. Which statement accurately describes the 2D position of the soda can relative to the teapot in the image, and which of the two objects is closer to the camera?\nOptions:\nA: The soda can is to the right of the teapot, and the teapot is closer to the camera.\nB: The soda can is to the left of the teapot, and the teapot is closer to the camera.\nC: The soda can is to the right of the teapot, and the soda can is closer to the camera.\nD: The soda can is to the left of the teapot, and the soda can is closer to the camera.\nE: The soda can is directly above the teapot, and the teapot is closer to the camera.\nF: The soda can is directly below the teapot, and the soda can is closer to the camera.\nBefore choosing, briefly state the relevant facts and verify every clause of the selected option against all evidence available during solving. For any depth observations, smaller values mean closer; do not retain an earlier visual guess after receiving stronger evidence. Please show your choice in the answer field with only the choice letter, e.g., {""answer"": ""C""}.', 'split': 'bench'}"
SpatialCLI-Train,"[{'role': 'user', 'content': '<image>\nRegarding the person wearing a blue coat and the person wearing a purple textured jacket, how are they positioned horizontally relative to each other, and which side of each person is visible to the camera?\nOptions:\nA: The person in the blue coat is to the right of the person in the purple jacket, and the front side of both people is visible.\nB: The person in the blue coat is to the left of the person in the purple jacket, and the front side of the person in the blue coat and the back side of the person in the purple jacket are visible.\nC: The person in the blue coat is to the left of the person in the purple jacket, and the back side of the person in the blue coat and the front side of the person in the purple jacket are visible.\nD: The person in the blue coat is to the right of the person in the purple jacket, and the back side of both people is visible.\nE: The person in the blue coat is to the left of the person in the purple jacket, and the front side of both people is visible.\nF: The person in the blue coat is to the right of the person in the purple jacket, and the front side of the person in the blue coat and the back side of the person in the purple jacket are visible.\nBefore choosing, briefly state the relevant facts and verify every clause of the selected option against all evidence available during solving. For any depth observations, smaller values mean closer; do not retain an earlier visual guess after receiving stronger evidence. Please show your choice in the answer field with only the choice letter, e.g., {""answer"": ""C""}.'}]",SpatialCLI-Train,"{'ground_truth': 'E', 'style': 'rule'}","{'index': 28, 'record_id': 'refspatial-2D-reasoning_template_qa-f322356a6a168ed1', 'source_dataset': 'refspatial', 'source_type': '2D/reasoning_template_qa', 'answer': 'E', 'required_capabilities': 'GP', 'difficulty_bucket': 'hard', 'num_images': 1, 'num_options': 6, 'question': 'Regarding the person wearing a blue coat and the person wearing a purple textured jacket, how are they positioned horizontally relative to each other, and which side of each person is visible to the camera?\nOptions:\nA: The person in the blue coat is to the right of the person in the purple jacket, and the front side of both people is visible.\nB: The person in the blue coat is to the left of the person in the purple jacket, and the front side of the person in the blue coat and the back side of the person in the purple jacket are visible.\nC: The person in the blue coat is to the left of the person in the purple jacket, and the back side of the person in the blue coat and the front side of the person in the purple jacket are visible.\nD: The person in the blue coat is to the right of the person in the purple jacket, and the back side of both people is visible.\nE: The person in the blue coat is to the left of the person in the purple jacket, and the front side of both people is visible.\nF: The person in the blue coat is to the right of the person in the purple jacket, and the front side of the person in the blue coat and the back side of the person in the purple jacket are visible.\nBefore choosing, briefly state the relevant facts and verify every clause of the selected option against all evidence available during solving. For any depth observations, smaller values mean closer; do not retain an earlier visual guess after receiving stronger evidence. Please show your choice in the answer field with only the choice letter, e.g., {""answer"": ""C""}.', 'split': 'bench'}"
SpatialCLI-Train,"[{'role': 'user', 'content': '<image><image>\nIn the first image, consider the silver door handle and the white radiator mounted below the counter. Which object is further to the right, which object is closer to the camera, and what is the camera\'s translation direction from the first to the second image?\nOptions:\nA: The white radiator is further to the right, the silver door handle is closer to the camera, and the camera translates forward-left-down.\nB: The silver door handle is further to the right, the silver door handle is closer to the camera, and the camera translates backward-right-up.\nC: The white radiator is further to the right, the white radiator is closer to the camera, and the camera translates backward-right-up.\nD: The silver door handle is further to the right, the white radiator is closer to the camera, and the camera translates backward-right-up.\nE: The silver door handle is further to the right, the white radiator is closer to the camera, and the camera translates forward-left-down.\nF: The silver door handle is further to the right, the silver door handle is closer to the camera, and the camera translates forward-left-down.\nBefore choosing, briefly state the relevant facts and verify every clause of the selected option against all evidence available during solving. For any depth observations, smaller values mean closer; do not retain an earlier visual guess after receiving stronger evidence. Please show your choice in the answer field with only the choice letter, e.g., {""answer"": ""C""}.'}]",SpatialCLI-Train,"{'ground_truth': 'F', 'style': 'rule'}","{'index': 29, 'record_id': 'refspatial-3D-multi_view_qa-a8b2eff416da69e2', 'source_dataset': 'refspatial', 'source_type': '3D/multi_view_qa', 'answer': 'F', 'required_capabilities': 'GDP', 'difficulty_bucket': 'medium', 'num_images': 2, 'num_options': 6, 'question': 'In the first image, consider the silver door handle and the white radiator mounted below the counter. Which object is further to the right, which object is closer to the camera, and what is the camera\'s translation direction from the first to the second image?\nOptions:\nA: The white radiator is further to the right, the silver door handle is closer to the camera, and the camera translates forward-left-down.\nB: The silver door handle is further to the right, the silver door handle is closer to the camera, and the camera translates backward-right-up.\nC: The white radiator is further to the right, the white radiator is closer to the camera, and the camera translates backward-right-up.\nD: The silver door handle is further to the right, the white radiator is closer to the camera, and the camera translates backward-right-up.\nE: The silver door handle is further to the right, the white radiator is closer to the camera, and the camera translates forward-left-down.\nF: The silver door handle is further to the right, the silver door handle is closer to the camera, and the camera translates forward-left-down.\nBefore choosing, briefly state the relevant facts and verify every clause of the selected option against all evidence available during solving. For any depth observations, smaller values mean closer; do not retain an earlier visual guess after receiving stronger evidence. Please show your choice in the answer field with only the choice letter, e.g., {""answer"": ""C""}.', 'split': 'bench'}"
SpatialCLI-Train,"[{'role': 'user', 'content': '<image><image>\nBased on the first image, which object is closer to the camera: the black office chair or the brown and red paper bag? Additionally, between the first and second images, in which direction does the camera rotate its view?\nOptions:\nA: The paper bag is closer; the camera rotates down\nB: The black office chair is closer; the camera rotates right\nC: The black office chair is closer; the camera rotates left\nD: The paper bag is closer; the camera rotates right\nE: The black office chair is closer; the camera rotates down\nF: The paper bag is closer; the camera rotates left\nBefore choosing, briefly state the relevant facts and verify every clause of the selected option against all evidence available during solving. For any depth observations, smaller values mean closer; do not retain an earlier visual guess after receiving stronger evidence. Please show your choice in the answer field with only the choice letter, e.g., {""answer"": ""C""}.'}]",SpatialCLI-Train,"{'ground_truth': 'D', 'style': 'rule'}","{'index': 30, 'record_id': 'mindcube-bench-7fd8ef9634b3959a', 'source_dataset': 'mindcube', 'source_type': 'MindCubeBench', 'answer': 'D', 'required_capabilities': 'DP', 'difficulty_bucket': 'medium', 'num_images': 2, 'num_options': 6, 'question': 'Based on the first image, which object is closer to the camera: the black office chair or the brown and red paper bag? Additionally, between the first and second images, in which direction does the camera rotate its view?\nOptions:\nA: The paper bag is closer; the camera rotates down\nB: The black office chair is closer; the camera rotates right\nC: The black office chair is closer; the camera rotates left\nD: The paper bag is closer; the camera rotates right\nE: The black office chair is closer; the camera rotates down\nF: The paper bag is closer; the camera rotates left\nBefore choosing, briefly state the relevant facts and verify every clause of the selected option against all evidence available during solving. For any depth observations, smaller values mean closer; do not retain an earlier visual guess after receiving stronger evidence. Please show your choice in the answer field with only the choice letter, e.g., {""answer"": ""C""}.', 'split': 'bench'}"
SpatialCLI-Train,"[{'role': 'user', 'content': '<image><image>\nIn the first image, between the small white bottle and the blue tube with an orange cap, which object is located further to the right? Additionally, what is the camera\'s translation direction from the first image to the second?\nOptions:\nA: The blue tube with an orange cap; forward-left\nB: The small white bottle; backward-left\nC: The blue tube with an orange cap; backward-left\nD: The blue tube with an orange cap; forward-right\nE: The small white bottle; forward-left\nF: The small white bottle; forward-right\nBefore choosing, briefly state the relevant facts and verify every clause of the selected option against all evidence available during solving. For any depth observations, smaller values mean closer; do not retain an earlier visual guess after receiving stronger evidence. Please show your choice in the answer field with only the choice letter, e.g., {""answer"": ""C""}.'}]",SpatialCLI-Train,"{'ground_truth': 'A', 'style': 'rule'}","{'index': 31, 'record_id': 'mindcube-bench-ac89344c31339455', 'source_dataset': 'mindcube', 'source_type': 'MindCubeBench', 'answer': 'A', 'required_capabilities': 'GP', 'difficulty_bucket': 'medium', 'num_images': 2, 'num_options': 6, 'question': 'In the first image, between the small white bottle and the blue tube with an orange cap, which object is located further to the right? Additionally, what is the camera\'s translation direction from the first image to the second?\nOptions:\nA: The blue tube with an orange cap; forward-left\nB: The small white bottle; backward-left\nC: The blue tube with an orange cap; backward-left\nD: The blue tube with an orange cap; forward-right\nE: The small white bottle; forward-left\nF: The small white bottle; forward-right\nBefore choosing, briefly state the relevant facts and verify every clause of the selected option against all evidence available during solving. For any depth observations, smaller values mean closer; do not retain an earlier visual guess after receiving stronger evidence. Please show your choice in the answer field with only the choice letter, e.g., {""answer"": ""C""}.', 'split': 'bench'}"
SpatialCLI-Train,"[{'role': 'user', 'content': '<image><image>\nBased on the first image, what is the horizontal position of the blue toothpaste tube relative to the toy helicopter, and in which direction did the camera translate to capture the second image?\nOptions:\nA: To the left of the helicopter; the camera moved forward-right.\nB: To the right of the helicopter; the camera moved backward-left.\nC: To the right of the helicopter; the camera moved forward-left.\nD: To the left of the helicopter; the camera moved forward-left.\nE: To the right of the helicopter; the camera moved forward-right.\nF: To the left of the helicopter; the camera moved backward-left.\nBefore choosing, briefly state the relevant facts and verify every clause of the selected option against all evidence available during solving. For any depth observations, smaller values mean closer; do not retain an earlier visual guess after receiving stronger evidence. Please show your choice in the answer field with only the choice letter, e.g., {""answer"": ""C""}.'}]",SpatialCLI-Train,"{'ground_truth': 'C', 'style': 'rule'}","{'index': 32, 'record_id': 'mindcube-bench-80016f6aeb8c0f4e', 'source_dataset': 'mindcube', 'source_type': 'MindCubeBench', 'answer': 'C', 'required_capabilities': 'GP', 'difficulty_bucket': 'medium', 'num_images': 2, 'num_options': 6, 'question': 'Based on the first image, what is the horizontal position of the blue toothpaste tube relative to the toy helicopter, and in which direction did the camera translate to capture the second image?\nOptions:\nA: To the left of the helicopter; the camera moved forward-right.\nB: To the right of the helicopter; the camera moved backward-left.\nC: To the right of the helicopter; the camera moved forward-left.\nD: To the left of the helicopter; the camera moved forward-left.\nE: To the right of the helicopter; the camera moved forward-right.\nF: To the left of the helicopter; the camera moved backward-left.\nBefore choosing, briefly state the relevant facts and verify every clause of the selected option against all evidence available during solving. For any depth observations, smaller values mean closer; do not retain an earlier visual guess after receiving stronger evidence. Please show your choice in the answer field with only the choice letter, e.g., {""answer"": ""C""}.', 'split': 'bench'}"
SpatialCLI-Train,"[{'role': 'user', 'content': '<image>\nBetween the orange power drill and the blue box labeled POPCORN, which object is located closer to the top edge of the image, and which side of that object is visible?\nOptions:\nA: The orange power drill is closer to the top edge, and its front side is visible\nB: The blue box labeled POPCORN is closer to the top edge, and its right side is visible\nC: The orange power drill is closer to the top edge, and its right side is visible\nD: The orange power drill is closer to the top edge, and its left side is visible\nE: The blue box labeled POPCORN is closer to the top edge, and its front side is visible\nF: The blue box labeled POPCORN is closer to the top edge, and its left side is visible\nBefore choosing, briefly state the relevant facts and verify every clause of the selected option against all evidence available during solving. For any depth observations, smaller values mean closer; do not retain an earlier visual guess after receiving stronger evidence. Please show your choice in the answer field with only the choice letter, e.g., {""answer"": ""C""}.'}]",SpatialCLI-Train,"{'ground_truth': 'F', 'style': 'rule'}","{'index': 33, 'record_id': 'bopask-trajectory-d068c26e7cde7d02', 'source_dataset': 'bopask', 'source_type': 'Trajectory', 'answer': 'F', 'required_capabilities': 'GP', 'difficulty_bucket': 'medium', 'num_images': 1, 'num_options': 6, 'question': 'Between the orange power drill and the blue box labeled POPCORN, which object is located closer to the top edge of the image, and which side of that object is visible?\nOptions:\nA: The orange power drill is closer to the top edge, and its front side is visible\nB: The blue box labeled POPCORN is closer to the top edge, and its right side is visible\nC: The orange power drill is closer to the top edge, and its right side is visible\nD: The orange power drill is closer to the top edge, and its left side is visible\nE: The blue box labeled POPCORN is closer to the top edge, and its front side is visible\nF: The blue box labeled POPCORN is closer to the top edge, and its left side is visible\nBefore choosing, briefly state the relevant facts and verify every clause of the selected option against all evidence available during solving. For any depth observations, smaller values mean closer; do not retain an earlier visual guess after receiving stronger evidence. Please show your choice in the answer field with only the choice letter, e.g., {""answer"": ""C""}.', 'split': 'bench'}"
SpatialCLI-Train,"[{'role': 'user', 'content': '<image><image>\nFocus on the two bins visible in the first image. What type of symbol is displayed on the bin located further to the left, and what is the direction of the camera\'s translation from the first image to the second image?\nOptions:\nA: A recycling symbol; backward-left\nB: A recycling symbol; forward-left\nC: A residual waste symbol; forward-left\nD: A recycling symbol; forward-right\nE: A residual waste symbol; forward-right\nF: A residual waste symbol; backward-left\nBefore choosing, briefly state the relevant facts and verify every clause of the selected option against all evidence available during solving. For any depth observations, smaller values mean closer; do not retain an earlier visual guess after receiving stronger evidence. Please show your choice in the answer field with only the choice letter, e.g., {""answer"": ""C""}.'}]",SpatialCLI-Train,"{'ground_truth': 'B', 'style': 'rule'}","{'index': 34, 'record_id': 'mindcube-bench-5087d97cce4ae01e', 'source_dataset': 'mindcube', 'source_type': 'MindCubeBench', 'answer': 'B', 'required_capabilities': 'GP', 'difficulty_bucket': 'medium', 'num_images': 2, 'num_options': 6, 'question': 'Focus on the two bins visible in the first image. What type of symbol is displayed on the bin located further to the left, and what is the direction of the camera\'s translation from the first image to the second image?\nOptions:\nA: A recycling symbol; backward-left\nB: A recycling symbol; forward-left\nC: A residual waste symbol; forward-left\nD: A recycling symbol; forward-right\nE: A residual waste symbol; forward-right\nF: A residual waste symbol; backward-left\nBefore choosing, briefly state the relevant facts and verify every clause of the selected option against all evidence available during solving. For any depth observations, smaller values mean closer; do not retain an earlier visual guess after receiving stronger evidence. Please show your choice in the answer field with only the choice letter, e.g., {""answer"": ""C""}.', 'split': 'bench'}"
SpatialCLI-Train,"[{'role': 'user', 'content': '<image><image>\nBetween the first and second images, what is the reported position direction of the camera\'s motion, and in the first image, which object\'s bounding box extends further to the right?\nOptions:\nA: The camera moves backward-left, and the white trash can with a label extends further to the right\nB: The camera moves backward-right, and the white wall-mounted toilet extends further to the right\nC: The camera moves forward-right, and the white wall-mounted toilet extends further to the right\nD: The camera moves backward-left, and the white wall-mounted toilet extends further to the right\nE: The camera moves backward-right, and the white trash can with a label extends further to the right\nF: The camera moves forward-right, and the white trash can with a label extends further to the right\nBefore choosing, briefly state the relevant facts and verify every clause of the selected option against all evidence available during solving. For any depth observations, smaller values mean closer; do not retain an earlier visual guess after receiving stronger evidence. Please show your choice in the answer field with only the choice letter, e.g., {""answer"": ""C""}.'}]",SpatialCLI-Train,"{'ground_truth': 'E', 'style': 'rule'}","{'index': 35, 'record_id': 'refspatial-3D-multi_view_qa-edf57da65e15cded', 'source_dataset': 'refspatial', 'source_type': '3D/multi_view_qa', 'answer': 'E', 'required_capabilities': 'GP', 'difficulty_bucket': 'medium', 'num_images': 2, 'num_options': 6, 'question': 'Between the first and second images, what is the reported position direction of the camera\'s motion, and in the first image, which object\'s bounding box extends further to the right?\nOptions:\nA: The camera moves backward-left, and the white trash can with a label extends further to the right\nB: The camera moves backward-right, and the white wall-mounted toilet extends further to the right\nC: The camera moves forward-right, and the white wall-mounted toilet extends further to the right\nD: The camera moves backward-left, and the white wall-mounted toilet extends further to the right\nE: The camera moves backward-right, and the white trash can with a label extends further to the right\nF: The camera moves forward-right, and the white trash can with a label extends further to the right\nBefore choosing, briefly state the relevant facts and verify every clause of the selected option against all evidence available during solving. For any depth observations, smaller values mean closer; do not retain an earlier visual guess after receiving stronger evidence. Please show your choice in the answer field with only the choice letter, e.g., {""answer"": ""C""}.', 'split': 'bench'}"
SpatialCLI-Train,"[{'role': 'user', 'content': '<image><image>\nConsider the orange toy airplane and the tube of toothpaste in the first image. Which of these objects occupies a wider horizontal span (has a greater bounding box width), and in which direction did the camera view rotate between the first and second images?\nOptions:\nA: The orange toy airplane; the camera view rotated down.\nB: The orange toy airplane; the camera view rotated left.\nC: The tube of toothpaste; the camera view rotated down.\nD: The orange toy airplane; the camera view rotated right.\nE: The tube of toothpaste; the camera view rotated left.\nF: The tube of toothpaste; the camera view rotated right.\nBefore choosing, briefly state the relevant facts and verify every clause of the selected option against all evidence available during solving. For any depth observations, smaller values mean closer; do not retain an earlier visual guess after receiving stronger evidence. Please show your choice in the answer field with only the choice letter, e.g., {""answer"": ""C""}.'}]",SpatialCLI-Train,"{'ground_truth': 'D', 'style': 'rule'}","{'index': 36, 'record_id': 'mindcube-bench-0574bf4fe52ccd89', 'source_dataset': 'mindcube', 'source_type': 'MindCubeBench', 'answer': 'D', 'required_capabilities': 'GP', 'difficulty_bucket': 'medium', 'num_images': 2, 'num_options': 6, 'question': 'Consider the orange toy airplane and the tube of toothpaste in the first image. Which of these objects occupies a wider horizontal span (has a greater bounding box width), and in which direction did the camera view rotate between the first and second images?\nOptions:\nA: The orange toy airplane; the camera view rotated down.\nB: The orange toy airplane; the camera view rotated left.\nC: The tube of toothpaste; the camera view rotated down.\nD: The orange toy airplane; the camera view rotated right.\nE: The tube of toothpaste; the camera view rotated left.\nF: The tube of toothpaste; the camera view rotated right.\nBefore choosing, briefly state the relevant facts and verify every clause of the selected option against all evidence available during solving. For any depth observations, smaller values mean closer; do not retain an earlier visual guess after receiving stronger evidence. Please show your choice in the answer field with only the choice letter, e.g., {""answer"": ""C""}.', 'split': 'bench'}"
SpatialCLI-Train,"[{'role': 'user', 'content': '<image><image>\nIn the first image, does the beige headboard cushion on the left side of the bed appear above or below the green ball in the 2D image plane? Furthermore, what are the camera\'s translation direction and view rotation from the first image to the second?\nOptions:\nA: The cushion is above the green ball; the camera moved forward-left and rotated left.\nB: The cushion is below the green ball; the camera moved forward-left and rotated left.\nC: The cushion is below the green ball; the camera moved forward-left and rotated right.\nD: The cushion is above the green ball; the camera moved backward-left and rotated right.\nE: The cushion is above the green ball; the camera moved forward-left and rotated right.\nF: The cushion is above the green ball; the camera moved backward-left and rotated left.\nBefore choosing, briefly state the relevant facts and verify every clause of the selected option against all evidence available during solving. For any depth observations, smaller values mean closer; do not retain an earlier visual guess after receiving stronger evidence. Please show your choice in the answer field with only the choice letter, e.g., {""answer"": ""C""}.'}]",SpatialCLI-Train,"{'ground_truth': 'A', 'style': 'rule'}","{'index': 37, 'record_id': 'mindcube-bench-6e5b4a071f858ea6', 'source_dataset': 'mindcube', 'source_type': 'MindCubeBench', 'answer': 'A', 'required_capabilities': 'GP', 'difficulty_bucket': 'medium', 'num_images': 2, 'num_options': 6, 'question': 'In the first image, does the beige headboard cushion on the left side of the bed appear above or below the green ball in the 2D image plane? Furthermore, what are the camera\'s translation direction and view rotation from the first image to the second?\nOptions:\nA: The cushion is above the green ball; the camera moved forward-left and rotated left.\nB: The cushion is below the green ball; the camera moved forward-left and rotated left.\nC: The cushion is below the green ball; the camera moved forward-left and rotated right.\nD: The cushion is above the green ball; the camera moved backward-left and rotated right.\nE: The cushion is above the green ball; the camera moved forward-left and rotated right.\nF: The cushion is above the green ball; the camera moved backward-left and rotated left.\nBefore choosing, briefly state the relevant facts and verify every clause of the selected option against all evidence available during solving. For any depth observations, smaller values mean closer; do not retain an earlier visual guess after receiving stronger evidence. Please show your choice in the answer field with only the choice letter, e.g., {""answer"": ""C""}.', 'split': 'bench'}"
SpatialCLI-Train,"[{'role': 'user', 'content': '<image>\nBetween the white toilet and the metallic trash can, which object is closer to the camera, which is further to the right, and which is lower in the image?\nOptions:\nA: Closer: metallic trash can; Further right: metallic trash can; Lower: white toilet\nB: Closer: white toilet; Further right: white toilet; Lower: metallic trash can\nC: Closer: metallic trash can; Further right: metallic trash can; Lower: metallic trash can\nD: Closer: white toilet; Further right: metallic trash can; Lower: metallic trash can\nE: Closer: white toilet; Further right: metallic trash can; Lower: white toilet\nF: Closer: metallic trash can; Further right: white toilet; Lower: metallic trash can\nBefore choosing, briefly state the relevant facts and verify every clause of the selected option against all evidence available during solving. For any depth observations, smaller values mean closer; do not retain an earlier visual guess after receiving stronger evidence. Please show your choice in the answer field with only the choice letter, e.g., {""answer"": ""C""}.'}]",SpatialCLI-Train,"{'ground_truth': 'D', 'style': 'rule'}","{'index': 38, 'record_id': 'refspatial-3D-reasoning_template_qa-2ab17035c2ca689c', 'source_dataset': 'refspatial', 'source_type': '3D/reasoning_template_qa', 'answer': 'D', 'required_capabilities': 'GD', 'difficulty_bucket': 'medium', 'num_images': 1, 'num_options': 6, 'question': 'Between the white toilet and the metallic trash can, which object is closer to the camera, which is further to the right, and which is lower in the image?\nOptions:\nA: Closer: metallic trash can; Further right: metallic trash can; Lower: white toilet\nB: Closer: white toilet; Further right: white toilet; Lower: metallic trash can\nC: Closer: metallic trash can; Further right: metallic trash can; Lower: metallic trash can\nD: Closer: white toilet; Further right: metallic trash can; Lower: metallic trash can\nE: Closer: white toilet; Further right: metallic trash can; Lower: white toilet\nF: Closer: metallic trash can; Further right: white toilet; Lower: metallic trash can\nBefore choosing, briefly state the relevant facts and verify every clause of the selected option against all evidence available during solving. For any depth observations, smaller values mean closer; do not retain an earlier visual guess after receiving stronger evidence. Please show your choice in the answer field with only the choice letter, e.g., {""answer"": ""C""}.', 'split': 'bench'}"
SpatialCLI-Train,"[{'role': 'user', 'content': '<image>\nConsider the two foreground bar stools with white curved seats. Which statement correctly identifies their visible sides and whether their 2D bounding boxes overlap along the horizontal axis in the image?\nOptions:\nA: One stool shows its front side while the other shows its back side, and their 2D bounding boxes overlap along the horizontal axis.\nB: Both stools show their back sides, and their 2D bounding boxes do not overlap along the horizontal axis.\nC: Both stools show their front sides, and their 2D bounding boxes do not overlap along the horizontal axis.\nD: Both stools show their front sides, and their 2D bounding boxes overlap along the horizontal axis.\nE: Both stools show their back sides, and their 2D bounding boxes overlap along the horizontal axis.\nF: One stool shows its front side while the other shows its back side, and their 2D bounding boxes do not overlap along the horizontal axis.\nBefore choosing, briefly state the relevant facts and verify every clause of the selected option against all evidence available during solving. For any depth observations, smaller values mean closer; do not retain an earlier visual guess after receiving stronger evidence. Please show your choice in the answer field with only the choice letter, e.g., {""answer"": ""C""}.'}]",SpatialCLI-Train,"{'ground_truth': 'D', 'style': 'rule'}","{'index': 39, 'record_id': 'refspatial-3D-reasoning_template_qa-76b5b69c0a0b9e26', 'source_dataset': 'refspatial', 'source_type': '3D/reasoning_template_qa', 'answer': 'D', 'required_capabilities': 'GP', 'difficulty_bucket': 'medium', 'num_images': 1, 'num_options': 6, 'question': 'Consider the two foreground bar stools with white curved seats. Which statement correctly identifies their visible sides and whether their 2D bounding boxes overlap along the horizontal axis in the image?\nOptions:\nA: One stool shows its front side while the other shows its back side, and their 2D bounding boxes overlap along the horizontal axis.\nB: Both stools show their back sides, and their 2D bounding boxes do not overlap along the horizontal axis.\nC: Both stools show their front sides, and their 2D bounding boxes do not overlap along the horizontal axis.\nD: Both stools show their front sides, and their 2D bounding boxes overlap along the horizontal axis.\nE: Both stools show their back sides, and their 2D bounding boxes overlap along the horizontal axis.\nF: One stool shows its front side while the other shows its back side, and their 2D bounding boxes do not overlap along the horizontal axis.\nBefore choosing, briefly state the relevant facts and verify every clause of the selected option against all evidence available during solving. For any depth observations, smaller values mean closer; do not retain an earlier visual guess after receiving stronger evidence. Please show your choice in the answer field with only the choice letter, e.g., {""answer"": ""C""}.', 'split': 'bench'}"
SpatialCLI-Train,"[{'role': 'user', 'content': '<image><image>\nBased on the first image, which is closer to the camera: the framed picture of a rooster or the white toilet with the open bowl? Additionally, what is the camera\'s translation direction from the first image to the second?\nOptions:\nA: The framed picture is closer; the camera moves forward-left.\nB: The framed picture is closer; the camera moves backward-left.\nC: The framed picture is closer; the camera moves forward-right.\nD: The white toilet is closer; the camera moves forward-right.\nE: The white toilet is closer; the camera moves forward-left.\nF: The white toilet is closer; the camera moves backward-left.\nBefore choosing, briefly state the relevant facts and verify every clause of the selected option against all evidence available during solving. For any depth observations, smaller values mean closer; do not retain an earlier visual guess after receiving stronger evidence. Please show your choice in the answer field with only the choice letter, e.g., {""answer"": ""C""}.'}]",SpatialCLI-Train,"{'ground_truth': 'A', 'style': 'rule'}","{'index': 40, 'record_id': 'refspatial-3D-multi_view_qa-378924e120885e62', 'source_dataset': 'refspatial', 'source_type': '3D/multi_view_qa', 'answer': 'A', 'required_capabilities': 'DP', 'difficulty_bucket': 'medium', 'num_images': 2, 'num_options': 6, 'question': 'Based on the first image, which is closer to the camera: the framed picture of a rooster or the white toilet with the open bowl? Additionally, what is the camera\'s translation direction from the first image to the second?\nOptions:\nA: The framed picture is closer; the camera moves forward-left.\nB: The framed picture is closer; the camera moves backward-left.\nC: The framed picture is closer; the camera moves forward-right.\nD: The white toilet is closer; the camera moves forward-right.\nE: The white toilet is closer; the camera moves forward-left.\nF: The white toilet is closer; the camera moves backward-left.\nBefore choosing, briefly state the relevant facts and verify every clause of the selected option against all evidence available during solving. For any depth observations, smaller values mean closer; do not retain an earlier visual guess after receiving stronger evidence. Please show your choice in the answer field with only the choice letter, e.g., {""answer"": ""C""}.', 'split': 'bench'}"
SpatialCLI-Train,"[{'role': 'user', 'content': '<image>\nComparing the silver door handle and the white six-panel door, which statement correctly describes the handle\'s position?\nOptions:\nA: It appears on the left side of the visible door and is closer to the camera than the door\'s center.\nB: It appears in the upper half of the visible door and is further from the camera than the door\'s center.\nC: It appears on the right side of the visible door and is further from the camera than the door\'s center.\nD: It appears in the upper half of the visible door and is closer to the camera than the door\'s center.\nE: It appears on the left side of the visible door and is further from the camera than the door\'s center.\nF: It appears on the right side of the visible door and is closer to the camera than the door\'s center.\nBefore choosing, briefly state the relevant facts and verify every clause of the selected option against all evidence available during solving. For any depth observations, smaller values mean closer; do not retain an earlier visual guess after receiving stronger evidence. Please show your choice in the answer field with only the choice letter, e.g., {""answer"": ""C""}.'}]",SpatialCLI-Train,"{'ground_truth': 'F', 'style': 'rule'}","{'index': 41, 'record_id': 'refspatial-3D-choice_qa-25d11b48b579d234', 'source_dataset': 'refspatial', 'source_type': '3D/choice_qa', 'answer': 'F', 'required_capabilities': 'GD', 'difficulty_bucket': 'easy', 'num_images': 1, 'num_options': 6, 'question': 'Comparing the silver door handle and the white six-panel door, which statement correctly describes the handle\'s position?\nOptions:\nA: It appears on the left side of the visible door and is closer to the camera than the door\'s center.\nB: It appears in the upper half of the visible door and is further from the camera than the door\'s center.\nC: It appears on the right side of the visible door and is further from the camera than the door\'s center.\nD: It appears in the upper half of the visible door and is closer to the camera than the door\'s center.\nE: It appears on the left side of the visible door and is further from the camera than the door\'s center.\nF: It appears on the right side of the visible door and is closer to the camera than the door\'s center.\nBefore choosing, briefly state the relevant facts and verify every clause of the selected option against all evidence available during solving. For any depth observations, smaller values mean closer; do not retain an earlier visual guess after receiving stronger evidence. Please show your choice in the answer field with only the choice letter, e.g., {""answer"": ""C""}.', 'split': 'bench'}"
SpatialCLI-Train,"[{'role': 'user', 'content': '<image>\nConsider the yellow woven basket, the blue iron, and the yellow rubber duck. Which object is closest to the camera, and which of these three is positioned furthest to the right in the image?\nOptions:\nA: The yellow rubber duck is closest, and the blue iron is furthest to the right.\nB: The yellow rubber duck is closest, and the yellow woven basket is furthest to the right.\nC: The blue iron is closest, and the yellow woven basket is furthest to the right.\nD: The yellow woven basket is closest, and the yellow rubber duck is furthest to the right.\nE: The yellow woven basket is closest, and the blue iron is furthest to the right.\nF: The blue iron is closest, and the yellow rubber duck is furthest to the right.\nBefore choosing, briefly state the relevant facts and verify every clause of the selected option against all evidence available during solving. For any depth observations, smaller values mean closer; do not retain an earlier visual guess after receiving stronger evidence. Please show your choice in the answer field with only the choice letter, e.g., {""answer"": ""C""}.'}]",SpatialCLI-Train,"{'ground_truth': 'F', 'style': 'rule'}","{'index': 42, 'record_id': 'bopask-trajectory-1ec4afc801822af9', 'source_dataset': 'bopask', 'source_type': 'Trajectory', 'answer': 'F', 'required_capabilities': 'GD', 'difficulty_bucket': 'medium', 'num_images': 1, 'num_options': 6, 'question': 'Consider the yellow woven basket, the blue iron, and the yellow rubber duck. Which object is closest to the camera, and which of these three is positioned furthest to the right in the image?\nOptions:\nA: The yellow rubber duck is closest, and the blue iron is furthest to the right.\nB: The yellow rubber duck is closest, and the yellow woven basket is furthest to the right.\nC: The blue iron is closest, and the yellow woven basket is furthest to the right.\nD: The yellow woven basket is closest, and the yellow rubber duck is furthest to the right.\nE: The yellow woven basket is closest, and the blue iron is furthest to the right.\nF: The blue iron is closest, and the yellow rubber duck is furthest to the right.\nBefore choosing, briefly state the relevant facts and verify every clause of the selected option against all evidence available during solving. For any depth observations, smaller values mean closer; do not retain an earlier visual guess after receiving stronger evidence. Please show your choice in the answer field with only the choice letter, e.g., {""answer"": ""C""}.', 'split': 'bench'}"
SpatialCLI-Train,"[{'role': 'user', 'content': '<image>\nBetween the black hat with a red band and the metallic gold goblet, which object is closer to the camera, and which side of the black hat is visible?\nOptions:\nA: The gold goblet is closer, and the back side of the black hat is visible.\nB: The gold goblet is closer, and the front side of the black hat is visible.\nC: The black hat is closer, and the back side of the black hat is visible.\nD: The gold goblet is closer, and the left side of the black hat is visible.\nE: The black hat is closer, and the front side of the black hat is visible.\nF: The black hat is closer, and the right side of the black hat is visible.\nBefore choosing, briefly state the relevant facts and verify every clause of the selected option against all evidence available during solving. For any depth observations, smaller values mean closer; do not retain an earlier visual guess after receiving stronger evidence. Please show your choice in the answer field with only the choice letter, e.g., {""answer"": ""C""}.'}]",SpatialCLI-Train,"{'ground_truth': 'B', 'style': 'rule'}","{'index': 43, 'record_id': 'refspatial-Simulator-metadata-b3bc06a56a4b2c03', 'source_dataset': 'refspatial', 'source_type': 'Simulator/metadata', 'answer': 'B', 'required_capabilities': 'DP', 'difficulty_bucket': 'easy', 'num_images': 1, 'num_options': 6, 'question': 'Between the black hat with a red band and the metallic gold goblet, which object is closer to the camera, and which side of the black hat is visible?\nOptions:\nA: The gold goblet is closer, and the back side of the black hat is visible.\nB: The gold goblet is closer, and the front side of the black hat is visible.\nC: The black hat is closer, and the back side of the black hat is visible.\nD: The gold goblet is closer, and the left side of the black hat is visible.\nE: The black hat is closer, and the front side of the black hat is visible.\nF: The black hat is closer, and the right side of the black hat is visible.\nBefore choosing, briefly state the relevant facts and verify every clause of the selected option against all evidence available during solving. For any depth observations, smaller values mean closer; do not retain an earlier visual guess after receiving stronger evidence. Please show your choice in the answer field with only the choice letter, e.g., {""answer"": ""C""}.', 'split': 'bench'}"
SpatialCLI-Train,"[{'role': 'user', 'content': '<image><image>\nBased on the first image, between the white bottle with a green cap and the small dog figurine, which object is closer to the camera? Does this closer object appear further left (having a smaller minimum x-coordinate) than the other object in the image? Lastly, when transitioning from the first image to the second, what is the direction of the camera\'s translation?\nOptions:\nA: The white bottle is closer; no, it appears further right; the camera moved forward-left.\nB: The small dog figurine is closer; no, it appears further right; the camera moved forward-left.\nC: The small dog figurine is closer; no, it appears further right; the camera moved backward-right.\nD: The small dog figurine is closer; yes, it appears further left; the camera moved backward-right.\nE: The white bottle is closer; yes, it appears further left; the camera moved backward-right.\nF: The white bottle is closer; yes, it appears further left; the camera moved forward-left.\nBefore choosing, briefly state the relevant facts and verify every clause of the selected option against all evidence available during solving. For any depth observations, smaller values mean closer; do not retain an earlier visual guess after receiving stronger evidence. Please show your choice in the answer field with only the choice letter, e.g., {""answer"": ""C""}.'}]",SpatialCLI-Train,"{'ground_truth': 'F', 'style': 'rule'}","{'index': 44, 'record_id': 'mindcube-bench-5c13e5293bb83e66', 'source_dataset': 'mindcube', 'source_type': 'MindCubeBench', 'answer': 'F', 'required_capabilities': 'GDP', 'difficulty_bucket': 'hard', 'num_images': 2, 'num_options': 6, 'question': 'Based on the first image, between the white bottle with a green cap and the small dog figurine, which object is closer to the camera? Does this closer object appear further left (having a smaller minimum x-coordinate) than the other object in the image? Lastly, when transitioning from the first image to the second, what is the direction of the camera\'s translation?\nOptions:\nA: The white bottle is closer; no, it appears further right; the camera moved forward-left.\nB: The small dog figurine is closer; no, it appears further right; the camera moved forward-left.\nC: The small dog figurine is closer; no, it appears further right; the camera moved backward-right.\nD: The small dog figurine is closer; yes, it appears further left; the camera moved backward-right.\nE: The white bottle is closer; yes, it appears further left; the camera moved backward-right.\nF: The white bottle is closer; yes, it appears further left; the camera moved forward-left.\nBefore choosing, briefly state the relevant facts and verify every clause of the selected option against all evidence available during solving. For any depth observations, smaller values mean closer; do not retain an earlier visual guess after receiving stronger evidence. Please show your choice in the answer field with only the choice letter, e.g., {""answer"": ""C""}.', 'split': 'bench'}"
SpatialCLI-Train,"[{'role': 'user', 'content': '<image>\nComparing the man in the blue polo shirt and the man in the striped polo shirt, which one is closer to the camera, and what is his position in the image relative to the other man?\nOptions:\nA: The man in the blue polo shirt is closer, and he is located below and to the left of the man in the striped polo shirt.\nB: The man in the blue polo shirt is closer, and he is located above and to the left of the man in the striped polo shirt.\nC: The man in the striped polo shirt is closer, and he is located below and to the right of the man in the blue polo shirt.\nD: The man in the striped polo shirt is closer, and he is located above and to the right of the man in the blue polo shirt.\nE: The man in the blue polo shirt is closer, and he is located below and to the right of the man in the striped polo shirt.\nF: The man in the striped polo shirt is closer, and he is located above and to the left of the man in the blue polo shirt.\nBefore choosing, briefly state the relevant facts and verify every clause of the selected option against all evidence available during solving. For any depth observations, smaller values mean closer; do not retain an earlier visual guess after receiving stronger evidence. Please show your choice in the answer field with only the choice letter, e.g., {""answer"": ""C""}.'}]",SpatialCLI-Train,"{'ground_truth': 'A', 'style': 'rule'}","{'index': 45, 'record_id': 'refspatial-2D-reasoning_template_qa-0952e41ce9a31bdb', 'source_dataset': 'refspatial', 'source_type': '2D/reasoning_template_qa', 'answer': 'A', 'required_capabilities': 'GD', 'difficulty_bucket': 'medium', 'num_images': 1, 'num_options': 6, 'question': 'Comparing the man in the blue polo shirt and the man in the striped polo shirt, which one is closer to the camera, and what is his position in the image relative to the other man?\nOptions:\nA: The man in the blue polo shirt is closer, and he is located below and to the left of the man in the striped polo shirt.\nB: The man in the blue polo shirt is closer, and he is located above and to the left of the man in the striped polo shirt.\nC: The man in the striped polo shirt is closer, and he is located below and to the right of the man in the blue polo shirt.\nD: The man in the striped polo shirt is closer, and he is located above and to the right of the man in the blue polo shirt.\nE: The man in the blue polo shirt is closer, and he is located below and to the right of the man in the striped polo shirt.\nF: The man in the striped polo shirt is closer, and he is located above and to the left of the man in the blue polo shirt.\nBefore choosing, briefly state the relevant facts and verify every clause of the selected option against all evidence available during solving. For any depth observations, smaller values mean closer; do not retain an earlier visual guess after receiving stronger evidence. Please show your choice in the answer field with only the choice letter, e.g., {""answer"": ""C""}.', 'split': 'bench'}"
SpatialCLI-Train,"[{'role': 'user', 'content': '<image><image>\nBased on the first image, is the grey trash can to the left or right of the dark blue bicycle, and which is closer to the camera? Additionally, how did the camera move between the first and second images?\nOptions:\nA: The trash can is to the left of the bicycle and is farther from the camera; the camera moved forward-left and rotated left.\nB: The trash can is to the left of the bicycle and is closer to the camera; the camera moved forward-left and rotated left.\nC: The trash can is to the right of the bicycle and is farther from the camera; the camera moved backward-right and rotated right.\nD: The trash can is to the right of the bicycle and is closer to the camera; the camera moved forward-left and rotated left.\nE: The trash can is to the right of the bicycle and is farther from the camera; the camera moved forward-left and rotated left.\nF: The trash can is to the left of the bicycle and is closer to the camera; the camera moved backward-right and rotated right.\nBefore choosing, briefly state the relevant facts and verify every clause of the selected option against all evidence available during solving. For any depth observations, smaller values mean closer; do not retain an earlier visual guess after receiving stronger evidence. Please show your choice in the answer field with only the choice letter, e.g., {""answer"": ""C""}.'}]",SpatialCLI-Train,"{'ground_truth': 'B', 'style': 'rule'}","{'index': 46, 'record_id': 'mindcube-bench-75c7ccb33a541933', 'source_dataset': 'mindcube', 'source_type': 'MindCubeBench', 'answer': 'B', 'required_capabilities': 'GDP', 'difficulty_bucket': 'medium', 'num_images': 2, 'num_options': 6, 'question': 'Based on the first image, is the grey trash can to the left or right of the dark blue bicycle, and which is closer to the camera? Additionally, how did the camera move between the first and second images?\nOptions:\nA: The trash can is to the left of the bicycle and is farther from the camera; the camera moved forward-left and rotated left.\nB: The trash can is to the left of the bicycle and is closer to the camera; the camera moved forward-left and rotated left.\nC: The trash can is to the right of the bicycle and is farther from the camera; the camera moved backward-right and rotated right.\nD: The trash can is to the right of the bicycle and is closer to the camera; the camera moved forward-left and rotated left.\nE: The trash can is to the right of the bicycle and is farther from the camera; the camera moved forward-left and rotated left.\nF: The trash can is to the left of the bicycle and is closer to the camera; the camera moved backward-right and rotated right.\nBefore choosing, briefly state the relevant facts and verify every clause of the selected option against all evidence available during solving. For any depth observations, smaller values mean closer; do not retain an earlier visual guess after receiving stronger evidence. Please show your choice in the answer field with only the choice letter, e.g., {""answer"": ""C""}.', 'split': 'bench'}"
SpatialCLI-Train,"[{'role': 'user', 'content': '<image>\nConsider the clear plastic pitcher and the bright green bag or cushion. Which object is closer to the camera, and which one extends higher in the image?\nOptions:\nA: The bright green bag or cushion is closer to the camera, and both objects extend to the same height in the image.\nB: The clear plastic pitcher is closer to the camera, but the bright green bag or cushion extends higher in the image.\nC: The clear plastic pitcher is closer to the camera, and both objects extend to the same height in the image.\nD: The bright green bag or cushion is closer to the camera, and it also extends higher in the image.\nE: The bright green bag or cushion is closer to the camera, but the clear plastic pitcher extends higher in the image.\nF: The clear plastic pitcher is closer to the camera, and it also extends higher in the image.\nBefore choosing, briefly state the relevant facts and verify every clause of the selected option against all evidence available during solving. For any depth observations, smaller values mean closer; do not retain an earlier visual guess after receiving stronger evidence. Please show your choice in the answer field with only the choice letter, e.g., {""answer"": ""C""}.'}]",SpatialCLI-Train,"{'ground_truth': 'E', 'style': 'rule'}","{'index': 47, 'record_id': 'refspatial-2D-reasoning_template_qa-d2e75ae269da9998', 'source_dataset': 'refspatial', 'source_type': '2D/reasoning_template_qa', 'answer': 'E', 'required_capabilities': 'GD', 'difficulty_bucket': 'medium', 'num_images': 1, 'num_options': 6, 'question': 'Consider the clear plastic pitcher and the bright green bag or cushion. Which object is closer to the camera, and which one extends higher in the image?\nOptions:\nA: The bright green bag or cushion is closer to the camera, and both objects extend to the same height in the image.\nB: The clear plastic pitcher is closer to the camera, but the bright green bag or cushion extends higher in the image.\nC: The clear plastic pitcher is closer to the camera, and both objects extend to the same height in the image.\nD: The bright green bag or cushion is closer to the camera, and it also extends higher in the image.\nE: The bright green bag or cushion is closer to the camera, but the clear plastic pitcher extends higher in the image.\nF: The clear plastic pitcher is closer to the camera, and it also extends higher in the image.\nBefore choosing, briefly state the relevant facts and verify every clause of the selected option against all evidence available during solving. For any depth observations, smaller values mean closer; do not retain an earlier visual guess after receiving stronger evidence. Please show your choice in the answer field with only the choice letter, e.g., {""answer"": ""C""}.', 'split': 'bench'}"
SpatialCLI-Train,"[{'role': 'user', 'content': '<image><image>\nConsider the small bottle with red liquid and the green Sprite bottle in the first image. Which of these two bottles is located further to the right in the frame, and which one is closer to the camera? Additionally, in what direction did the camera translate from the first image to the second image?\nOptions:\nA: The Sprite bottle is further to the right, the bottle with red liquid is closer, and the camera moved backward-left.\nB: The Sprite bottle is further to the right, the bottle with red liquid is closer, and the camera moved forward-left.\nC: The bottle with red liquid is further to the right, the bottle with red liquid is closer, and the camera moved forward-left.\nD: The Sprite bottle is further to the right, the Sprite bottle is closer, and the camera moved forward-left.\nE: The bottle with red liquid is further to the right, the Sprite bottle is closer, and the camera moved forward-left.\nF: The Sprite bottle is further to the right, the Sprite bottle is closer, and the camera moved forward-right.\nBefore choosing, briefly state the relevant facts and verify every clause of the selected option against all evidence available during solving. For any depth observations, smaller values mean closer; do not retain an earlier visual guess after receiving stronger evidence. Please show your choice in the answer field with only the choice letter, e.g., {""answer"": ""C""}.'}]",SpatialCLI-Train,"{'ground_truth': 'D', 'style': 'rule'}","{'index': 48, 'record_id': 'mindcube-bench-642e6683b08cafc4', 'source_dataset': 'mindcube', 'source_type': 'MindCubeBench', 'answer': 'D', 'required_capabilities': 'GDP', 'difficulty_bucket': 'easy', 'num_images': 2, 'num_options': 6, 'question': 'Consider the small bottle with red liquid and the green Sprite bottle in the first image. Which of these two bottles is located further to the right in the frame, and which one is closer to the camera? Additionally, in what direction did the camera translate from the first image to the second image?\nOptions:\nA: The Sprite bottle is further to the right, the bottle with red liquid is closer, and the camera moved backward-left.\nB: The Sprite bottle is further to the right, the bottle with red liquid is closer, and the camera moved forward-left.\nC: The bottle with red liquid is further to the right, the bottle with red liquid is closer, and the camera moved forward-left.\nD: The Sprite bottle is further to the right, the Sprite bottle is closer, and the camera moved forward-left.\nE: The bottle with red liquid is further to the right, the Sprite bottle is closer, and the camera moved forward-left.\nF: The Sprite bottle is further to the right, the Sprite bottle is closer, and the camera moved forward-right.\nBefore choosing, briefly state the relevant facts and verify every clause of the selected option against all evidence available during solving. For any depth observations, smaller values mean closer; do not retain an earlier visual guess after receiving stronger evidence. Please show your choice in the answer field with only the choice letter, e.g., {""answer"": ""C""}.', 'split': 'bench'}"
SpatialCLI-Train,"[{'role': 'user', 'content': '<image><image>\nFocusing on the first image, is the white thermostatic radiator valve positioned to the left or to the right of the white wall radiator, and which of these two objects is closer to the camera? Additionally, what is the direction of the camera\'s translation from the first to the second image?\nOptions:\nA: To the right; the valve is closer; backward-right-down\nB: To the left; the valve is closer; forward-left-up\nC: To the right; the radiator is closer; backward-left-down\nD: To the right; the radiator is closer; forward-right-down\nE: To the right; the radiator is closer; backward-right-down\nF: To the left; the radiator is closer; backward-right-down\nBefore choosing, briefly state the relevant facts and verify every clause of the selected option against all evidence available during solving. For any depth observations, smaller values mean closer; do not retain an earlier visual guess after receiving stronger evidence. Please show your choice in the answer field with only the choice letter, e.g., {""answer"": ""C""}.'}]",SpatialCLI-Train,"{'ground_truth': 'E', 'style': 'rule'}","{'index': 49, 'record_id': 'refspatial-3D-multi_view_qa-cca7cb762a8a0945', 'source_dataset': 'refspatial', 'source_type': '3D/multi_view_qa', 'answer': 'E', 'required_capabilities': 'GDP', 'difficulty_bucket': 'medium', 'num_images': 2, 'num_options': 6, 'question': 'Focusing on the first image, is the white thermostatic radiator valve positioned to the left or to the right of the white wall radiator, and which of these two objects is closer to the camera? Additionally, what is the direction of the camera\'s translation from the first to the second image?\nOptions:\nA: To the right; the valve is closer; backward-right-down\nB: To the left; the valve is closer; forward-left-up\nC: To the right; the radiator is closer; backward-left-down\nD: To the right; the radiator is closer; forward-right-down\nE: To the right; the radiator is closer; backward-right-down\nF: To the left; the radiator is closer; backward-right-down\nBefore choosing, briefly state the relevant facts and verify every clause of the selected option against all evidence available during solving. For any depth observations, smaller values mean closer; do not retain an earlier visual guess after receiving stronger evidence. Please show your choice in the answer field with only the choice letter, e.g., {""answer"": ""C""}.', 'split': 'bench'}"
