{
  "config": {
    "state_dim": 6,
    "action_dim": 3,
    "horizon": 20,
    "n_train": 8000,
    "n_test": 500,
    "seed": 0
  },
  "autoregressive": {
    "model_calls_per_rollout": 20,
    "median_seconds_per_batch": 0.0005710830000680289,
    "effective_seconds_per_batch": 0.02,
    "mse_per_horizon": [
      0.0,
      0.09330302877203567,
      0.3064447001215867,
      0.6238276362258653,
      1.0895110548672506,
      1.7485046487789722,
      2.6598486313228404,
      3.944839590942467,
      5.779417749853329,
      8.494233305990686,
      12.487093646291173,
      18.292113695168222,
      26.52401519422492,
      38.10483340817993,
      53.77325416487947,
      74.62396850245766,
      102.09189004870119,
      137.7009066631485,
      183.3902784131974,
      241.01963404531674,
      311.99102150822483
    ],
    "mean_mse": 58.32090188746024,
    "terminal_mse": 311.99102150822483
  },
  "prefix": {
    "model_calls_per_rollout": 1,
    "median_seconds_per_batch": 0.0016100180000648834,
    "effective_seconds_per_batch": 0.002,
    "mse_per_horizon": [
      0.0,
      0.004538617880959062,
      0.014830595547001427,
      0.0409706712588376,
      0.10923848338661231,
      0.2566222699962526,
      0.5126265559465525,
      0.9150802785312785,
      1.5064976775900962,
      2.365866820507672,
      3.574956499703511,
      5.274611632220373,
      7.7271174252487915,
      11.383250937774383,
      16.714780472528506,
      24.39215881869308,
      35.53562158517585,
      51.517374376829366,
      73.74592688307634,
      104.38029918005886,
      143.87205793686772
    ],
    "mean_mse": 23.040210843753428,
    "terminal_mse": 143.87205793686772
  }
}