source,horizon,slope,ci_low,ci_high
physics,8,0.0047321900,-0.1209706108,0.1260592645
physics,16,0.0035529452,-0.0874143224,0.0921748231
physics,32,-0.0156958502,-0.1205434999,0.0838947080
physics,64,-0.2064513646,-0.2824430517,-0.1230092929
wm,8,-0.0648883409,-0.2038608798,0.0836150830
wm,16,-0.0393536232,-0.1747893934,0.1018832853
wm,32,-0.0244516345,-0.1352373765,0.0972677121
wm,64,-0.0200206449,-0.1069998798,0.0709570459
