{"ttt_T512": {"256-384": 0.865238739702146, "384-512": 0.8907976442481036, "512-640": 0.8840478255099786, "640-768": 0.8212937163796199, "768-896": 0.7878332160904504, "896-1024": 0.7263500184610979}, "delta_T512": {"256-384": 0.8435625004282247, "384-512": 0.8950388112371862, "512-640": 0.8851867022418788, "640-768": 0.8401151782226137, "768-896": 0.8483217537729504, "896-1024": 0.8512365895005299}, "attn_T512": {"256-384": 0.9091732806775316, "384-512": 0.9305475509958129, "512-640": 0.9316770633101426, "640-768": 0.9204500929626742, "768-896": 0.9216087595702989, "896-1024": 0.9223174712092899}, "ttt_T64": {"256-384": 0.6355561888379815, "384-512": 0.48779778768250703, "512-640": -0.004664207333477943, "640-768": -1.687960483548256, "768-896": -1.811771663444147, "896-1024": -2.9386138335819534}}