{
  "released_model": {
    "config_path": "/home/betelgeuse/Documents/paper-scout/workspace/code/weaver-2606.13672/hf_configs/WEAVER/config.yaml",
    "image_size": [
      192,
      320
    ],
    "n_embed": 1536,
    "n_layers": 32,
    "n_heads": 16,
    "n_spatial": 1,
    "diff_forcing": true,
    "use_sprint": true,
    "sprint_drop_ratio": 0.5,
    "n_memory_frames": 6,
    "t_memory": 5,
    "total_params": 928735746,
    "breakdown": {
      "im_encoder": 0,
      "task_encoder": 0,
      "wm": 914936320,
      "rm": 6899713,
      "critic": 6899713
    }
  },
  "tiny_forward": {
    "total_params": 12244354,
    "batch": 1,
    "time_steps": 4,
    "train_time_sec": 0.020316123962402344,
    "losses": {
      "flow/wrist_left": 2.163537,
      "flow/exterior_1_left": 2.171615,
      "flow/states": 1.570435,
      "loss/RM": 0.198744,
      "loss/V": 0.160822,
      "flow/Total Loss": 4.492195,
      "RM loss": 0.198744,
      "Critic Loss": 0.160822,
      "decoder/Total Loss": 0.0,
      "Temporal/Total Loss": 0.0,
      "Total Loss": 4.851761
    }
  },
  "schedules": {
    "released_50nfe_setting": {
      "horizon": 8,
      "val_steps": 16,
      "stagger_width": 1,
      "schedule": "cosine",
      "schedule_shape": [
        24,
        8
      ],
      "nfe": 23,
      "first_row": [
        -4.371138828673793e-08,
        -4.371138828673793e-08,
        -4.371138828673793e-08,
        -4.371138828673793e-08,
        -4.371138828673793e-08,
        -4.371138828673793e-08,
        -4.371138828673793e-08,
        -4.371138828673793e-08
      ],
      "last_row": [
        1.0,
        1.0,
        1.0,
        1.0,
        1.0,
        1.0,
        1.0,
        1.0
      ]
    },
    "released_16nfe_setting": {
      "horizon": 8,
      "val_steps": 16,
      "stagger_width": 1,
      "schedule": "linear",
      "schedule_shape": [
        24,
        8
      ],
      "nfe": 23,
      "first_row": [
        0.0,
        0.0,
        0.0,
        0.0,
        0.0,
        0.0,
        0.0,
        0.0
      ],
      "last_row": [
        1.0,
        1.0,
        1.0,
        1.0,
        1.0,
        1.0,
        1.0,
        1.0
      ]
    },
    "reflow_4nfe_setting": {
      "horizon": 8,
      "val_steps": 4,
      "stagger_width": 0,
      "schedule": "cosine",
      "schedule_shape": [
        5,
        8
      ],
      "nfe": 4,
      "first_row": [
        -4.371138828673793e-08,
        -4.371138828673793e-08,
        -4.371138828673793e-08,
        -4.371138828673793e-08,
        -4.371138828673793e-08,
        -4.371138828673793e-08,
        -4.371138828673793e-08,
        -4.371138828673793e-08
      ],
      "last_row": [
        1.0,
        1.0,
        1.0,
        1.0,
        1.0,
        1.0,
        1.0,
        1.0
      ]
    }
  }
}