{
  "single_trajectory_predictions": {
    "recency": 0.2899212893462077,
    "eafr": 0.986796559843532,
    "eafr+bank": 0.9696620147279735
  },
  "gap_mse": {
    "0": {
      "recency": 0.2827065202101556,
      "eafr": 0.001195604634784253,
      "eafr+bank": 0.0004736866770043567
    },
    "4": {
      "recency": 0.2827065202101556,
      "eafr": 0.001195604634784253,
      "eafr+bank": 0.0004736866770043567
    },
    "8": {
      "recency": 0.2827065202101556,
      "eafr": 0.001195604634784253,
      "eafr+bank": 0.0004736866770043567
    },
    "12": {
      "recency": 0.2827065202101556,
      "eafr": 0.001195604634784253,
      "eafr+bank": 0.0004736866770043567
    },
    "16": {
      "recency": 0.2827065202101556,
      "eafr": 0.001195604634784253,
      "eafr+bank": 0.0004736866770043567
    },
    "20": {
      "recency": 0.2827065202101556,
      "eafr": 0.001195604634784253,
      "eafr+bank": 0.0004736866770043567
    },
    "24": {
      "recency": 0.2827065202101556,
      "eafr": 0.001195604634784253,
      "eafr+bank": 0.0004736866770043567
    },
    "28": {
      "recency": 0.2827065202101556,
      "eafr": 0.001195604634784253,
      "eafr+bank": 0.0004736866770043567
    },
    "32": {
      "recency": 0.2827065202101556,
      "eafr": 0.001195604634784253,
      "eafr+bank": 0.0004736866770043567
    },
    "36": {
      "recency": 0.2827065202101556,
      "eafr": 0.001195604634784253,
      "eafr+bank": 0.0004736866770043567
    },
    "40": {
      "recency": 0.2827065202101556,
      "eafr": 0.001195604634784253,
      "eafr+bank": 0.0004736866770043567
    }
  }
}